handle,label,chain,networkId,realPoints,stepsReturned,serviceCount,firstRealAt,firstRealUsd,lastRealAt,lastRealUsd,spanDays,chainLatestUsd,shareOfHoldings,chainPricedShare,chainReasonInAllChainsAnswer,status,drawable,usablePoints,drawingReason,answerRefused,pointRefusalReasons,trackedSince,basisOfRealPoints,chainsHeldByTrader,failed
unipcs,Unipcs,(all chains),,1,28,28,2026-09-10T16:00:00.000Z,15665318.55,2026-09-10T16:00:00.000Z,15665318.55,0,15665318.55,,,,ready,false,1,too_few_points,,chains_unrebuildable x27,2026-09-10T16:00:00.000Z,sampled x1,3,
unipcs,Unipcs,robinhood,4663,28,28,28,2026-08-14T00:00:00.000Z,602947.54,2026-09-10T16:00:00.000Z,10857235.75,28,10857235.75,0.6931,0.6879,,warming,false,28,short_coverage,,,2026-09-10T16:00:00.000Z,rebuilt x27; sampled x1,3,
unipcs,Unipcs,solana,1399811149,1,1,1,2026-09-10T16:00:00.000Z,4789577.48,2026-09-10T16:00:00.000Z,4789577.48,0,4789577.48,0.3057,0.6341,,warming,false,1,warming,,,2026-09-10T16:00:00.000Z,sampled x1,3,
unipcs,Unipcs,ethereum,1,5,28,28,2026-08-28T00:00:00.000Z,6.07,2026-09-10T16:00:00.000Z,18505.32,14,18505.32,0.0012,0.75,,warming,false,5,short_coverage,,(no reason given) x23,2026-09-10T16:00:00.000Z,rebuilt x4; sampled x1,3,
ogle,ogle,(all chains),,1,28,28,2026-09-10T16:00:00.000Z,8666724.14,2026-09-10T16:00:00.000Z,8666724.14,0,8666724.14,,,,ready,false,1,too_few_points,,chains_unrebuildable x27,2026-09-10T16:00:00.000Z,sampled x1,5,
ogle,ogle,robinhood,4663,28,28,28,2026-08-14T00:00:00.000Z,103491.71,2026-09-10T16:00:00.000Z,8653501.66,28,8653501.66,0.9985,0.8929,,warming,false,28,short_coverage,,,2026-09-10T16:00:00.000Z,rebuilt x27; sampled x1,5,
ogle,ogle,solana,1399811149,1,1,1,2026-09-10T16:00:00.000Z,9300.19,2026-09-10T16:00:00.000Z,9300.19,0,9300.19,0.0011,0.9333,,warming,false,1,warming,,,2026-09-10T16:00:00.000Z,sampled x1,5,
ogle,ogle,bsc,56,6,28,28,2026-09-04T00:00:00.000Z,120.53,2026-09-10T16:00:00.000Z,3919.22,7,3919.22,0.0005,0.8571,,warming,false,6,short_coverage,,(no reason given) x21; no_prices x1,2026-09-10T16:00:00.000Z,rebuilt x5; sampled x1,5,
ogle,ogle,ethereum,1,5,28,28,2026-08-17T00:00:00.000Z,6.04,2026-09-10T16:00:00.000Z,3.08,25,3.08,0.0000,1,,warming,false,5,short_coverage,,(no reason given) x23,2026-09-10T16:00:00.000Z,rebuilt x4; sampled x1,5,
ogle,ogle,base,8453,1,28,28,2026-09-09T00:00:00.000Z,41.63,2026-09-09T00:00:00.000Z,41.63,0,,,0,no_prices,ready,false,1,no_prices,no_prices,(no reason given) x26; no_prices x1,2026-09-10T16:00:00.000Z,rebuilt x1,5,
DumbCrayonEater,DumbCrayonEater,(all chains),,1,28,28,2026-09-10T16:00:00.000Z,7242045.91,2026-09-10T16:00:00.000Z,7242045.91,0,7242045.91,,,,ready,false,1,too_few_points,,chains_unrebuildable x27,2026-09-10T16:00:00.000Z,sampled x1,4,
DumbCrayonEater,DumbCrayonEater,robinhood,4663,28,28,28,2026-08-14T00:00:00.000Z,834686.68,2026-09-10T16:00:00.000Z,6955732.60,28,6955732.60,0.9605,0.8833,,warming,false,28,short_coverage,,,2026-09-10T16:00:00.000Z,rebuilt x27; sampled x1,4,
DumbCrayonEater,DumbCrayonEater,bsc,56,13,28,28,2026-08-19T00:00:00.000Z,265840.37,2026-09-10T16:00:00.000Z,173971.23,23,173971.23,0.0240,0.875,,warming,false,13,short_coverage,,(no reason given) x15,2026-09-10T16:00:00.000Z,rebuilt x12; sampled x1,4,
DumbCrayonEater,DumbCrayonEater,solana,1399811149,1,1,1,2026-09-10T16:00:00.000Z,112300.39,2026-09-10T16:00:00.000Z,112300.39,0,112300.39,0.0155,0.8743,,warming,false,1,warming,,,2026-09-10T16:00:00.000Z,sampled x1,4,
DumbCrayonEater,DumbCrayonEater,ethereum,1,9,28,28,2026-08-20T00:00:00.000Z,15.83,2026-09-10T16:00:00.000Z,41.69,22,41.69,0.0000,0.6667,,warming,false,9,short_coverage,,(no reason given) x19,2026-09-10T16:00:00.000Z,rebuilt x8; sampled x1,4,
pointfarmcap,point farm capital,(all chains),,1,28,28,2026-09-10T16:00:00.000Z,7241774.08,2026-09-10T16:00:00.000Z,7241774.08,0,7241774.08,,,,ready,false,1,too_few_points,,chains_unrebuildable x27,2026-09-10T16:00:00.000Z,sampled x1,3,
pointfarmcap,point farm capital,solana,1399811149,1,1,1,2026-09-10T16:00:00.000Z,7240057.84,2026-09-10T16:00:00.000Z,7240057.84,0,7240057.84,0.9998,0.467,,warming,false,1,warming,,,2026-09-10T16:00:00.000Z,sampled x1,3,
pointfarmcap,point farm capital,robinhood,4663,28,28,28,2026-08-14T00:00:00.000Z,0.98,2026-09-10T16:00:00.000Z,1714.58,28,1714.58,0.0002,1,,warming,false,28,short_coverage,,,2026-09-10T16:00:00.000Z,rebuilt x27; sampled x1,3,
pointfarmcap,point farm capital,bsc,56,8,28,28,2026-08-21T00:00:00.000Z,1.59,2026-09-10T16:00:00.000Z,1.66,21,1.66,0.0000,1,,warming,false,8,short_coverage,,(no reason given) x20,2026-09-10T16:00:00.000Z,rebuilt x7; sampled x1,3,
Salem1299534,Salem,(all chains),,1,28,28,2026-09-10T16:00:00.000Z,5324917.52,2026-09-10T16:00:00.000Z,5324917.52,0,5324917.52,,,,ready,false,1,too_few_points,,chains_unrebuildable x27,2026-09-10T16:00:00.000Z,sampled x1,5,
Salem1299534,Salem,robinhood,4663,28,28,28,2026-08-14T00:00:00.000Z,376826.67,2026-09-10T16:00:00.000Z,5322314.07,28,5322314.07,0.9995,1,,warming,false,28,short_coverage,,,2026-09-10T16:00:00.000Z,rebuilt x27; sampled x1,5,
Salem1299534,Salem,solana,1399811149,1,1,1,2026-09-10T16:00:00.000Z,1683.70,2026-09-10T16:00:00.000Z,1683.70,0,1683.70,0.0003,0.898,,warming,false,1,warming,,,2026-09-10T16:00:00.000Z,sampled x1,5,
Salem1299534,Salem,bsc,56,5,28,28,2026-08-17T00:00:00.000Z,0.02,2026-09-10T16:00:00.000Z,905.94,25,905.94,0.0002,0.5,,warming,false,5,short_coverage,,(no reason given) x18; no_prices x5,2026-09-10T16:00:00.000Z,rebuilt x4; sampled x1,5,
Salem1299534,Salem,base,8453,18,28,28,2026-08-16T00:00:00.000Z,0.07,2026-09-10T16:00:00.000Z,10.37,26,10.37,0.0000,1,,warming,false,18,short_coverage,,(no reason given) x10,2026-09-10T16:00:00.000Z,rebuilt x17; sampled x1,5,
Salem1299534,Salem,ethereum,1,4,28,28,2026-09-01T00:00:00.000Z,1.36,2026-09-10T16:00:00.000Z,3.45,10,3.45,0.0000,1,,warming,false,4,short_coverage,,(no reason given) x23; no_prices x1,2026-09-10T16:00:00.000Z,rebuilt x3; sampled x1,5,
theveeman,Vee,(all chains),,1,28,28,2026-09-10T16:00:00.000Z,4871751.62,2026-09-10T16:00:00.000Z,4871751.62,0,4871751.62,,,,ready,false,1,too_few_points,,chains_unrebuildable x27,2026-09-10T16:00:00.000Z,sampled x1,5,
theveeman,Vee,solana,1399811149,1,1,1,2026-09-10T16:00:00.000Z,3445931.75,2026-09-10T16:00:00.000Z,3445931.75,0,3445931.75,0.7073,0.8281,,warming,false,1,warming,,,2026-09-10T16:00:00.000Z,sampled x1,5,
theveeman,Vee,robinhood,4663,28,28,28,2026-08-14T00:00:00.000Z,196376.27,2026-09-10T16:00:00.000Z,1073463.65,28,1073463.65,0.2203,1,,warming,false,28,short_coverage,,,2026-09-10T16:00:00.000Z,rebuilt x27; sampled x1,5,
theveeman,Vee,bsc,56,15,28,28,2026-08-21T00:00:00.000Z,51.16,2026-09-10T16:00:00.000Z,254376.64,21,254376.64,0.0522,0.8889,,warming,false,15,short_coverage,,(no reason given) x11; no_prices x2,2026-09-10T16:00:00.000Z,rebuilt x14; sampled x1,5,
theveeman,Vee,base,8453,13,28,28,2026-08-25T00:00:00.000Z,2986.02,2026-09-10T16:00:00.000Z,97973.19,17,97973.19,0.0201,0.75,,warming,false,13,short_coverage,,(no reason given) x15,2026-09-10T16:00:00.000Z,rebuilt x12; sampled x1,5,
theveeman,Vee,ethereum,1,7,28,28,2026-08-19T00:00:00.000Z,10.07,2026-09-10T16:00:00.000Z,6.39,23,6.39,0.0000,1,,warming,false,7,short_coverage,,(no reason given) x21,2026-09-10T16:00:00.000Z,rebuilt x6; sampled x1,5,
AvgJoesCrypto,AJC,(all chains),,1,28,28,2026-09-10T16:00:00.000Z,4433892.49,2026-09-10T16:00:00.000Z,4433892.49,0,4433892.49,,,,ready,false,1,too_few_points,,chains_unrebuildable x27,2026-09-10T16:00:00.000Z,sampled x1,5,
AvgJoesCrypto,AJC,robinhood,4663,28,28,28,2026-08-14T00:00:00.000Z,303528.95,2026-09-10T16:00:00.000Z,4169849.35,28,4169849.35,0.9404,0.9792,,warming,false,28,short_coverage,,,2026-09-10T16:00:00.000Z,rebuilt x27; sampled x1,5,
AvgJoesCrypto,AJC,solana,1399811149,1,1,1,2026-09-10T16:00:00.000Z,205997.06,2026-09-10T16:00:00.000Z,205997.06,0,205997.06,0.0465,0.8679,,warming,false,1,warming,,,2026-09-10T16:00:00.000Z,sampled x1,5,
AvgJoesCrypto,AJC,ethereum,1,12,28,28,2026-08-20T00:00:00.000Z,25639.94,2026-09-10T16:00:00.000Z,58004.89,22,58004.89,0.0131,1,,warming,false,12,short_coverage,,(no reason given) x16,2026-09-10T16:00:00.000Z,rebuilt x11; sampled x1,5,
AvgJoesCrypto,AJC,bsc,56,3,28,28,2026-09-04T00:00:00.000Z,0.62,2026-09-10T16:00:00.000Z,28.97,7,28.97,0.0000,1,,warming,false,3,short_coverage,,(no reason given) x24; no_prices x1,2026-09-10T16:00:00.000Z,rebuilt x2; sampled x1,5,
AvgJoesCrypto,AJC,base,8453,8,28,28,2026-08-22T00:00:00.000Z,2440.55,2026-09-10T16:00:00.000Z,12.21,20,12.21,0.0000,0.6,,warming,false,8,short_coverage,,(no reason given) x17; no_prices x3,2026-09-10T16:00:00.000Z,rebuilt x7; sampled x1,5,
0xAvast,Avast,(all chains),,1,28,28,2026-09-10T16:00:00.000Z,4421292.74,2026-09-10T16:00:00.000Z,4421292.74,0,4421292.74,,,,ready,false,1,too_few_points,,chains_unrebuildable x27,2026-09-10T14:00:00.000Z,sampled x1,5,
0xAvast,Avast,bsc,56,23,28,28,2026-08-16T00:00:00.000Z,1417.68,2026-09-10T16:00:00.000Z,2768755.63,26,2768755.63,0.6262,1,,warming,false,23,short_coverage,,(no reason given) x4; no_prices x1,2026-09-10T14:00:00.000Z,rebuilt x22; sampled x1,5,
0xAvast,Avast,robinhood,4663,28,28,28,2026-08-14T00:00:00.000Z,945853.88,2026-09-10T16:00:00.000Z,1518328.05,28,1518328.05,0.3434,1,,warming,false,28,short_coverage,,,2026-09-10T14:00:00.000Z,rebuilt x27; sampled x1,5,
0xAvast,Avast,solana,1399811149,1,1,1,2026-09-10T16:00:00.000Z,134196.00,2026-09-10T16:00:00.000Z,134196.00,0,134196.00,0.0304,0.893,,warming,false,1,warming,,,2026-09-10T14:00:00.000Z,sampled x1,5,
0xAvast,Avast,base,8453,3,28,28,2026-09-03T00:00:00.000Z,9.46,2026-09-10T16:00:00.000Z,10.37,8,10.37,0.0000,1,,warming,false,3,short_coverage,,(no reason given) x25,2026-09-10T14:00:00.000Z,rebuilt x2; sampled x1,5,
0xAvast,Avast,ethereum,1,4,28,28,2026-08-21T00:00:00.000Z,14.39,2026-09-10T16:00:00.000Z,2.68,21,2.68,0.0000,1,,warming,false,4,short_coverage,,(no reason given) x24,2026-09-10T14:00:00.000Z,rebuilt x3; sampled x1,5,
Natan_benish,Nate,(all chains),,1,28,28,2026-09-10T16:00:00.000Z,4347095.57,2026-09-10T16:00:00.000Z,4347095.57,0,4347095.57,,,,ready,false,1,too_few_points,,chains_unrebuildable x27,2026-09-10T16:00:00.000Z,sampled x1,4,
Natan_benish,Nate,robinhood,4663,28,28,28,2026-08-14T00:00:00.000Z,358325.38,2026-09-10T16:00:00.000Z,4337031.52,28,4337031.52,0.9977,0.881,,warming,false,28,short_coverage,,,2026-09-10T16:00:00.000Z,rebuilt x27; sampled x1,4,
Natan_benish,Nate,solana,1399811149,1,1,1,2026-09-10T16:00:00.000Z,10048.18,2026-09-10T16:00:00.000Z,10048.18,0,10048.18,0.0023,0.8732,,warming,false,1,warming,,,2026-09-10T16:00:00.000Z,sampled x1,4,
Natan_benish,Nate,ethereum,1,7,28,28,2026-08-21T00:00:00.000Z,6.04,2026-09-10T16:00:00.000Z,15.64,21,15.64,0.0000,1,,warming,false,7,short_coverage,,(no reason given) x21,2026-09-10T16:00:00.000Z,rebuilt x6; sampled x1,4,
Natan_benish,Nate,bsc,56,4,28,28,2026-09-04T00:00:00.000Z,0.62,2026-09-10T16:00:00.000Z,0.23,7,0.23,0.0000,1,,warming,false,4,short_coverage,,(no reason given) x24,2026-09-10T16:00:00.000Z,rebuilt x3; sampled x1,4,
Chubbi230,230,(all chains),,1,28,28,2026-09-10T16:00:00.000Z,3914143.45,2026-09-10T16:00:00.000Z,3914143.45,0,3914143.45,,,,ready,false,1,too_few_points,,chains_unrebuildable x27,2026-09-10T16:00:00.000Z,sampled x1,4,
Chubbi230,230,robinhood,4663,27,28,28,2026-08-15T00:00:00.000Z,62751.52,2026-09-10T16:00:00.000Z,3635826.46,27,3635826.46,0.9289,1,,warming,false,27,short_coverage,,no_prices x1,2026-09-10T16:00:00.000Z,rebuilt x26; sampled x1,4,
Chubbi230,230,solana,1399811149,28,28,28,2026-08-14T00:00:00.000Z,645326.19,2026-09-10T16:00:00.000Z,261825.03,28,261825.03,0.0669,1,,warming,false,28,short_coverage,,,2026-09-10T16:00:00.000Z,rebuilt x27; sampled x1,4,
Chubbi230,230,bsc,56,3,28,28,2026-09-04T00:00:00.000Z,197.46,2026-09-10T16:00:00.000Z,16480.78,7,16480.78,0.0042,1,,warming,false,3,short_coverage,,(no reason given) x25,2026-09-10T16:00:00.000Z,rebuilt x2; sampled x1,4,
Chubbi230,230,ethereum,1,5,28,28,2026-08-21T00:00:00.000Z,4.32,2026-09-10T16:00:00.000Z,11.17,21,11.17,0.0000,1,,warming,false,5,short_coverage,,(no reason given) x23,2026-09-10T16:00:00.000Z,rebuilt x4; sampled x1,4,
SolSwizzle,Swizzle,(all chains),,1,28,28,2026-09-10T16:00:00.000Z,3816903.67,2026-09-10T16:00:00.000Z,3816903.67,0,3816903.67,,,,ready,false,1,too_few_points,,chains_unrebuildable x27,2026-09-10T16:00:00.000Z,sampled x1,4,
SolSwizzle,Swizzle,robinhood,4663,28,28,28,2026-08-14T00:00:00.000Z,98901.07,2026-09-10T16:00:00.000Z,2759037.25,28,2759037.25,0.7228,1,,warming,false,28,short_coverage,,,2026-09-10T16:00:00.000Z,rebuilt x27; sampled x1,4,
SolSwizzle,Swizzle,solana,1399811149,1,1,1,2026-09-10T16:00:00.000Z,1057833.46,2026-09-10T16:00:00.000Z,1057833.46,0,1057833.46,0.2771,0.6615,,warming,false,1,warming,,,2026-09-10T16:00:00.000Z,sampled x1,4,
SolSwizzle,Swizzle,bsc,56,3,28,28,2026-09-04T00:00:00.000Z,1.25,2026-09-10T16:00:00.000Z,26.57,7,26.57,0.0000,0.75,,warming,false,3,short_coverage,,(no reason given) x21; no_prices x4,2026-09-10T16:00:00.000Z,rebuilt x2; sampled x1,4,
SolSwizzle,Swizzle,ethereum,1,5,28,28,2026-08-20T00:00:00.000Z,4.60,2026-09-10T16:00:00.000Z,6.39,22,6.39,0.0000,1,,warming,false,5,short_coverage,,(no reason given) x23,2026-09-10T16:00:00.000Z,rebuilt x4; sampled x1,4,
The__Solstice,TheS◎Lstice,(all chains),,1,28,28,2026-09-10T16:00:00.000Z,3724502.26,2026-09-10T16:00:00.000Z,3724502.26,0,3724502.26,,,,ready,false,1,too_few_points,,chains_unrebuildable x27,2026-09-10T16:00:00.000Z,sampled x1,4,
The__Solstice,TheS◎Lstice,solana,1399811149,1,1,1,2026-09-10T16:00:00.000Z,3320227.93,2026-09-10T16:00:00.000Z,3320227.93,0,3320227.93,0.8915,0.7538,,warming,false,1,warming,,,2026-09-10T16:00:00.000Z,sampled x1,4,
The__Solstice,TheS◎Lstice,base,8453,11,28,28,2026-08-17T00:00:00.000Z,77980.09,2026-09-10T16:00:00.000Z,353791.32,25,353791.32,0.0950,0.75,,warming,false,11,short_coverage,,(no reason given) x17,2026-09-10T16:00:00.000Z,rebuilt x10; sampled x1,4,
The__Solstice,TheS◎Lstice,robinhood,4663,28,28,28,2026-08-14T00:00:00.000Z,773173.13,2026-09-10T16:00:00.000Z,50483.01,28,50483.01,0.0136,1,,warming,false,28,short_coverage,,,2026-09-10T16:00:00.000Z,rebuilt x27; sampled x1,4,
The__Solstice,TheS◎Lstice,bsc,56,4,28,28,2026-08-19T00:00:00.000Z,29182.95,2026-08-30T00:00:00.000Z,7194.71,11,,,0,no_prices,warming,false,4,short_coverage,no_prices,(no reason given) x23; no_prices x1,2026-09-10T16:00:00.000Z,rebuilt x4,4,
cosby,cosby,(all chains),,1,28,28,2026-09-10T16:00:00.000Z,3701043.59,2026-09-10T16:00:00.000Z,3701043.59,0,3701043.59,,,,ready,false,1,too_few_points,,chains_unrebuildable x27,2026-09-10T16:00:00.000Z,sampled x1,4,
cosby,cosby,robinhood,4663,28,28,28,2026-08-14T00:00:00.000Z,293939.78,2026-09-10T16:00:00.000Z,3497410.84,28,3497410.84,0.9450,1,,warming,false,28,short_coverage,,,2026-09-10T16:00:00.000Z,rebuilt x27; sampled x1,4,
cosby,cosby,bsc,56,3,28,28,2026-09-05T00:00:00.000Z,257622.80,2026-09-10T16:00:00.000Z,129714.49,6,129714.49,0.0350,1,,warming,false,3,short_coverage,,(no reason given) x25,2026-09-10T16:00:00.000Z,rebuilt x2; sampled x1,4,
cosby,cosby,solana,1399811149,1,1,1,2026-09-10T16:00:00.000Z,48032.75,2026-09-10T16:00:00.000Z,48032.75,0,48032.75,0.0130,0.8333,,warming,false,1,warming,,,2026-09-10T16:00:00.000Z,sampled x1,4,
cosby,cosby,base,8453,2,28,28,2026-09-09T00:00:00.000Z,34737.33,2026-09-10T16:00:00.000Z,25885.51,2,25885.51,0.0070,1,,ready,false,2,too_few_points,,(no reason given) x26,2026-09-10T16:00:00.000Z,rebuilt x1; sampled x1,4,
brrrgrrrz,Burgz,(all chains),,1,28,28,2026-09-10T16:00:00.000Z,3315650.26,2026-09-10T16:00:00.000Z,3315650.26,0,3315650.26,,,,ready,false,1,too_few_points,,chains_unrebuildable x27,2026-09-10T16:00:00.000Z,sampled x1,4,
brrrgrrrz,Burgz,robinhood,4663,28,28,28,2026-08-14T00:00:00.000Z,415196.43,2026-09-10T16:00:00.000Z,3304076.66,28,3304076.66,0.9965,1,,warming,false,28,short_coverage,,,2026-09-10T16:00:00.000Z,rebuilt x27; sampled x1,4,
brrrgrrrz,Burgz,solana,1399811149,1,1,1,2026-09-10T16:00:00.000Z,11535.89,2026-09-10T16:00:00.000Z,11535.89,0,11535.89,0.0035,0.8034,,warming,false,1,warming,,,2026-09-10T16:00:00.000Z,sampled x1,4,
brrrgrrrz,Burgz,ethereum,1,4,28,28,2026-08-27T00:00:00.000Z,29.43,2026-09-10T16:00:00.000Z,37.25,15,37.25,0.0000,1,,warming,false,4,short_coverage,,(no reason given) x24,2026-09-10T16:00:00.000Z,rebuilt x3; sampled x1,4,
brrrgrrrz,Burgz,bsc,56,7,28,28,2026-08-16T00:00:00.000Z,123.60,2026-09-10T16:00:00.000Z,0.47,26,0.47,0.0000,1,,warming,false,7,short_coverage,,(no reason given) x18; no_prices x3,2026-09-10T16:00:00.000Z,rebuilt x6; sampled x1,4,
kyle,kyle,(all chains),,1,28,28,2026-09-10T16:00:00.000Z,3195684.02,2026-09-10T16:00:00.000Z,3195684.02,0,3195684.02,,,,ready,false,1,too_few_points,,chains_unrebuildable x27,2026-09-10T16:00:00.000Z,sampled x1,4,
kyle,kyle,robinhood,4663,28,28,28,2026-08-14T00:00:00.000Z,5403.99,2026-09-10T16:00:00.000Z,2649111.40,28,2649111.40,0.8290,1,,warming,false,28,short_coverage,,,2026-09-10T16:00:00.000Z,rebuilt x27; sampled x1,4,
kyle,kyle,solana,1399811149,1,1,1,2026-09-10T16:00:00.000Z,341795.61,2026-09-10T16:00:00.000Z,341795.61,0,341795.61,0.1070,0.9737,,warming,false,1,warming,,,2026-09-10T16:00:00.000Z,sampled x1,4,
kyle,kyle,ethereum,1,12,28,28,2026-08-18T00:00:00.000Z,653.49,2026-09-10T16:00:00.000Z,118400.96,24,118400.96,0.0371,1,,warming,false,12,short_coverage,,(no reason given) x16,2026-09-10T16:00:00.000Z,rebuilt x11; sampled x1,4,
kyle,kyle,bsc,56,5,28,28,2026-08-28T00:00:00.000Z,4.14,2026-09-10T16:00:00.000Z,86376.04,14,86376.04,0.0270,1,,warming,false,5,short_coverage,,(no reason given) x23,2026-09-10T16:00:00.000Z,rebuilt x4; sampled x1,4,
RugDalio,RugDalio✨,(all chains),,1,28,28,2026-09-10T16:00:00.000Z,3078350.05,2026-09-10T16:00:00.000Z,3078350.05,0,3078350.05,,,,ready,false,1,too_few_points,,chains_unrebuildable x27,2026-09-10T16:00:00.000Z,sampled x1,4,
RugDalio,RugDalio✨,robinhood,4663,28,28,28,2026-08-14T00:00:00.000Z,151786.92,2026-09-10T16:00:00.000Z,3021974.25,28,3021974.25,0.9817,1,,warming,false,28,short_coverage,,,2026-09-10T16:00:00.000Z,rebuilt x27; sampled x1,4,
RugDalio,RugDalio✨,solana,1399811149,1,1,1,2026-09-10T16:00:00.000Z,56344.20,2026-09-10T16:00:00.000Z,56344.20,0,56344.20,0.0183,0.9286,,warming,false,1,warming,,,2026-09-10T16:00:00.000Z,sampled x1,4,
RugDalio,RugDalio✨,bsc,56,1,28,28,2026-09-10T16:00:00.000Z,28.75,2026-09-10T16:00:00.000Z,28.75,0,28.75,0.0000,0.6667,,ready,false,1,too_few_points,,(no reason given) x27,2026-09-10T16:00:00.000Z,sampled x1,4,
RugDalio,RugDalio✨,ethereum,1,2,28,28,2026-09-02T00:00:00.000Z,2.41,2026-09-10T16:00:00.000Z,2.86,9,2.86,0.0000,1,,ready,false,2,too_few_points,,(no reason given) x26,2026-09-10T16:00:00.000Z,rebuilt x1; sampled x1,4,
Aurelius0121,Aurelius,(all chains),,1,28,28,2026-09-10T16:00:00.000Z,2926844.32,2026-09-10T16:00:00.000Z,2926844.32,0,2926844.32,,,,ready,false,1,too_few_points,,chains_unrebuildable x27,2026-09-10T16:00:00.000Z,sampled x1,3,
Aurelius0121,Aurelius,robinhood,4663,28,28,28,2026-08-14T00:00:00.000Z,451200.55,2026-09-10T16:00:00.000Z,1998689.58,28,1998689.58,0.6829,1,,warming,false,28,short_coverage,,,2026-09-10T16:00:00.000Z,rebuilt x27; sampled x1,3,
Aurelius0121,Aurelius,solana,1399811149,1,1,1,2026-09-10T16:00:00.000Z,928134.91,2026-09-10T16:00:00.000Z,928134.91,0,928134.91,0.3171,0.8593,,warming,false,1,warming,,,2026-09-10T16:00:00.000Z,sampled x1,3,
Aurelius0121,Aurelius,ethereum,1,4,28,28,2026-08-22T00:00:00.000Z,7.66,2026-09-10T16:00:00.000Z,19.84,20,19.84,0.0000,1,,warming,false,4,short_coverage,,(no reason given) x24,2026-09-10T16:00:00.000Z,rebuilt x3; sampled x1,3,
lordarbiter,lordarbiter,(all chains),,1,28,28,2026-09-10T16:00:00.000Z,2781512.77,2026-09-10T16:00:00.000Z,2781512.77,0,2781512.77,,,,ready,false,1,too_few_points,,chains_unrebuildable x27,2026-09-10T16:00:00.000Z,sampled x1,4,
lordarbiter,lordarbiter,robinhood,4663,28,28,28,2026-08-14T00:00:00.000Z,151647.38,2026-09-10T16:00:00.000Z,2779221.74,28,2779221.74,0.9992,0.9412,,warming,false,28,short_coverage,,,2026-09-10T16:00:00.000Z,rebuilt x27; sampled x1,4,
lordarbiter,lordarbiter,solana,1399811149,1,1,1,2026-09-10T16:00:00.000Z,2229.31,2026-09-10T16:00:00.000Z,2229.31,0,2229.31,0.0008,0.7778,,warming,false,1,warming,,,2026-09-10T16:00:00.000Z,sampled x1,4,
lordarbiter,lordarbiter,bsc,56,3,28,28,2026-08-24T00:00:00.000Z,0.29,2026-09-10T16:00:00.000Z,54.04,18,54.04,0.0000,1,,warming,false,3,short_coverage,,(no reason given) x18; no_prices x7,2026-09-10T16:00:00.000Z,rebuilt x2; sampled x1,4,
lordarbiter,lordarbiter,ethereum,1,4,28,28,2026-08-22T00:00:00.000Z,2.97,2026-09-10T16:00:00.000Z,7.68,20,7.68,0.0000,1,,warming,false,4,short_coverage,,(no reason given) x24,2026-09-10T16:00:00.000Z,rebuilt x3; sampled x1,4,
FartmanSacks,Fartman Sacks,(all chains),,1,28,28,2026-09-10T16:00:00.000Z,2774541.55,2026-09-10T16:00:00.000Z,2774541.55,0,2774541.55,,,,ready,false,1,too_few_points,,chains_unrebuildable x27,2026-09-10T16:00:00.000Z,sampled x1,4,
FartmanSacks,Fartman Sacks,robinhood,4663,28,28,28,2026-08-14T00:00:00.000Z,237484.55,2026-09-10T16:00:00.000Z,2741333.09,28,2741333.09,0.9880,1,,warming,false,28,short_coverage,,,2026-09-10T16:00:00.000Z,rebuilt x27; sampled x1,4,
FartmanSacks,Fartman Sacks,solana,1399811149,28,28,28,2026-08-14T00:00:00.000Z,1156248.26,2026-09-10T16:00:00.000Z,33182.46,28,33182.46,0.0120,1,,warming,false,28,short_coverage,,,2026-09-10T16:00:00.000Z,rebuilt x27; sampled x1,4,
FartmanSacks,Fartman Sacks,bsc,56,2,28,28,2026-09-04T00:00:00.000Z,15127.64,2026-09-10T16:00:00.000Z,14.83,7,14.83,0.0000,1,,ready,false,2,too_few_points,,(no reason given) x26,2026-09-10T16:00:00.000Z,rebuilt x1; sampled x1,4,
FartmanSacks,Fartman Sacks,ethereum,1,5,28,28,2026-08-17T00:00:00.000Z,4.32,2026-09-10T16:00:00.000Z,11.17,25,11.17,0.0000,1,,warming,false,5,short_coverage,,(no reason given) x23,2026-09-10T16:00:00.000Z,rebuilt x4; sampled x1,4,
frogmanhaha,Frogman,(all chains),,1,28,28,2026-09-10T16:00:00.000Z,2670766.44,2026-09-10T16:00:00.000Z,2670766.44,0,2670766.44,,,,ready,false,1,too_few_points,,chains_unrebuildable x27,2026-09-10T16:00:00.000Z,sampled x1,5,
frogmanhaha,Frogman,bsc,56,10,28,28,2026-08-21T00:00:00.000Z,1308.88,2026-09-10T16:00:00.000Z,1731743.85,21,1731743.85,0.6484,1,,warming,false,10,short_coverage,,(no reason given) x18,2026-09-10T16:00:00.000Z,rebuilt x9; sampled x1,5,
frogmanhaha,Frogman,robinhood,4663,23,28,28,2026-08-19T00:00:00.000Z,463057.02,2026-09-10T16:00:00.000Z,668202.10,23,668202.10,0.2502,1,,warming,false,23,short_coverage,,no_prices x5,2026-09-10T16:00:00.000Z,rebuilt x22; sampled x1,5,
frogmanhaha,Frogman,base,8453,11,28,28,2026-08-20T00:00:00.000Z,23752.19,2026-09-10T16:00:00.000Z,268946.54,22,268946.54,0.1007,1,,warming,false,11,short_coverage,,(no reason given) x17,2026-09-10T16:00:00.000Z,rebuilt x10; sampled x1,5,
frogmanhaha,Frogman,solana,1399811149,1,1,1,2026-09-10T16:00:00.000Z,1867.56,2026-09-10T16:00:00.000Z,1867.56,0,1867.56,0.0007,1,,warming,false,1,warming,,,2026-09-10T16:00:00.000Z,sampled x1,5,
frogmanhaha,Frogman,ethereum,1,4,28,28,2026-09-02T00:00:00.000Z,5.39,2026-09-10T16:00:00.000Z,6.39,9,6.39,0.0000,1,,warming,false,4,short_coverage,,(no reason given) x24,2026-09-10T16:00:00.000Z,rebuilt x3; sampled x1,5,
bluntz_capital,bluntz,(all chains),,1,28,28,2026-09-10T16:00:00.000Z,2636956.19,2026-09-10T16:00:00.000Z,2636956.19,0,2636956.19,,,,ready,false,1,too_few_points,,chains_unrebuildable x27,2026-09-10T16:00:00.000Z,sampled x1,3,
bluntz_capital,bluntz,robinhood,4663,28,28,28,2026-08-14T00:00:00.000Z,0.00,2026-09-10T16:00:00.000Z,1579130.34,28,1579130.34,0.5988,1,,warming,false,28,short_coverage,,,2026-09-10T16:00:00.000Z,rebuilt x27; sampled x1,3,
bluntz_capital,bluntz,solana,1399811149,1,1,1,2026-09-10T16:00:00.000Z,851246.61,2026-09-10T16:00:00.000Z,851246.61,0,851246.61,0.3228,0.6111,,warming,false,1,warming,,,2026-09-10T16:00:00.000Z,sampled x1,3,
bluntz_capital,bluntz,bsc,56,6,28,28,2026-09-04T00:00:00.000Z,152431.74,2026-09-10T16:00:00.000Z,206579.24,7,206579.24,0.0783,0.8,,warming,false,6,short_coverage,,(no reason given) x22,2026-09-10T16:00:00.000Z,rebuilt x5; sampled x1,3,
0xnobi,nobi,(all chains),,1,28,28,2026-09-10T16:00:00.000Z,2604494.16,2026-09-10T16:00:00.000Z,2604494.16,0,2604494.16,,,,ready,false,1,too_few_points,,chains_unrebuildable x27,2026-09-10T16:00:00.000Z,sampled x1,5,
0xnobi,nobi,robinhood,4663,28,28,28,2026-08-14T00:00:00.000Z,136262.65,2026-09-10T16:00:00.000Z,2565928.95,28,2565928.95,0.9852,1,,warming,false,28,short_coverage,,,2026-09-10T16:00:00.000Z,rebuilt x27; sampled x1,5,
0xnobi,nobi,solana,1399811149,1,1,1,2026-09-10T16:00:00.000Z,38475.96,2026-09-10T16:00:00.000Z,38475.96,0,38475.96,0.0148,0.7867,,warming,false,1,warming,,,2026-09-10T16:00:00.000Z,sampled x1,5,
0xnobi,nobi,ethereum,1,7,28,28,2026-08-15T00:00:00.000Z,16.12,2026-09-10T16:00:00.000Z,41.72,27,41.72,0.0000,1,,warming,false,7,short_coverage,,(no reason given) x21,2026-09-10T16:00:00.000Z,rebuilt x6; sampled x1,5,
0xnobi,nobi,bsc,56,9,28,28,2026-08-22T00:00:00.000Z,12.62,2026-09-10T16:00:00.000Z,35.30,20,35.30,0.0000,1,,warming,false,9,short_coverage,,no_prices x3; (no reason given) x16,2026-09-10T16:00:00.000Z,rebuilt x8; sampled x1,5,
0xnobi,nobi,base,8453,3,28,28,2026-09-01T00:00:00.000Z,1.82,2026-09-10T16:00:00.000Z,12.25,10,12.25,0.0000,1,,warming,false,3,short_coverage,,(no reason given) x19; no_prices x6,2026-09-10T16:00:00.000Z,rebuilt x2; sampled x1,5,
frankdegods,frank,(all chains),,1,28,28,2026-09-10T16:00:00.000Z,2454376.87,2026-09-10T16:00:00.000Z,2454376.87,0,2454376.87,,,,ready,false,1,too_few_points,,chains_unrebuildable x27,2026-09-10T16:00:00.000Z,sampled x1,4,
frankdegods,frank,solana,1399811149,1,1,1,2026-09-10T16:00:00.000Z,2418352.85,2026-09-10T16:00:00.000Z,2418352.85,0,2418352.85,0.9853,0.2426,,warming,false,1,warming,,,2026-09-10T16:00:00.000Z,sampled x1,4,
frankdegods,frank,robinhood,4663,28,28,28,2026-08-14T00:00:00.000Z,183.39,2026-09-10T16:00:00.000Z,35474.63,28,35474.63,0.0145,0.9647,,warming,false,28,short_coverage,,,2026-09-10T16:00:00.000Z,rebuilt x27; sampled x1,4,
frankdegods,frank,bsc,56,24,28,28,2026-08-16T00:00:00.000Z,33.40,2026-09-10T16:00:00.000Z,485.32,26,485.32,0.0002,0.8,,warming,false,24,short_coverage,,(no reason given) x3; no_prices x1,2026-09-10T16:00:00.000Z,rebuilt x23; sampled x1,4,
frankdegods,frank,ethereum,1,5,28,28,2026-08-14T00:00:00.000Z,24.75,2026-09-10T16:00:00.000Z,64.06,28,64.06,0.0000,0.5,,warming,false,5,short_coverage,,(no reason given) x23,2026-09-10T16:00:00.000Z,rebuilt x4; sampled x1,4,
FullPinkYak,FullPinkYak,(all chains),,18,28,28,2026-08-21T00:00:00.000Z,3526001.96,2026-09-10T16:00:00.000Z,2436151.78,21,2436151.78,,,,warming,false,18,short_coverage,,chains_unrebuildable x10,2026-09-10T16:00:00.000Z,rebuilt x17; sampled x1,3,
FullPinkYak,FullPinkYak,solana,1399811149,28,28,28,2026-08-14T00:00:00.000Z,2445941.00,2026-09-10T16:00:00.000Z,1500178.19,28,1500178.19,0.6158,0.7333,,warming,false,28,short_coverage,,,2026-09-10T16:00:00.000Z,rebuilt x27; sampled x1,3,
FullPinkYak,FullPinkYak,bsc,56,18,28,28,2026-08-21T00:00:00.000Z,8.55,2026-09-10T16:00:00.000Z,935408.40,21,935408.40,0.3840,0.8,,warming,false,18,short_coverage,,(no reason given) x10,2026-09-10T16:00:00.000Z,rebuilt x17; sampled x1,3,
FullPinkYak,FullPinkYak,robinhood,4663,28,28,28,2026-08-14T00:00:00.000Z,29217.53,2026-09-10T16:00:00.000Z,565.20,28,565.20,0.0002,1,,warming,false,28,short_coverage,,,2026-09-10T16:00:00.000Z,rebuilt x27; sampled x1,3,
Dxranteth,Dxrant,(all chains),,1,28,28,2026-09-10T16:00:00.000Z,2418310.55,2026-09-10T16:00:00.000Z,2418310.55,0,2418310.55,,,,ready,false,1,too_few_points,,chains_unrebuildable x27,2026-09-10T16:00:00.000Z,sampled x1,4,
Dxranteth,Dxrant,bsc,56,10,28,28,2026-08-19T00:00:00.000Z,2029.11,2026-09-10T16:00:00.000Z,1061089.02,23,1061089.02,0.4388,1,,warming,false,10,short_coverage,,(no reason given) x14; no_prices x4,2026-09-10T16:00:00.000Z,rebuilt x9; sampled x1,4,
Dxranteth,Dxrant,solana,1399811149,1,1,1,2026-09-10T16:00:00.000Z,779834.06,2026-09-10T16:00:00.000Z,779834.06,0,779834.06,0.3225,0.802,,warming,false,1,warming,,,2026-09-10T16:00:00.000Z,sampled x1,4,
Dxranteth,Dxrant,robinhood,4663,19,28,28,2026-08-14T00:00:00.000Z,0.09,2026-09-10T16:00:00.000Z,577376.30,28,577376.30,0.2388,0.8182,,warming,false,19,short_coverage,,no_prices x9,2026-09-10T16:00:00.000Z,rebuilt x18; sampled x1,4,
Dxranteth,Dxrant,ethereum,1,6,28,28,2026-08-22T00:00:00.000Z,73650.32,2026-09-10T16:00:00.000Z,11.17,20,11.17,0.0000,1,,warming,false,6,short_coverage,,(no reason given) x22,2026-09-10T16:00:00.000Z,rebuilt x5; sampled x1,4,
notanicecat69,Wood,(all chains),,1,28,28,2026-09-10T16:00:00.000Z,2396264.42,2026-09-10T16:00:00.000Z,2396264.42,0,2396264.42,,,,ready,false,1,too_few_points,,chains_unrebuildable x27,2026-09-10T16:00:00.000Z,sampled x1,4,
notanicecat69,Wood,robinhood,4663,28,28,28,2026-08-14T00:00:00.000Z,152898.71,2026-09-10T16:00:00.000Z,2366698.55,28,2366698.55,0.9877,1,,warming,false,28,short_coverage,,,2026-09-10T16:00:00.000Z,rebuilt x27; sampled x1,4,
notanicecat69,Wood,solana,1399811149,1,1,1,2026-09-10T16:00:00.000Z,29562.78,2026-09-10T16:00:00.000Z,29562.78,0,29562.78,0.0123,0.3946,,warming,false,1,warming,,,2026-09-10T16:00:00.000Z,sampled x1,4,
notanicecat69,Wood,ethereum,1,3,28,28,2026-08-23T00:00:00.000Z,4.55,2026-09-10T16:00:00.000Z,2.86,19,2.86,0.0000,1,,warming,false,3,short_coverage,,(no reason given) x25,2026-09-10T16:00:00.000Z,rebuilt x2; sampled x1,4,
notanicecat69,Wood,bsc,56,3,28,28,2026-09-05T00:00:00.000Z,0.62,2026-09-10T16:00:00.000Z,0.23,6,0.23,0.0000,1,,warming,false,3,short_coverage,,(no reason given) x25,2026-09-10T16:00:00.000Z,rebuilt x2; sampled x1,4,
soby0x,soby,(all chains),,1,28,28,2026-09-10T16:00:00.000Z,2289823.70,2026-09-10T16:00:00.000Z,2289823.70,0,2289823.70,,,,ready,false,1,too_few_points,,chains_unrebuildable x27,2026-09-10T16:00:00.000Z,sampled x1,4,
soby0x,soby,robinhood,4663,28,28,28,2026-08-14T00:00:00.000Z,64469.32,2026-09-10T16:00:00.000Z,2197094.91,28,2197094.91,0.9595,1,,warming,false,28,short_coverage,,,2026-09-10T16:00:00.000Z,rebuilt x27; sampled x1,4,
soby0x,soby,solana,1399811149,1,1,1,2026-09-10T16:00:00.000Z,92434.11,2026-09-10T16:00:00.000Z,92434.11,0,92434.11,0.0404,0.9231,,warming,false,1,warming,,,2026-09-10T16:00:00.000Z,sampled x1,4,
soby0x,soby,bsc,56,1,28,28,2026-09-10T16:00:00.000Z,290.81,2026-09-10T16:00:00.000Z,290.81,0,290.81,0.0001,1,,ready,false,1,too_few_points,,(no reason given) x22; no_prices x5,2026-09-10T16:00:00.000Z,sampled x1,4,
soby0x,soby,ethereum,1,3,28,28,2026-09-04T00:00:00.000Z,3.46,2026-09-10T16:00:00.000Z,3.87,7,3.87,0.0000,1,,warming,false,3,short_coverage,,(no reason given) x25,2026-09-10T16:00:00.000Z,rebuilt x2; sampled x1,4,
himgajria,Him,(all chains),,1,28,28,2026-09-10T16:00:00.000Z,2243215.43,2026-09-10T16:00:00.000Z,2243215.43,0,2243215.43,,,,ready,false,1,too_few_points,,chains_unrebuildable x27,2026-09-10T16:00:00.000Z,sampled x1,4,
himgajria,Him,robinhood,4663,19,28,28,2026-08-23T00:00:00.000Z,0.00,2026-09-10T16:00:00.000Z,2194093.07,19,2194093.07,0.9781,0.9565,,warming,false,19,short_coverage,,no_prices x9,2026-09-10T16:00:00.000Z,rebuilt x18; sampled x1,4,
himgajria,Him,bsc,56,2,28,28,2026-08-30T00:00:00.000Z,316.11,2026-09-10T16:00:00.000Z,28989.70,12,28989.70,0.0129,0.6667,,ready,false,2,too_few_points,,(no reason given) x23; no_prices x3,2026-09-10T16:00:00.000Z,rebuilt x1; sampled x1,4,
himgajria,Him,solana,1399811149,1,1,1,2026-09-10T16:00:00.000Z,20129.80,2026-09-10T16:00:00.000Z,20129.80,0,20129.80,0.0090,0.64,,warming,false,1,warming,,,2026-09-10T16:00:00.000Z,sampled x1,4,
himgajria,Him,ethereum,1,3,28,28,2026-09-05T00:00:00.000Z,2.38,2026-09-10T16:00:00.000Z,2.86,6,2.86,0.0000,1,,warming,false,3,short_coverage,,(no reason given) x25,2026-09-10T16:00:00.000Z,rebuilt x2; sampled x1,4,
motiyawerey,Werey,(all chains),,1,28,28,2026-09-10T16:00:00.000Z,2204252.24,2026-09-10T16:00:00.000Z,2204252.24,0,2204252.24,,,,ready,false,1,too_few_points,,chains_unrebuildable x27,2026-09-10T16:00:00.000Z,sampled x1,3,
motiyawerey,Werey,solana,1399811149,1,1,1,2026-09-10T16:00:00.000Z,2204154.67,2026-09-10T16:00:00.000Z,2204154.67,0,2204154.67,1.0000,0.7797,,warming,false,1,warming,,,2026-09-10T16:00:00.000Z,sampled x1,3,
motiyawerey,Werey,robinhood,4663,28,28,28,2026-08-14T00:00:00.000Z,0.00,2026-09-10T16:00:00.000Z,72.87,28,72.87,0.0000,1,,warming,false,28,short_coverage,,,2026-09-10T16:00:00.000Z,rebuilt x27; sampled x1,3,
motiyawerey,Werey,bsc,56,3,28,28,2026-08-29T00:00:00.000Z,25.01,2026-09-10T16:00:00.000Z,24.71,13,24.71,0.0000,1,,warming,false,3,short_coverage,,(no reason given) x25,2026-09-10T16:00:00.000Z,rebuilt x2; sampled x1,3,
PoorGoat_,PoorGoat🐂🀄️💛🐈,(all chains),,1,28,28,2026-09-10T16:00:00.000Z,2189621.95,2026-09-10T16:00:00.000Z,2189621.95,0,2189621.95,,,,ready,false,1,too_few_points,,chains_unrebuildable x27,2026-09-10T16:00:00.000Z,sampled x1,5,
PoorGoat_,PoorGoat🐂🀄️💛🐈,solana,1399811149,1,1,1,2026-09-10T16:00:00.000Z,1953930.78,2026-09-10T16:00:00.000Z,1953930.78,0,1953930.78,0.8924,0.9839,,warming,false,1,warming,,,2026-09-10T16:00:00.000Z,sampled x1,5,
PoorGoat_,PoorGoat🐂🀄️💛🐈,bsc,56,21,28,28,2026-08-14T00:00:00.000Z,522.23,2026-09-10T16:00:00.000Z,226806.39,28,226806.39,0.1036,0.875,,warming,false,21,short_coverage,,(no reason given) x7,2026-09-10T16:00:00.000Z,rebuilt x20; sampled x1,5,
PoorGoat_,PoorGoat🐂🀄️💛🐈,robinhood,4663,28,28,28,2026-08-14T00:00:00.000Z,9361.71,2026-09-10T16:00:00.000Z,8816.61,28,8816.61,0.0040,1,,warming,false,28,short_coverage,,,2026-09-10T16:00:00.000Z,rebuilt x27; sampled x1,5,
PoorGoat_,PoorGoat🐂🀄️💛🐈,ethereum,1,5,28,28,2026-08-14T00:00:00.000Z,14.39,2026-09-10T16:00:00.000Z,48.42,28,48.42,0.0000,1,,warming,false,5,short_coverage,,(no reason given) x23,2026-09-10T16:00:00.000Z,rebuilt x4; sampled x1,5,
PoorGoat_,PoorGoat🐂🀄️💛🐈,base,8453,9,28,28,2026-08-24T00:00:00.000Z,309.79,2026-09-10T16:00:00.000Z,19.74,18,19.74,0.0000,0.8,,warming,false,9,short_coverage,,(no reason given) x19,2026-09-10T16:00:00.000Z,rebuilt x8; sampled x1,5,
cryptolyxe,lyxe,(all chains),,1,28,28,2026-09-10T16:00:00.000Z,2178763.45,2026-09-10T16:00:00.000Z,2178763.45,0,2178763.45,,,,ready,false,1,too_few_points,,chains_unrebuildable x27,2026-09-10T16:00:00.000Z,sampled x1,5,
cryptolyxe,lyxe,solana,1399811149,1,1,1,2026-09-10T16:00:00.000Z,1461463.31,2026-09-10T16:00:00.000Z,1461463.31,0,1461463.31,0.6708,0.7619,,warming,false,1,warming,,,2026-09-10T16:00:00.000Z,sampled x1,5,
cryptolyxe,lyxe,base,8453,3,28,28,2026-08-19T00:00:00.000Z,455474.19,2026-09-10T16:00:00.000Z,715942.04,23,715942.04,0.3286,1,,warming,false,3,short_coverage,,(no reason given) x25,2026-09-10T16:00:00.000Z,rebuilt x2; sampled x1,5,
cryptolyxe,lyxe,robinhood,4663,28,28,28,2026-08-14T00:00:00.000Z,0.00,2026-09-10T16:00:00.000Z,1346.92,28,1346.92,0.0006,1,,warming,false,28,short_coverage,,,2026-09-10T16:00:00.000Z,rebuilt x27; sampled x1,5,
cryptolyxe,lyxe,ethereum,1,5,28,28,2026-08-26T00:00:00.000Z,8.83,2026-09-10T16:00:00.000Z,11.17,16,11.17,0.0000,1,,warming,false,5,short_coverage,,(no reason given) x23,2026-09-10T16:00:00.000Z,rebuilt x4; sampled x1,5,
cryptolyxe,lyxe,bsc,56,1,28,28,2026-09-08T00:00:00.000Z,73.98,2026-09-08T00:00:00.000Z,73.98,0,,,0,no_prices,ready,false,1,no_prices,no_prices,(no reason given) x26; no_prices x1,2026-09-10T16:00:00.000Z,rebuilt x1,5,
m0f0,m0f0,(all chains),,1,28,28,2026-09-10T16:00:00.000Z,2095858.18,2026-09-10T16:00:00.000Z,2095858.18,0,2095858.18,,,,ready,false,1,too_few_points,,chains_unrebuildable x27,2026-09-10T16:00:00.000Z,sampled x1,4,
m0f0,m0f0,robinhood,4663,28,28,28,2026-08-14T00:00:00.000Z,128427.25,2026-09-10T16:00:00.000Z,1608555.59,28,1608555.59,0.7675,0.85,,warming,false,28,short_coverage,,,2026-09-10T16:00:00.000Z,rebuilt x27; sampled x1,4,
m0f0,m0f0,solana,1399811149,1,1,1,2026-09-10T16:00:00.000Z,487299.68,2026-09-10T16:00:00.000Z,487299.68,0,487299.68,0.2325,0.9474,,warming,false,1,warming,,,2026-09-10T16:00:00.000Z,sampled x1,4,
m0f0,m0f0,ethereum,1,5,28,28,2026-08-28T00:00:00.000Z,25437.96,2026-09-10T16:00:00.000Z,2.68,14,2.68,0.0000,1,,warming,false,5,short_coverage,,(no reason given) x23,2026-09-10T16:00:00.000Z,rebuilt x4; sampled x1,4,
m0f0,m0f0,bsc,56,9,28,28,2026-08-14T00:00:00.000Z,991.68,2026-09-10T16:00:00.000Z,0.23,28,0.23,0.0000,1,,warming,false,9,short_coverage,,(no reason given) x19,2026-09-10T16:00:00.000Z,rebuilt x8; sampled x1,4,
Proteus,Proteus,(all chains),,1,28,28,2026-09-10T16:00:00.000Z,2069693.25,2026-09-10T16:00:00.000Z,2069693.25,0,2069693.25,,,,ready,false,1,too_few_points,,chains_unrebuildable x27,2026-09-10T16:00:00.000Z,sampled x1,3,
Proteus,Proteus,robinhood,4663,14,28,28,2026-08-28T00:00:00.000Z,0.00,2026-09-10T16:00:00.000Z,1586358.41,14,1586358.41,0.7665,1,,warming,false,14,short_coverage,,no_prices x14,2026-09-10T16:00:00.000Z,rebuilt x13; sampled x1,3,
Proteus,Proteus,solana,1399811149,1,1,1,2026-09-10T16:00:00.000Z,483331.78,2026-09-10T16:00:00.000Z,483331.78,0,483331.78,0.2335,1,,warming,false,1,warming,,,2026-09-10T16:00:00.000Z,sampled x1,3,
Proteus,Proteus,ethereum,1,2,28,28,2026-09-06T00:00:00.000Z,4.92,2026-09-10T16:00:00.000Z,3.06,5,3.06,0.0000,1,,ready,false,2,too_few_points,,(no reason given) x26,2026-09-10T16:00:00.000Z,rebuilt x1; sampled x1,3,
change,change,(all chains),,1,28,28,2026-09-10T16:00:00.000Z,2067148.59,2026-09-10T16:00:00.000Z,2067148.59,0,2067148.59,,,,ready,false,1,too_few_points,,chains_unrebuildable x27,2026-09-10T16:00:00.000Z,sampled x1,5,
change,change,robinhood,4663,28,28,28,2026-08-14T00:00:00.000Z,706304.63,2026-09-10T16:00:00.000Z,1611521.26,28,1611521.26,0.7796,1,,warming,false,28,short_coverage,,,2026-09-10T16:00:00.000Z,rebuilt x27; sampled x1,5,
change,change,solana,1399811149,1,1,1,2026-09-10T16:00:00.000Z,455606.34,2026-09-10T16:00:00.000Z,455606.34,0,455606.34,0.2204,0.967,,warming,false,1,warming,,,2026-09-10T16:00:00.000Z,sampled x1,5,
change,change,base,8453,6,28,28,2026-08-30T00:00:00.000Z,0.86,2026-09-10T16:00:00.000Z,9.37,12,9.37,0.0000,1,,warming,false,6,short_coverage,,no_prices x2; (no reason given) x20,2026-09-10T16:00:00.000Z,rebuilt x5; sampled x1,5,
change,change,ethereum,1,4,28,28,2026-08-29T00:00:00.000Z,432652.78,2026-09-10T16:00:00.000Z,6.39,13,6.39,0.0000,1,,warming,false,4,short_coverage,,no_prices x2; (no reason given) x22,2026-09-10T16:00:00.000Z,rebuilt x3; sampled x1,5,
change,change,bsc,56,7,28,28,2026-08-22T00:00:00.000Z,1.26,2026-09-10T16:00:00.000Z,5.24,20,5.24,0.0000,0.8,,warming,false,7,short_coverage,,(no reason given) x21,2026-09-10T16:00:00.000Z,rebuilt x6; sampled x1,5,
ether_monk,Ethermonk 📿,(all chains),,1,28,28,2026-09-10T16:00:00.000Z,2054401.75,2026-09-10T16:00:00.000Z,2054401.75,0,2054401.75,,,,ready,false,1,too_few_points,,chains_unrebuildable x27,2026-09-10T16:00:00.000Z,sampled x1,4,
ether_monk,Ethermonk 📿,robinhood,4663,28,28,28,2026-08-14T00:00:00.000Z,1639694.99,2026-09-10T16:00:00.000Z,1094352.29,28,1094352.29,0.5327,1,,warming,false,28,short_coverage,,,2026-09-10T16:00:00.000Z,rebuilt x27; sampled x1,4,
ether_monk,Ethermonk 📿,solana,1399811149,1,1,1,2026-09-10T16:00:00.000Z,674706.24,2026-09-10T16:00:00.000Z,674706.24,0,674706.24,0.3284,0.8471,,warming,false,1,warming,,,2026-09-10T16:00:00.000Z,sampled x1,4,
ether_monk,Ethermonk 📿,bsc,56,25,28,28,2026-08-15T00:00:00.000Z,134.54,2026-09-10T16:00:00.000Z,285305.97,27,285305.97,0.1389,0.9375,,warming,false,25,short_coverage,,(no reason given) x2; no_prices x1,2026-09-10T16:00:00.000Z,rebuilt x24; sampled x1,4,
ether_monk,Ethermonk 📿,ethereum,1,5,28,28,2026-08-22T00:00:00.000Z,14.39,2026-09-10T16:00:00.000Z,37.25,20,37.25,0.0000,1,,warming,false,5,short_coverage,,(no reason given) x23,2026-09-10T16:00:00.000Z,rebuilt x4; sampled x1,4,
econoar,eric.eth,(all chains),,1,28,28,2026-09-10T16:00:00.000Z,2041674.83,2026-09-10T16:00:00.000Z,2041674.83,0,2041674.83,,,,ready,false,1,too_few_points,,chains_unrebuildable x27,2026-09-10T16:00:00.000Z,sampled x1,5,
econoar,eric.eth,robinhood,4663,28,28,28,2026-08-14T00:00:00.000Z,15138.51,2026-09-10T16:00:00.000Z,2011760.21,28,2011760.21,0.9853,1,,warming,false,28,short_coverage,,,2026-09-10T16:00:00.000Z,rebuilt x27; sampled x1,5,
econoar,eric.eth,solana,1399811149,1,1,1,2026-09-10T16:00:00.000Z,21641.59,2026-09-10T16:00:00.000Z,21641.59,0,21641.59,0.0106,0.8621,,warming,false,1,warming,,,2026-09-10T16:00:00.000Z,sampled x1,5,
econoar,eric.eth,base,8453,5,28,28,2026-08-22T00:00:00.000Z,1948.55,2026-09-10T16:00:00.000Z,5154.03,20,5154.03,0.0025,0.5,,warming,false,5,short_coverage,,(no reason given) x23,2026-09-10T16:00:00.000Z,rebuilt x4; sampled x1,5,
econoar,eric.eth,ethereum,1,3,28,28,2026-08-25T00:00:00.000Z,5.05,2026-09-10T16:00:00.000Z,3118.78,17,3118.78,0.0015,1,,warming,false,3,short_coverage,,(no reason given) x23; no_prices x2,2026-09-10T16:00:00.000Z,rebuilt x2; sampled x1,5,
econoar,eric.eth,bsc,56,2,28,28,2026-09-08T00:00:00.000Z,0.48,2026-09-10T16:00:00.000Z,0.23,3,0.23,0.0000,1,,ready,false,2,too_few_points,,(no reason given) x26,2026-09-10T16:00:00.000Z,rebuilt x1; sampled x1,5,
zeri_terminal,zeri_terminal,(all chains),,1,28,28,2026-09-10T16:00:00.000Z,2002280.49,2026-09-10T16:00:00.000Z,2002280.49,0,2002280.49,,,,ready,false,1,too_few_points,,chains_unrebuildable x27,2026-09-10T16:00:00.000Z,sampled x1,2,
zeri_terminal,zeri_terminal,solana,1399811149,1,1,1,2026-09-10T16:00:00.000Z,2002251.57,2026-09-10T16:00:00.000Z,2002251.57,0,2002251.57,1.0000,0.8846,,warming,false,1,warming,,,2026-09-10T16:00:00.000Z,sampled x1,2,
zeri_terminal,zeri_terminal,robinhood,4663,20,28,28,2026-08-22T00:00:00.000Z,0.00,2026-09-10T16:00:00.000Z,28.91,20,28.91,0.0000,1,,warming,false,20,short_coverage,,no_prices x8,2026-09-10T16:00:00.000Z,rebuilt x19; sampled x1,2,
LP1111,LP 1,(all chains),,1,28,28,2026-09-10T16:00:00.000Z,1934162.55,2026-09-10T16:00:00.000Z,1934162.55,0,1934162.55,,,,ready,false,1,too_few_points,,chains_unrebuildable x27,2026-09-10T16:00:00.000Z,sampled x1,5,
LP1111,LP 1,robinhood,4663,28,28,28,2026-08-14T00:00:00.000Z,160841.57,2026-09-10T16:00:00.000Z,1907589.39,28,1907589.39,0.9863,1,,warming,false,28,short_coverage,,,2026-09-10T16:00:00.000Z,rebuilt x27; sampled x1,5,
LP1111,LP 1,solana,1399811149,1,1,1,2026-09-10T16:00:00.000Z,26568.08,2026-09-10T16:00:00.000Z,26568.08,0,26568.08,0.0137,0.6667,,warming,false,1,warming,,,2026-09-10T16:00:00.000Z,sampled x1,5,
LP1111,LP 1,ethereum,1,6,28,28,2026-08-19T00:00:00.000Z,1.87,2026-09-10T16:00:00.000Z,4.84,23,4.84,0.0000,1,,warming,false,6,short_coverage,,(no reason given) x22,2026-09-10T16:00:00.000Z,rebuilt x5; sampled x1,5,
LP1111,LP 1,bsc,56,4,28,28,2026-08-22T00:00:00.000Z,15.73,2026-09-10T16:00:00.000Z,0.23,20,0.23,0.0000,1,,warming,false,4,short_coverage,,(no reason given) x24,2026-09-10T16:00:00.000Z,rebuilt x3; sampled x1,5,
LP1111,LP 1,base,8453,5,28,28,2026-08-21T00:00:00.000Z,1.67,2026-09-04T00:00:00.000Z,450.04,14,,,0,no_prices,warming,false,5,short_coverage,no_prices,(no reason given) x22; no_prices x1,2026-09-10T16:00:00.000Z,rebuilt x5,5,
inyourwalls,inyourwalls,(all chains),,1,28,28,2026-09-10T16:00:00.000Z,1930550.36,2026-09-10T16:00:00.000Z,1930550.36,0,1930550.36,,,,ready,false,1,too_few_points,,chains_unrebuildable x27,2026-09-10T16:00:00.000Z,sampled x1,4,
inyourwalls,inyourwalls,robinhood,4663,28,28,28,2026-08-14T00:00:00.000Z,242093.41,2026-09-10T16:00:00.000Z,1859095.17,28,1859095.17,0.9630,1,,warming,false,28,short_coverage,,,2026-09-10T16:00:00.000Z,rebuilt x27; sampled x1,4,
inyourwalls,inyourwalls,solana,1399811149,1,1,1,2026-09-10T16:00:00.000Z,56523.75,2026-09-10T16:00:00.000Z,56523.75,0,56523.75,0.0293,0.5526,,warming,false,1,warming,,,2026-09-10T16:00:00.000Z,sampled x1,4,
inyourwalls,inyourwalls,bsc,56,12,28,28,2026-08-15T00:00:00.000Z,1818.80,2026-09-10T16:00:00.000Z,14925.85,27,14925.85,0.0077,1,,warming,false,12,short_coverage,,(no reason given) x16,2026-09-10T16:00:00.000Z,rebuilt x11; sampled x1,4,
inyourwalls,inyourwalls,ethereum,1,6,28,28,2026-08-20T00:00:00.000Z,2.16,2026-09-10T16:00:00.000Z,5.59,22,5.59,0.0000,1,,warming,false,6,short_coverage,,(no reason given) x22,2026-09-10T16:00:00.000Z,rebuilt x5; sampled x1,4,
aki11a,aki,(all chains),,1,28,28,2026-09-10T16:00:00.000Z,1838813.39,2026-09-10T16:00:00.000Z,1838813.39,0,1838813.39,,,,ready,false,1,too_few_points,,chains_unrebuildable x27,2026-09-10T16:00:00.000Z,sampled x1,4,
aki11a,aki,robinhood,4663,28,28,28,2026-08-14T00:00:00.000Z,190291.33,2026-09-10T16:00:00.000Z,1821170.24,28,1821170.24,0.9904,1,,warming,false,28,short_coverage,,,2026-09-10T16:00:00.000Z,rebuilt x27; sampled x1,4,
aki11a,aki,solana,1399811149,1,1,1,2026-09-10T16:00:00.000Z,16543.04,2026-09-10T16:00:00.000Z,16543.04,0,16543.04,0.0090,1,,warming,false,1,warming,,,2026-09-10T16:00:00.000Z,sampled x1,4,
aki11a,aki,bsc,56,5,28,28,2026-08-31T00:00:00.000Z,867.90,2026-09-10T16:00:00.000Z,1093.72,11,1093.72,0.0006,1,,warming,false,5,short_coverage,,(no reason given) x23,2026-09-10T16:00:00.000Z,rebuilt x4; sampled x1,4,
aki11a,aki,ethereum,1,3,28,28,2026-08-30T00:00:00.000Z,5.74,2026-09-10T16:00:00.000Z,6.39,12,6.39,0.0000,1,,warming,false,3,short_coverage,,(no reason given) x25,2026-09-10T16:00:00.000Z,rebuilt x2; sampled x1,4,
picadura,picadura,(all chains),,1,28,28,2026-09-10T16:00:00.000Z,1825945.03,2026-09-10T16:00:00.000Z,1825945.03,0,1825945.03,,,,ready,false,1,too_few_points,,chains_unrebuildable x27,2026-09-10T16:00:00.000Z,sampled x1,4,
picadura,picadura,robinhood,4663,28,28,28,2026-08-14T00:00:00.000Z,1429.61,2026-09-10T16:00:00.000Z,1820570.08,28,1820570.08,0.9971,1,,warming,false,28,short_coverage,,,2026-09-10T16:00:00.000Z,rebuilt x27; sampled x1,4,
picadura,picadura,solana,1399811149,1,1,1,2026-09-10T16:00:00.000Z,5198.74,2026-09-10T16:00:00.000Z,5198.74,0,5198.74,0.0028,0.56,,warming,false,1,warming,,,2026-09-10T16:00:00.000Z,sampled x1,4,
picadura,picadura,bsc,56,10,28,28,2026-08-14T00:00:00.000Z,5.45,2026-09-10T16:00:00.000Z,168.76,28,168.76,0.0001,1,,warming,false,10,short_coverage,,(no reason given) x14; no_prices x4,2026-09-10T16:00:00.000Z,rebuilt x9; sampled x1,4,
picadura,picadura,ethereum,1,3,28,28,2026-08-25T00:00:00.000Z,5.89,2026-09-10T16:00:00.000Z,7.45,17,7.45,0.0000,1,,warming,false,3,short_coverage,,(no reason given) x25,2026-09-10T16:00:00.000Z,rebuilt x2; sampled x1,4,
CardinalSaint2,Cardinal Saint,(all chains),,1,28,28,2026-09-10T16:00:00.000Z,1679011.00,2026-09-10T16:00:00.000Z,1679011.00,0,1679011.00,,,,ready,false,1,too_few_points,,chains_unrebuildable x27,2026-09-10T16:00:00.000Z,sampled x1,4,
CardinalSaint2,Cardinal Saint,robinhood,4663,28,28,28,2026-08-14T00:00:00.000Z,156723.45,2026-09-10T16:00:00.000Z,1616017.80,28,1616017.80,0.9625,1,,warming,false,28,short_coverage,,,2026-09-10T16:00:00.000Z,rebuilt x27; sampled x1,4,
CardinalSaint2,Cardinal Saint,solana,1399811149,1,1,1,2026-09-10T16:00:00.000Z,45038.04,2026-09-10T16:00:00.000Z,45038.04,0,45038.04,0.0268,0.75,,warming,false,1,warming,,,2026-09-10T16:00:00.000Z,sampled x1,4,
CardinalSaint2,Cardinal Saint,bsc,56,4,28,28,2026-08-29T00:00:00.000Z,17644.17,2026-09-10T16:00:00.000Z,17947.71,13,17947.71,0.0107,1,,warming,false,4,short_coverage,,(no reason given) x24,2026-09-10T16:00:00.000Z,rebuilt x3; sampled x1,4,
CardinalSaint2,Cardinal Saint,ethereum,1,1,1,1,2026-09-10T16:00:00.000Z,7.45,2026-09-10T16:00:00.000Z,7.45,0,7.45,0.0000,1,,warming,false,1,warming,,,2026-09-10T16:00:00.000Z,sampled x1,4,
Milliardi,Michael Milliardi,(all chains),,1,28,28,2026-09-10T16:00:00.000Z,1672933.30,2026-09-10T16:00:00.000Z,1672933.30,0,1672933.30,,,,ready,false,1,too_few_points,,chains_unrebuildable x27,2026-09-10T16:00:00.000Z,sampled x1,3,
Milliardi,Michael Milliardi,robinhood,4663,28,28,28,2026-08-14T00:00:00.000Z,0.00,2026-09-10T16:00:00.000Z,1028420.73,28,1028420.73,0.6147,1,,warming,false,28,short_coverage,,,2026-09-10T16:00:00.000Z,rebuilt x27; sampled x1,3,
Milliardi,Michael Milliardi,solana,1399811149,1,1,1,2026-09-10T16:00:00.000Z,634705.53,2026-09-10T16:00:00.000Z,634705.53,0,634705.53,0.3794,0.8889,,warming,false,1,warming,,,2026-09-10T16:00:00.000Z,sampled x1,3,
Milliardi,Michael Milliardi,ethereum,1,3,28,28,2026-09-04T00:00:00.000Z,2.70,2026-09-10T16:00:00.000Z,9807.03,7,9807.03,0.0059,1,,warming,false,3,short_coverage,,(no reason given) x24; no_prices x1,2026-09-10T16:00:00.000Z,rebuilt x2; sampled x1,3,
jotagezin,jg,(all chains),,1,28,28,2026-09-10T16:00:00.000Z,1666134.89,2026-09-10T16:00:00.000Z,1666134.89,0,1666134.89,,,,ready,false,1,too_few_points,,chains_unrebuildable x27,2026-09-10T16:00:00.000Z,sampled x1,4,
jotagezin,jg,robinhood,4663,28,28,28,2026-08-14T00:00:00.000Z,129084.94,2026-09-10T16:00:00.000Z,1645221.78,28,1645221.78,0.9874,1,,warming,false,28,short_coverage,,,2026-09-10T16:00:00.000Z,rebuilt x27; sampled x1,4,
jotagezin,jg,solana,1399811149,1,1,1,2026-09-10T16:00:00.000Z,20323.98,2026-09-10T16:00:00.000Z,20323.98,0,20323.98,0.0122,0.5393,,warming,false,1,warming,,,2026-09-10T16:00:00.000Z,sampled x1,4,
jotagezin,jg,bsc,56,20,28,28,2026-08-16T00:00:00.000Z,24.39,2026-09-10T16:00:00.000Z,579.54,26,579.54,0.0003,0.9231,,warming,false,20,short_coverage,,(no reason given) x1; no_prices x7,2026-09-10T16:00:00.000Z,rebuilt x19; sampled x1,4,
jotagezin,jg,ethereum,1,5,28,28,2026-08-14T00:00:00.000Z,3646.82,2026-09-10T16:00:00.000Z,9.60,28,9.60,0.0000,1,,warming,false,5,short_coverage,,(no reason given) x22; no_prices x1,2026-09-10T16:00:00.000Z,rebuilt x4; sampled x1,4,
cryptoalbus,Albus,(all chains),,1,28,28,2026-09-10T16:00:00.000Z,1651315.13,2026-09-10T16:00:00.000Z,1651315.13,0,1651315.13,,,,ready,false,1,too_few_points,,chains_unrebuildable x27,2026-09-10T16:00:00.000Z,sampled x1,4,
cryptoalbus,Albus,solana,1399811149,28,28,28,2026-08-14T00:00:00.000Z,731868.47,2026-09-10T16:00:00.000Z,905188.38,28,905188.38,0.5482,0.5833,,warming,false,28,short_coverage,,,2026-09-10T16:00:00.000Z,rebuilt x27; sampled x1,4,
cryptoalbus,Albus,robinhood,4663,28,28,28,2026-08-14T00:00:00.000Z,0.00,2026-09-10T16:00:00.000Z,745507.43,28,745507.43,0.4515,1,,warming,false,28,short_coverage,,,2026-09-10T16:00:00.000Z,rebuilt x27; sampled x1,4,
cryptoalbus,Albus,bsc,56,2,28,28,2026-09-09T00:00:00.000Z,1019.36,2026-09-10T16:00:00.000Z,616.15,2,616.15,0.0004,1,,ready,false,2,too_few_points,,(no reason given) x26,2026-09-10T16:00:00.000Z,rebuilt x1; sampled x1,4,
cryptoalbus,Albus,ethereum,1,3,28,28,2026-09-06T00:00:00.000Z,5.10,2026-09-10T16:00:00.000Z,3.17,5,3.17,0.0000,1,,warming,false,3,short_coverage,,(no reason given) x25,2026-09-10T16:00:00.000Z,rebuilt x2; sampled x1,4,
derek518,derekz,(all chains),,1,28,28,2026-09-10T16:00:00.000Z,1642889.29,2026-09-10T16:00:00.000Z,1642889.29,0,1642889.29,,,,ready,false,1,too_few_points,,chains_unrebuildable x27,2026-09-10T16:00:00.000Z,sampled x1,4,
derek518,derekz,solana,1399811149,1,1,1,2026-09-10T16:00:00.000Z,839068.85,2026-09-10T16:00:00.000Z,839068.85,0,839068.85,0.5107,0.8571,,warming,false,1,warming,,,2026-09-10T16:00:00.000Z,sampled x1,4,
derek518,derekz,robinhood,4663,14,28,28,2026-08-28T00:00:00.000Z,0.00,2026-09-10T16:00:00.000Z,803263.95,14,803263.95,0.4889,1,,warming,false,14,short_coverage,,no_prices x14,2026-09-10T16:00:00.000Z,rebuilt x13; sampled x1,4,
derek518,derekz,bsc,56,5,28,28,2026-09-03T00:00:00.000Z,369.08,2026-09-10T16:00:00.000Z,553.41,8,553.41,0.0003,1,,warming,false,5,short_coverage,,(no reason given) x23,2026-09-10T16:00:00.000Z,rebuilt x4; sampled x1,4,
derek518,derekz,ethereum,1,2,28,28,2026-09-01T00:00:00.000Z,2.13,2026-09-10T16:00:00.000Z,3.08,10,3.08,0.0000,1,,ready,false,2,too_few_points,,(no reason given) x26,2026-09-10T16:00:00.000Z,rebuilt x1; sampled x1,4,
rasmr,rasmr,(all chains),,1,28,28,2026-09-10T16:00:00.000Z,1603725.68,2026-09-10T16:00:00.000Z,1603725.68,0,1603725.68,,,,ready,false,1,too_few_points,,chains_unrebuildable x27,2026-09-10T16:00:00.000Z,sampled x1,4,
rasmr,rasmr,solana,1399811149,1,1,1,2026-09-10T16:00:00.000Z,853259.82,2026-09-10T16:00:00.000Z,853259.82,0,853259.82,0.5320,0.7583,,warming,false,1,warming,,,2026-09-10T16:00:00.000Z,sampled x1,4,
rasmr,rasmr,robinhood,4663,28,28,28,2026-08-14T00:00:00.000Z,0.00,2026-09-10T16:00:00.000Z,750080.79,28,750080.79,0.4677,1,,warming,false,28,short_coverage,,,2026-09-10T16:00:00.000Z,rebuilt x27; sampled x1,4,
rasmr,rasmr,bsc,56,14,28,28,2026-08-18T00:00:00.000Z,10067.71,2026-09-10T16:00:00.000Z,347.82,24,347.82,0.0002,1,,warming,false,14,short_coverage,,(no reason given) x11; no_prices x3,2026-09-10T16:00:00.000Z,rebuilt x13; sampled x1,4,
rasmr,rasmr,ethereum,1,3,28,28,2026-08-25T00:00:00.000Z,29.43,2026-09-10T16:00:00.000Z,37.25,17,37.25,0.0000,1,,warming,false,3,short_coverage,,(no reason given) x25,2026-09-10T16:00:00.000Z,rebuilt x2; sampled x1,4,
memeking888,memeking888,(all chains),,1,28,28,2026-09-10T16:00:00.000Z,1598629.80,2026-09-10T16:00:00.000Z,1598629.80,0,1598629.80,,,,ready,false,1,too_few_points,,chains_unrebuildable x27,2026-09-10T16:00:00.000Z,sampled x1,3,
memeking888,memeking888,robinhood,4663,20,28,28,2026-08-14T00:00:00.000Z,0.00,2026-09-10T16:00:00.000Z,1308172.87,28,1308172.87,0.8183,1,,warming,false,20,short_coverage,,no_prices x8,2026-09-10T16:00:00.000Z,rebuilt x19; sampled x1,3,
memeking888,memeking888,bsc,56,2,28,28,2026-09-09T00:00:00.000Z,16.39,2026-09-10T16:00:00.000Z,290452.85,2,290452.85,0.1817,1,,ready,false,2,too_few_points,,(no reason given) x26,2026-09-10T16:00:00.000Z,rebuilt x1; sampled x1,3,
memeking888,memeking888,ethereum,1,2,28,28,2026-09-02T00:00:00.000Z,3.45,2026-09-10T16:00:00.000Z,4.08,9,4.08,0.0000,1,,ready,false,2,too_few_points,,(no reason given) x26,2026-09-10T16:00:00.000Z,rebuilt x1; sampled x1,3,
pianches,Joon,(all chains),,1,28,28,2026-09-10T16:00:00.000Z,1470841.62,2026-09-10T16:00:00.000Z,1470841.62,0,1470841.62,,,,ready,false,1,too_few_points,,chains_unrebuildable x27,2026-09-10T16:00:00.000Z,sampled x1,4,
pianches,Joon,robinhood,4663,28,28,28,2026-08-14T00:00:00.000Z,0.00,2026-09-10T16:00:00.000Z,709883.17,28,709883.17,0.4826,1,,warming,false,28,short_coverage,,,2026-09-10T16:00:00.000Z,rebuilt x27; sampled x1,4,
pianches,Joon,solana,1399811149,1,1,1,2026-09-10T16:00:00.000Z,519488.04,2026-09-10T16:00:00.000Z,519488.04,0,519488.04,0.3532,0.8571,,warming,false,1,warming,,,2026-09-10T16:00:00.000Z,sampled x1,4,
pianches,Joon,bsc,56,16,28,28,2026-08-24T00:00:00.000Z,59.24,2026-09-10T16:00:00.000Z,241464.02,18,241464.02,0.1642,1,,warming,false,16,short_coverage,,(no reason given) x12,2026-09-10T16:00:00.000Z,rebuilt x15; sampled x1,4,
pianches,Joon,ethereum,1,4,28,28,2026-08-30T00:00:00.000Z,5.74,2026-09-10T16:00:00.000Z,6.39,12,6.39,0.0000,1,,warming,false,4,short_coverage,,(no reason given) x24,2026-09-10T16:00:00.000Z,rebuilt x3; sampled x1,4,
carlwheezor,Carl Wheezor,(all chains),,1,28,28,2026-09-10T16:00:00.000Z,1435789.63,2026-09-10T16:00:00.000Z,1435789.63,0,1435789.63,,,,ready,false,1,too_few_points,,chains_unrebuildable x27,2026-09-10T16:00:00.000Z,sampled x1,5,
carlwheezor,Carl Wheezor,robinhood,4663,28,28,28,2026-08-14T00:00:00.000Z,76181.21,2026-09-10T16:00:00.000Z,1427698.66,28,1427698.66,0.9944,1,,warming,false,28,short_coverage,,,2026-09-10T16:00:00.000Z,rebuilt x27; sampled x1,5,
carlwheezor,Carl Wheezor,base,8453,5,28,28,2026-08-16T00:00:00.000Z,6861.31,2026-09-10T16:00:00.000Z,6520.39,26,6520.39,0.0045,1,,warming,false,5,short_coverage,,no_prices x1; (no reason given) x22,2026-09-10T16:00:00.000Z,rebuilt x4; sampled x1,5,
carlwheezor,Carl Wheezor,solana,1399811149,28,28,28,2026-08-14T00:00:00.000Z,13523.13,2026-09-10T16:00:00.000Z,1482.46,28,1482.46,0.0010,0.5,,warming,false,28,short_coverage,,,2026-09-10T16:00:00.000Z,rebuilt x27; sampled x1,5,
carlwheezor,Carl Wheezor,bsc,56,2,28,28,2026-09-07T00:00:00.000Z,148.41,2026-09-10T16:00:00.000Z,80.44,4,80.44,0.0001,1,,ready,false,2,too_few_points,,(no reason given) x26,2026-09-10T16:00:00.000Z,rebuilt x1; sampled x1,5,
carlwheezor,Carl Wheezor,ethereum,1,7,28,28,2026-08-15T00:00:00.000Z,26.58,2026-09-10T16:00:00.000Z,7.68,27,7.68,0.0000,1,,warming,false,7,short_coverage,,(no reason given) x20; no_prices x1,2026-09-10T16:00:00.000Z,rebuilt x6; sampled x1,5,
SpicyPeruvian_,Spicy🌶️,(all chains),,1,28,28,2026-09-10T16:00:00.000Z,1356906.20,2026-09-10T16:00:00.000Z,1356906.20,0,1356906.20,,,,ready,false,1,too_few_points,,chains_unrebuildable x27,2026-09-10T16:00:00.000Z,sampled x1,4,
SpicyPeruvian_,Spicy🌶️,robinhood,4663,28,28,28,2026-08-14T00:00:00.000Z,38.91,2026-09-10T16:00:00.000Z,1349432.91,28,1349432.91,0.9945,1,,warming,false,28,short_coverage,,,2026-09-10T16:00:00.000Z,rebuilt x27; sampled x1,4,
SpicyPeruvian_,Spicy🌶️,solana,1399811149,1,1,1,2026-09-10T16:00:00.000Z,7470.15,2026-09-10T16:00:00.000Z,7470.15,0,7470.15,0.0055,0.679,,warming,false,1,warming,,,2026-09-10T16:00:00.000Z,sampled x1,4,
SpicyPeruvian_,Spicy🌶️,ethereum,1,4,28,28,2026-08-19T00:00:00.000Z,2.88,2026-09-10T16:00:00.000Z,2.86,23,2.86,0.0000,1,,warming,false,4,short_coverage,,(no reason given) x24,2026-09-10T16:00:00.000Z,rebuilt x3; sampled x1,4,
SpicyPeruvian_,Spicy🌶️,bsc,56,4,28,28,2026-08-22T00:00:00.000Z,0.24,2026-09-10T16:00:00.000Z,0.28,20,0.28,0.0000,1,,warming,false,4,short_coverage,,(no reason given) x24,2026-09-10T16:00:00.000Z,rebuilt x3; sampled x1,4,
insentos,insentos,(all chains),,1,28,28,2026-09-10T16:00:00.000Z,1339322.02,2026-09-10T16:00:00.000Z,1339322.02,0,1339322.02,,,,ready,false,1,too_few_points,,chains_unrebuildable x27,2026-09-10T16:00:00.000Z,sampled x1,5,
insentos,insentos,robinhood,4663,28,28,28,2026-08-14T00:00:00.000Z,4545.73,2026-09-10T16:00:00.000Z,1316417.12,28,1316417.12,0.9829,1,,warming,false,28,short_coverage,,,2026-09-10T16:00:00.000Z,rebuilt x27; sampled x1,5,
insentos,insentos,solana,1399811149,1,1,1,2026-09-10T16:00:00.000Z,22873.39,2026-09-10T16:00:00.000Z,22873.39,0,22873.39,0.0171,0.9809,,warming,false,1,warming,,,2026-09-10T16:00:00.000Z,sampled x1,5,
insentos,insentos,bsc,56,4,28,28,2026-09-01T00:00:00.000Z,8.01,2026-09-10T16:00:00.000Z,18.04,10,18.04,0.0000,1,,warming,false,4,short_coverage,,(no reason given) x21; no_prices x3,2026-09-10T16:00:00.000Z,rebuilt x3; sampled x1,5,
insentos,insentos,base,8453,2,28,28,2026-09-04T00:00:00.000Z,9.46,2026-09-10T16:00:00.000Z,10.37,7,10.37,0.0000,1,,ready,false,2,too_few_points,,(no reason given) x26,2026-09-10T16:00:00.000Z,rebuilt x1; sampled x1,5,
insentos,insentos,ethereum,1,7,28,28,2026-08-15T00:00:00.000Z,499.43,2026-09-10T16:00:00.000Z,3.11,27,3.11,0.0000,0.6667,,warming,false,7,short_coverage,,(no reason given) x18; no_prices x3,2026-09-10T16:00:00.000Z,rebuilt x6; sampled x1,5,
paidinfullintel,paidinfullintel,(all chains),,1,28,28,2026-09-10T16:00:00.000Z,1325766.72,2026-09-10T16:00:00.000Z,1325766.72,0,1325766.72,,,,ready,false,1,too_few_points,,chains_unrebuildable x27,2026-09-10T16:00:00.000Z,sampled x1,5,
paidinfullintel,paidinfullintel,robinhood,4663,28,28,28,2026-08-14T00:00:00.000Z,74870.74,2026-09-10T16:00:00.000Z,1170304.18,28,1170304.18,0.8827,1,,warming,false,28,short_coverage,,,2026-09-10T16:00:00.000Z,rebuilt x27; sampled x1,5,
paidinfullintel,paidinfullintel,solana,1399811149,1,1,1,2026-09-10T16:00:00.000Z,150347.43,2026-09-10T16:00:00.000Z,150347.43,0,150347.43,0.1134,0.8043,,warming,false,1,warming,,,2026-09-10T16:00:00.000Z,sampled x1,5,
paidinfullintel,paidinfullintel,bsc,56,16,28,28,2026-08-21T00:00:00.000Z,137.39,2026-09-10T16:00:00.000Z,5061.70,21,5061.70,0.0038,0.9231,,warming,false,16,short_coverage,,no_prices x8; (no reason given) x4,2026-09-10T16:00:00.000Z,rebuilt x15; sampled x1,5,
paidinfullintel,paidinfullintel,ethereum,1,10,28,28,2026-08-15T00:00:00.000Z,3.13,2026-09-10T16:00:00.000Z,53.25,27,53.25,0.0000,1,,warming,false,10,short_coverage,,(no reason given) x10; no_prices x8,2026-09-10T16:00:00.000Z,rebuilt x9; sampled x1,5,
paidinfullintel,paidinfullintel,base,8453,3,28,28,2026-09-02T00:00:00.000Z,0.13,2026-09-10T16:00:00.000Z,0.16,9,0.16,0.0000,1,,warming,false,3,short_coverage,,(no reason given) x25,2026-09-10T16:00:00.000Z,rebuilt x2; sampled x1,5,
0xdetweiler,Theo,(all chains),,1,28,28,2026-09-10T16:00:00.000Z,1297120.76,2026-09-10T16:00:00.000Z,1297120.76,0,1297120.76,,,,ready,false,1,too_few_points,,chains_unrebuildable x27,2026-09-10T14:00:00.000Z,sampled x1,4,
0xdetweiler,Theo,solana,1399811149,1,1,1,2026-09-10T16:00:00.000Z,1227305.93,2026-09-10T16:00:00.000Z,1227305.93,0,1227305.93,0.9462,0.68,,warming,false,1,warming,,,2026-09-10T14:00:00.000Z,sampled x1,4,
0xdetweiler,Theo,robinhood,4663,28,28,28,2026-08-14T00:00:00.000Z,48955.54,2026-09-10T16:00:00.000Z,69659.92,28,69659.92,0.0537,0.8158,,warming,false,28,short_coverage,,,2026-09-10T14:00:00.000Z,rebuilt x27; sampled x1,4,
0xdetweiler,Theo,bsc,56,19,28,28,2026-08-16T00:00:00.000Z,20.90,2026-09-10T16:00:00.000Z,149.33,26,149.33,0.0001,0.9,,warming,false,19,short_coverage,,(no reason given) x5; no_prices x4,2026-09-10T14:00:00.000Z,rebuilt x18; sampled x1,4,
0xdetweiler,Theo,ethereum,1,6,28,28,2026-08-19T00:00:00.000Z,2.16,2026-09-10T16:00:00.000Z,5.59,23,5.59,0.0000,1,,warming,false,6,short_coverage,,(no reason given) x22,2026-09-10T14:00:00.000Z,rebuilt x5; sampled x1,4,
seralberttrades,Ser Albert,(all chains),,1,28,28,2026-09-10T16:00:00.000Z,1295793.10,2026-09-10T16:00:00.000Z,1295793.10,0,1295793.10,,,,ready,false,1,too_few_points,,chains_unrebuildable x27,2026-09-10T16:00:00.000Z,sampled x1,5,
seralberttrades,Ser Albert,robinhood,4663,28,28,28,2026-08-14T00:00:00.000Z,153405.85,2026-09-10T16:00:00.000Z,1023590.32,28,1023590.32,0.7899,1,,warming,false,28,short_coverage,,,2026-09-10T16:00:00.000Z,rebuilt x27; sampled x1,5,
seralberttrades,Ser Albert,base,8453,8,28,28,2026-08-25T00:00:00.000Z,416.15,2026-09-10T16:00:00.000Z,193995.95,17,193995.95,0.1497,1,,warming,false,8,short_coverage,,(no reason given) x20,2026-09-10T16:00:00.000Z,rebuilt x7; sampled x1,5,
seralberttrades,Ser Albert,bsc,56,15,28,28,2026-08-14T00:00:00.000Z,70.14,2026-09-10T16:00:00.000Z,77248.88,28,77248.88,0.0596,1,,warming,false,15,short_coverage,,(no reason given) x11; no_prices x2,2026-09-10T16:00:00.000Z,rebuilt x14; sampled x1,5,
seralberttrades,Ser Albert,solana,1399811149,1,1,1,2026-09-10T16:00:00.000Z,943.81,2026-09-10T16:00:00.000Z,943.81,0,943.81,0.0007,0.9481,,warming,false,1,warming,,,2026-09-10T16:00:00.000Z,sampled x1,5,
seralberttrades,Ser Albert,ethereum,1,6,28,28,2026-08-17T00:00:00.000Z,3.89,2026-09-10T16:00:00.000Z,14.14,25,14.14,0.0000,1,,warming,false,6,short_coverage,,(no reason given) x22,2026-09-10T16:00:00.000Z,rebuilt x5; sampled x1,5,
TheGasChad,pbm,(all chains),,1,28,28,2026-09-10T16:00:00.000Z,1276627.72,2026-09-10T16:00:00.000Z,1276627.72,0,1276627.72,,,,ready,false,1,too_few_points,,chains_unrebuildable x27,2026-09-10T16:00:00.000Z,sampled x1,3,
TheGasChad,pbm,robinhood,4663,28,28,28,2026-08-14T00:00:00.000Z,113453.03,2026-09-10T16:00:00.000Z,1276555.86,28,1276555.86,0.9999,1,,warming,false,28,short_coverage,,,2026-09-10T16:00:00.000Z,rebuilt x27; sampled x1,3,
TheGasChad,pbm,solana,1399811149,1,1,1,2026-09-10T16:00:00.000Z,63.58,2026-09-10T16:00:00.000Z,63.58,0,63.58,0.0000,1,,warming,false,1,warming,,,2026-09-10T16:00:00.000Z,sampled x1,3,
TheGasChad,pbm,ethereum,1,4,28,28,2026-08-17T00:00:00.000Z,3.20,2026-09-10T16:00:00.000Z,8.28,25,8.28,0.0000,1,,warming,false,4,short_coverage,,(no reason given) x24,2026-09-10T16:00:00.000Z,rebuilt x3; sampled x1,3,
smokey0x,SmokΞy,(all chains),,1,28,28,2026-09-10T16:00:00.000Z,1257698.85,2026-09-10T16:00:00.000Z,1257698.85,0,1257698.85,,,,ready,false,1,too_few_points,,chains_unrebuildable x27,2026-09-10T16:00:00.000Z,sampled x1,4,
smokey0x,SmokΞy,bsc,56,10,28,28,2026-08-15T00:00:00.000Z,327384.64,2026-09-10T16:00:00.000Z,745254.25,27,745254.25,0.5926,1,,warming,false,10,short_coverage,,(no reason given) x15; no_prices x3,2026-09-10T16:00:00.000Z,rebuilt x9; sampled x1,4,
smokey0x,SmokΞy,robinhood,4663,28,28,28,2026-08-14T00:00:00.000Z,2.09,2026-09-10T16:00:00.000Z,459281.75,28,459281.75,0.3652,1,,warming,false,28,short_coverage,,,2026-09-10T16:00:00.000Z,rebuilt x27; sampled x1,4,
smokey0x,SmokΞy,solana,1399811149,1,1,1,2026-09-10T16:00:00.000Z,53152.35,2026-09-10T16:00:00.000Z,53152.35,0,53152.35,0.0423,0.9595,,warming,false,1,warming,,,2026-09-10T16:00:00.000Z,sampled x1,4,
smokey0x,SmokΞy,ethereum,1,6,28,28,2026-08-21T00:00:00.000Z,4.06,2026-09-10T16:00:00.000Z,10.50,21,10.50,0.0000,1,,warming,false,6,short_coverage,,(no reason given) x22,2026-09-10T16:00:00.000Z,rebuilt x5; sampled x1,4,
TizzWhisperer,Tizz,(all chains),,1,28,28,2026-09-10T16:00:00.000Z,1242606.70,2026-09-10T16:00:00.000Z,1242606.70,0,1242606.70,,,,ready,false,1,too_few_points,,chains_unrebuildable x27,2026-09-10T16:00:00.000Z,sampled x1,4,
TizzWhisperer,Tizz,robinhood,4663,28,28,28,2026-08-14T00:00:00.000Z,15901.45,2026-09-10T16:00:00.000Z,1241379.82,28,1241379.82,0.9990,0.9286,,warming,false,28,short_coverage,,,2026-09-10T16:00:00.000Z,rebuilt x27; sampled x1,4,
TizzWhisperer,Tizz,solana,1399811149,1,1,1,2026-09-10T16:00:00.000Z,1223.01,2026-09-10T16:00:00.000Z,1223.01,0,1223.01,0.0010,0.7778,,warming,false,1,warming,,,2026-09-10T16:00:00.000Z,sampled x1,4,
TizzWhisperer,Tizz,ethereum,1,3,28,28,2026-09-03T00:00:00.000Z,4.03,2026-09-10T16:00:00.000Z,3.87,8,3.87,0.0000,1,,warming,false,3,short_coverage,,(no reason given) x25,2026-09-10T16:00:00.000Z,rebuilt x2; sampled x1,4,
TizzWhisperer,Tizz,base,8453,5,28,28,2026-08-22T00:00:00.000Z,6.46,2026-09-09T00:00:00.000Z,5.91,18,,,0,no_prices,warming,false,5,short_coverage,no_prices,(no reason given) x22; no_prices x1,2026-09-10T16:00:00.000Z,rebuilt x5,4,
loganlim_x,Logan Lim,(all chains),,1,28,28,2026-09-10T16:00:00.000Z,1223610.23,2026-09-10T16:00:00.000Z,1223610.23,0,1223610.23,,,,ready,false,1,too_few_points,,chains_unrebuildable x27,2026-09-10T16:00:00.000Z,sampled x1,5,
loganlim_x,Logan Lim,robinhood,4663,28,28,28,2026-08-14T00:00:00.000Z,1066390.56,2026-09-10T16:00:00.000Z,1023357.74,28,1023357.74,0.8363,1,,warming,false,28,short_coverage,,,2026-09-10T16:00:00.000Z,rebuilt x27; sampled x1,5,
loganlim_x,Logan Lim,bsc,56,13,28,28,2026-08-19T00:00:00.000Z,193.49,2026-09-10T16:00:00.000Z,175447.81,23,175447.81,0.1434,1,,warming,false,13,short_coverage,,(no reason given) x14; no_prices x1,2026-09-10T16:00:00.000Z,rebuilt x12; sampled x1,5,
loganlim_x,Logan Lim,solana,1399811149,1,1,1,2026-09-10T16:00:00.000Z,24785.35,2026-09-10T16:00:00.000Z,24785.35,0,24785.35,0.0203,0.9577,,warming,false,1,warming,,,2026-09-10T16:00:00.000Z,sampled x1,5,
loganlim_x,Logan Lim,base,8453,4,28,28,2026-08-29T00:00:00.000Z,0.55,2026-09-10T16:00:00.000Z,11.66,13,11.66,0.0000,1,,warming,false,4,short_coverage,,(no reason given) x24,2026-09-10T16:00:00.000Z,rebuilt x3; sampled x1,5,
loganlim_x,Logan Lim,ethereum,1,8,28,28,2026-08-16T00:00:00.000Z,14.39,2026-09-10T16:00:00.000Z,7.68,26,7.68,0.0000,1,,warming,false,8,short_coverage,,(no reason given) x20,2026-09-10T16:00:00.000Z,rebuilt x7; sampled x1,5,
Visi235,Visionary,(all chains),,1,28,28,2026-09-10T16:00:00.000Z,1207804.70,2026-09-10T16:00:00.000Z,1207804.70,0,1207804.70,,,,ready,false,1,too_few_points,,chains_unrebuildable x27,2026-09-10T16:00:00.000Z,sampled x1,3,
Visi235,Visionary,solana,1399811149,1,1,1,2026-09-10T16:00:00.000Z,1198611.10,2026-09-10T16:00:00.000Z,1198611.10,0,1198611.10,0.9924,1,,warming,false,1,warming,,,2026-09-10T16:00:00.000Z,sampled x1,3,
Visi235,Visionary,robinhood,4663,28,28,28,2026-08-14T00:00:00.000Z,136121.64,2026-09-10T16:00:00.000Z,9187.22,28,9187.22,0.0076,1,,warming,false,28,short_coverage,,,2026-09-10T16:00:00.000Z,rebuilt x27; sampled x1,3,
Visi235,Visionary,ethereum,1,3,28,28,2026-08-30T00:00:00.000Z,5.74,2026-09-10T16:00:00.000Z,6.39,12,6.39,0.0000,1,,warming,false,3,short_coverage,,(no reason given) x25,2026-09-10T16:00:00.000Z,rebuilt x2; sampled x1,3,
Rowdy,Rowdy,(all chains),,1,28,28,2026-09-10T16:00:00.000Z,1186083.11,2026-09-10T16:00:00.000Z,1186083.11,0,1186083.11,,,,ready,false,1,too_few_points,,chains_unrebuildable x27,2026-09-10T16:00:00.000Z,sampled x1,4,
Rowdy,Rowdy,robinhood,4663,28,28,28,2026-08-14T00:00:00.000Z,4945.19,2026-09-10T16:00:00.000Z,646859.97,28,646859.97,0.5454,1,,warming,false,28,short_coverage,,,2026-09-10T16:00:00.000Z,rebuilt x27; sampled x1,4,
Rowdy,Rowdy,solana,1399811149,1,1,1,2026-09-10T16:00:00.000Z,389524.78,2026-09-10T16:00:00.000Z,389524.78,0,389524.78,0.3284,0.8077,,warming,false,1,warming,,,2026-09-10T16:00:00.000Z,sampled x1,4,
Rowdy,Rowdy,ethereum,1,13,28,28,2026-08-14T00:00:00.000Z,5105.54,2026-09-10T16:00:00.000Z,149638.59,28,149638.59,0.1262,1,,warming,false,13,short_coverage,,(no reason given) x13; no_prices x2,2026-09-10T16:00:00.000Z,rebuilt x12; sampled x1,4,
Rowdy,Rowdy,base,8453,7,28,28,2026-08-29T00:00:00.000Z,73.58,2026-09-10T16:00:00.000Z,59.76,13,59.76,0.0001,1,,warming,false,7,short_coverage,,(no reason given) x21,2026-09-10T16:00:00.000Z,rebuilt x6; sampled x1,4,
smol_intern,ₛₘₒₗ intern 💡,(all chains),,1,28,28,2026-09-10T16:00:00.000Z,1179084.62,2026-09-10T16:00:00.000Z,1179084.62,0,1179084.62,,,,ready,false,1,too_few_points,,chains_unrebuildable x27,2026-09-10T16:00:00.000Z,sampled x1,4,
smol_intern,ₛₘₒₗ intern 💡,solana,1399811149,1,1,1,2026-09-10T16:00:00.000Z,920189.10,2026-09-10T16:00:00.000Z,920189.10,0,920189.10,0.7804,0.9856,,warming,false,1,warming,,,2026-09-10T16:00:00.000Z,sampled x1,4,
smol_intern,ₛₘₒₗ intern 💡,robinhood,4663,28,28,28,2026-08-14T00:00:00.000Z,90717.53,2026-09-10T16:00:00.000Z,258320.84,28,258320.84,0.2191,1,,warming,false,28,short_coverage,,,2026-09-10T16:00:00.000Z,rebuilt x27; sampled x1,4,
smol_intern,ₛₘₒₗ intern 💡,bsc,56,21,28,28,2026-08-15T00:00:00.000Z,65.55,2026-09-10T16:00:00.000Z,553.16,27,553.16,0.0005,1,,warming,false,21,short_coverage,,(no reason given) x2; no_prices x5,2026-09-10T16:00:00.000Z,rebuilt x20; sampled x1,4,
smol_intern,ₛₘₒₗ intern 💡,ethereum,1,7,28,28,2026-08-16T00:00:00.000Z,4.32,2026-09-10T16:00:00.000Z,21.52,26,21.52,0.0000,1,,warming,false,7,short_coverage,,(no reason given) x21,2026-09-10T16:00:00.000Z,rebuilt x6; sampled x1,4,
kingofgotham,kingofgotham,(all chains),,1,28,28,2026-09-10T16:00:00.000Z,1173160.32,2026-09-10T16:00:00.000Z,1173160.32,0,1173160.32,,,,ready,false,1,too_few_points,,chains_unrebuildable x27,2026-09-10T16:00:00.000Z,sampled x1,2,
kingofgotham,kingofgotham,robinhood,4663,28,28,28,2026-08-14T00:00:00.000Z,76008.90,2026-09-10T16:00:00.000Z,1173153.01,28,1173153.01,1.0000,1,,warming,false,28,short_coverage,,,2026-09-10T16:00:00.000Z,rebuilt x27; sampled x1,2,
kingofgotham,kingofgotham,ethereum,1,7,28,28,2026-09-01T00:00:00.000Z,0.92,2026-09-10T16:00:00.000Z,7.30,10,7.30,0.0000,1,,warming,false,7,short_coverage,,(no reason given) x21,2026-09-10T16:00:00.000Z,rebuilt x6; sampled x1,2,
LehmanFarters,Lehman Farters,(all chains),,1,28,28,2026-09-10T16:00:00.000Z,1155874.28,2026-09-10T16:00:00.000Z,1155874.28,0,1155874.28,,,,ready,false,1,too_few_points,,chains_unrebuildable x27,2026-09-10T16:00:00.000Z,sampled x1,3,
LehmanFarters,Lehman Farters,robinhood,4663,28,28,28,2026-08-14T00:00:00.000Z,92578.61,2026-09-10T16:00:00.000Z,1154387.92,28,1154387.92,0.9987,1,,warming,false,28,short_coverage,,,2026-09-10T16:00:00.000Z,rebuilt x27; sampled x1,3,
LehmanFarters,Lehman Farters,solana,1399811149,1,1,1,2026-09-10T16:00:00.000Z,1479.97,2026-09-10T16:00:00.000Z,1479.97,0,1479.97,0.0013,1,,warming,false,1,warming,,,2026-09-10T16:00:00.000Z,sampled x1,3,
LehmanFarters,Lehman Farters,ethereum,1,6,28,28,2026-08-23T00:00:00.000Z,2.47,2026-09-10T16:00:00.000Z,6.39,19,6.39,0.0000,1,,warming,false,6,short_coverage,,(no reason given) x22,2026-09-10T16:00:00.000Z,rebuilt x5; sampled x1,3,
midcurver,Midcurver,(all chains),,1,28,28,2026-09-10T16:00:00.000Z,1121218.64,2026-09-10T16:00:00.000Z,1121218.64,0,1121218.64,,,,ready,false,1,too_few_points,,chains_unrebuildable x27,2026-09-10T16:00:00.000Z,sampled x1,5,
midcurver,Midcurver,robinhood,4663,28,28,28,2026-08-14T00:00:00.000Z,119749.86,2026-09-10T16:00:00.000Z,972121.11,28,972121.11,0.8670,1,,warming,false,28,short_coverage,,,2026-09-10T16:00:00.000Z,rebuilt x27; sampled x1,5,
midcurver,Midcurver,solana,1399811149,1,1,1,2026-09-10T16:00:00.000Z,146581.07,2026-09-10T16:00:00.000Z,146581.07,0,146581.07,0.1307,0.9639,,warming,false,1,warming,,,2026-09-10T16:00:00.000Z,sampled x1,5,
midcurver,Midcurver,bsc,56,21,28,28,2026-08-16T00:00:00.000Z,14737.36,2026-09-10T16:00:00.000Z,2098.17,26,2098.17,0.0019,1,,warming,false,21,short_coverage,,(no reason given) x5; no_prices x2,2026-09-10T16:00:00.000Z,rebuilt x20; sampled x1,5,
midcurver,Midcurver,base,8453,1,1,1,2026-09-10T16:00:00.000Z,377.56,2026-09-10T16:00:00.000Z,377.56,0,377.56,0.0003,1,,warming,false,1,warming,,,2026-09-10T16:00:00.000Z,sampled x1,5,
midcurver,Midcurver,ethereum,1,5,28,28,2026-08-17T00:00:00.000Z,5.76,2026-09-10T16:00:00.000Z,40.73,25,40.73,0.0000,1,,warming,false,5,short_coverage,,(no reason given) x21; no_prices x2,2026-09-10T16:00:00.000Z,rebuilt x4; sampled x1,5,
cryptochi3f_,CryptoChief,(all chains),,1,28,28,2026-09-10T16:00:00.000Z,1103561.46,2026-09-10T16:00:00.000Z,1103561.46,0,1103561.46,,,,ready,false,1,too_few_points,,chains_unrebuildable x27,2026-09-10T16:00:00.000Z,sampled x1,5,
cryptochi3f_,CryptoChief,robinhood,4663,28,28,28,2026-08-14T00:00:00.000Z,158816.12,2026-09-10T16:00:00.000Z,1016809.61,28,1016809.61,0.9214,0.7857,,warming,false,28,short_coverage,,,2026-09-10T16:00:00.000Z,rebuilt x27; sampled x1,5,
cryptochi3f_,CryptoChief,bsc,56,6,28,28,2026-08-23T00:00:00.000Z,4.20,2026-09-10T16:00:00.000Z,53105.90,19,53105.90,0.0481,1,,warming,false,6,short_coverage,,(no reason given) x22,2026-09-10T16:00:00.000Z,rebuilt x5; sampled x1,5,
cryptochi3f_,CryptoChief,base,8453,4,28,28,2026-08-28T00:00:00.000Z,11487.19,2026-09-10T16:00:00.000Z,17392.15,14,17392.15,0.0158,1,,warming,false,4,short_coverage,,(no reason given) x24,2026-09-10T16:00:00.000Z,rebuilt x3; sampled x1,5,
cryptochi3f_,CryptoChief,solana,1399811149,1,1,1,2026-09-10T16:00:00.000Z,16030.10,2026-09-10T16:00:00.000Z,16030.10,0,16030.10,0.0145,0.6154,,warming,false,1,warming,,,2026-09-10T16:00:00.000Z,sampled x1,5,
cryptochi3f_,CryptoChief,ethereum,1,5,28,28,2026-08-20T00:00:00.000Z,247.66,2026-09-10T16:00:00.000Z,223.69,22,223.69,0.0002,1,,warming,false,5,short_coverage,,(no reason given) x22; no_prices x1,2026-09-10T16:00:00.000Z,rebuilt x4; sampled x1,5,
fr3ak,fr3ak,(all chains),,1,28,28,2026-09-10T16:00:00.000Z,1091301.25,2026-09-10T16:00:00.000Z,1091301.25,0,1091301.25,,,,ready,false,1,too_few_points,,chains_unrebuildable x27,2026-09-10T16:00:00.000Z,sampled x1,4,
fr3ak,fr3ak,robinhood,4663,18,28,28,2026-08-24T00:00:00.000Z,106728.47,2026-09-10T16:00:00.000Z,565680.40,18,565680.40,0.5184,0.9333,,warming,false,18,short_coverage,,no_prices x10,2026-09-10T16:00:00.000Z,rebuilt x17; sampled x1,4,
fr3ak,fr3ak,solana,1399811149,1,1,1,2026-09-10T16:00:00.000Z,300449.62,2026-09-10T16:00:00.000Z,300449.62,0,300449.62,0.2753,0.9286,,warming,false,1,warming,,,2026-09-10T16:00:00.000Z,sampled x1,4,
fr3ak,fr3ak,bsc,56,8,28,28,2026-08-29T00:00:00.000Z,2.18,2026-09-10T16:00:00.000Z,225164.08,13,225164.08,0.2063,1,,warming,false,8,short_coverage,,(no reason given) x17; no_prices x3,2026-09-10T16:00:00.000Z,rebuilt x7; sampled x1,4,
fr3ak,fr3ak,ethereum,1,2,28,28,2026-09-04T00:00:00.000Z,14933.34,2026-09-10T16:00:00.000Z,7.16,7,7.16,0.0000,1,,ready,false,2,too_few_points,,(no reason given) x26,2026-09-10T16:00:00.000Z,rebuilt x1; sampled x1,4,
ethersole,ethersole,(all chains),,2,28,28,2026-09-05T00:00:00.000Z,2597983.20,2026-09-10T16:00:00.000Z,1083095.27,6,1083095.27,,,,ready,false,2,too_few_points,,chains_unrebuildable x26,2026-09-10T16:00:00.000Z,rebuilt x1; sampled x1,2,
ethersole,ethersole,robinhood,4663,18,28,28,2026-08-24T00:00:00.000Z,23921.54,2026-09-10T16:00:00.000Z,1083092.19,18,1083092.19,1.0000,1,,warming,false,18,short_coverage,,no_prices x10,2026-09-10T16:00:00.000Z,rebuilt x17; sampled x1,2,
ethersole,ethersole,ethereum,1,2,28,28,2026-09-05T00:00:00.000Z,2.56,2026-09-10T16:00:00.000Z,3.08,6,3.08,0.0000,1,,ready,false,2,too_few_points,,(no reason given) x26,2026-09-10T16:00:00.000Z,rebuilt x1; sampled x1,2,
Jols,Jols,(all chains),,1,28,28,2026-09-10T16:00:00.000Z,1058293.42,2026-09-10T16:00:00.000Z,1058293.42,0,1058293.42,,,,ready,false,1,too_few_points,,chains_unrebuildable x27,2026-09-10T16:00:00.000Z,sampled x1,4,
Jols,Jols,robinhood,4663,28,28,28,2026-08-14T00:00:00.000Z,0.00,2026-09-10T16:00:00.000Z,1057243.51,28,1057243.51,0.9990,1,,warming,false,28,short_coverage,,,2026-09-10T16:00:00.000Z,rebuilt x27; sampled x1,4,
Jols,Jols,solana,1399811149,1,1,1,2026-09-10T16:00:00.000Z,1036.01,2026-09-10T16:00:00.000Z,1036.01,0,1036.01,0.0010,0.6923,,warming,false,1,warming,,,2026-09-10T16:00:00.000Z,sampled x1,4,
Jols,Jols,bsc,56,9,28,28,2026-08-21T00:00:00.000Z,3.30,2026-09-10T16:00:00.000Z,7.52,21,7.52,0.0000,1,,warming,false,9,short_coverage,,(no reason given) x18; no_prices x1,2026-09-10T16:00:00.000Z,rebuilt x8; sampled x1,4,
Jols,Jols,ethereum,1,2,28,28,2026-08-23T00:00:00.000Z,2.47,2026-09-10T16:00:00.000Z,6.39,19,6.39,0.0000,1,,ready,false,2,too_few_points,,(no reason given) x26,2026-09-10T16:00:00.000Z,rebuilt x1; sampled x1,4,
zakum,Zakum,(all chains),,1,28,28,2026-09-10T16:00:00.000Z,1049309.52,2026-09-10T16:00:00.000Z,1049309.52,0,1049309.52,,,,ready,false,1,too_few_points,,chains_unrebuildable x27,2026-09-10T16:00:00.000Z,sampled x1,2,
zakum,Zakum,solana,1399811149,1,1,1,2026-09-10T16:00:00.000Z,1049309.52,2026-09-10T16:00:00.000Z,1049309.52,0,1049309.52,1.0000,0.8421,,warming,false,1,warming,,,2026-09-10T16:00:00.000Z,sampled x1,2,
zakum,Zakum,robinhood,4663,10,28,28,2026-08-31T00:00:00.000Z,512.64,2026-09-09T00:00:00.000Z,154.70,9,,,0,no_prices,warming,false,10,short_coverage,no_prices,no_prices x18,2026-09-10T16:00:00.000Z,rebuilt x10,2,
ventikohi,Kohi,(all chains),,1,28,28,2026-09-10T16:00:00.000Z,1042753.48,2026-09-10T16:00:00.000Z,1042753.48,0,1042753.48,,,,ready,false,1,too_few_points,,chains_unrebuildable x27,2026-09-10T16:00:00.000Z,sampled x1,5,
ventikohi,Kohi,robinhood,4663,28,28,28,2026-08-14T00:00:00.000Z,30390.86,2026-09-10T16:00:00.000Z,910320.26,28,910320.26,0.8730,1,,warming,false,28,short_coverage,,,2026-09-10T16:00:00.000Z,rebuilt x27; sampled x1,5,
ventikohi,Kohi,solana,1399811149,1,1,1,2026-09-10T16:00:00.000Z,126226.09,2026-09-10T16:00:00.000Z,126226.09,0,126226.09,0.1211,1,,warming,false,1,warming,,,2026-09-10T16:00:00.000Z,sampled x1,5,
ventikohi,Kohi,bsc,56,11,28,28,2026-08-15T00:00:00.000Z,11.83,2026-09-10T16:00:00.000Z,6199.45,27,6199.45,0.0059,1,,warming,false,11,short_coverage,,no_prices x8; (no reason given) x9,2026-09-10T16:00:00.000Z,rebuilt x10; sampled x1,5,
ventikohi,Kohi,base,8453,5,28,28,2026-08-30T00:00:00.000Z,1.96,2026-09-10T16:00:00.000Z,3.97,12,3.97,0.0000,1,,warming,false,5,short_coverage,,(no reason given) x23,2026-09-10T16:00:00.000Z,rebuilt x4; sampled x1,5,
ventikohi,Kohi,ethereum,1,7,28,28,2026-08-20T00:00:00.000Z,1.44,2026-09-10T16:00:00.000Z,3.72,22,3.72,0.0000,1,,warming,false,7,short_coverage,,(no reason given) x21,2026-09-10T16:00:00.000Z,rebuilt x6; sampled x1,5,
workethic,workethic,(all chains),,1,28,28,2026-09-10T16:00:00.000Z,1040911.88,2026-09-10T16:00:00.000Z,1040911.88,0,1040911.88,,,,ready,false,1,too_few_points,,chains_unrebuildable x27,2026-09-10T16:00:00.000Z,sampled x1,5,
workethic,workethic,robinhood,4663,28,28,28,2026-08-14T00:00:00.000Z,18554.91,2026-09-10T16:00:00.000Z,929907.78,28,929907.78,0.8934,1,,warming,false,28,short_coverage,,,2026-09-10T16:00:00.000Z,rebuilt x27; sampled x1,5,
workethic,workethic,bsc,56,17,28,28,2026-08-23T00:00:00.000Z,236.54,2026-09-10T16:00:00.000Z,110937.97,19,110937.97,0.1066,1,,warming,false,17,short_coverage,,(no reason given) x11,2026-09-10T16:00:00.000Z,rebuilt x16; sampled x1,5,
workethic,workethic,solana,1399811149,1,1,1,2026-09-10T16:00:00.000Z,44.46,2026-09-10T16:00:00.000Z,44.46,0,44.46,0.0000,0.3333,,warming,false,1,warming,,,2026-09-10T16:00:00.000Z,sampled x1,5,
workethic,workethic,base,8453,2,28,28,2026-09-08T00:00:00.000Z,352.95,2026-09-10T16:00:00.000Z,14.23,3,14.23,0.0000,1,,ready,false,2,too_few_points,,(no reason given) x26,2026-09-10T16:00:00.000Z,rebuilt x1; sampled x1,5,
workethic,workethic,ethereum,1,5,28,28,2026-08-17T00:00:00.000Z,2.88,2026-09-10T16:00:00.000Z,7.45,25,7.45,0.0000,1,,warming,false,5,short_coverage,,(no reason given) x23,2026-09-10T16:00:00.000Z,rebuilt x4; sampled x1,5,
SerAvocado,Avocado,(all chains),,1,28,28,2026-09-10T16:00:00.000Z,1028782.91,2026-09-10T16:00:00.000Z,1028782.91,0,1028782.91,,,,ready,false,1,too_few_points,,chains_unrebuildable x27,2026-09-10T16:00:00.000Z,sampled x1,5,
SerAvocado,Avocado,bsc,56,11,28,28,2026-08-18T00:00:00.000Z,10.99,2026-09-10T16:00:00.000Z,886287.50,24,886287.50,0.8615,1,,warming,false,11,short_coverage,,(no reason given) x13; no_prices x4,2026-09-10T16:00:00.000Z,rebuilt x10; sampled x1,5,
SerAvocado,Avocado,robinhood,4663,16,28,28,2026-08-24T00:00:00.000Z,75.35,2026-09-10T16:00:00.000Z,117592.19,18,117592.19,0.1143,1,,warming,false,16,short_coverage,,no_prices x12,2026-09-10T16:00:00.000Z,rebuilt x15; sampled x1,5,
SerAvocado,Avocado,solana,1399811149,1,1,1,2026-09-10T16:00:00.000Z,24881.45,2026-09-10T16:00:00.000Z,24881.45,0,24881.45,0.0242,0.8556,,warming,false,1,warming,,,2026-09-10T16:00:00.000Z,sampled x1,5,
SerAvocado,Avocado,ethereum,1,8,28,28,2026-08-17T00:00:00.000Z,2.88,2026-09-10T16:00:00.000Z,11.40,25,11.40,0.0000,1,,warming,false,8,short_coverage,,(no reason given) x20,2026-09-10T16:00:00.000Z,rebuilt x7; sampled x1,5,
SerAvocado,Avocado,base,8453,3,28,28,2026-08-23T00:00:00.000Z,276701.40,2026-09-10T16:00:00.000Z,10.37,19,10.37,0.0000,1,,warming,false,3,short_coverage,,(no reason given) x25,2026-09-10T16:00:00.000Z,rebuilt x2; sampled x1,5,
0xleo,leo,(all chains),,1,28,28,2026-09-10T16:00:00.000Z,1009294.49,2026-09-10T16:00:00.000Z,1009294.49,0,1009294.49,,,,ready,false,1,too_few_points,,chains_unrebuildable x27,2026-09-10T14:00:00.000Z,sampled x1,5,
0xleo,leo,robinhood,4663,28,28,28,2026-08-14T00:00:00.000Z,8268.47,2026-09-10T16:00:00.000Z,868242.67,28,868242.67,0.8602,1,,warming,false,28,short_coverage,,,2026-09-10T14:00:00.000Z,rebuilt x27; sampled x1,5,
0xleo,leo,solana,1399811149,1,1,1,2026-09-10T16:00:00.000Z,141026.58,2026-09-10T16:00:00.000Z,141026.58,0,141026.58,0.1397,0.5349,,warming,false,1,warming,,,2026-09-10T14:00:00.000Z,sampled x1,5,
0xleo,leo,bsc,56,2,28,28,2026-09-06T00:00:00.000Z,11.76,2026-09-10T16:00:00.000Z,12.02,5,12.02,0.0000,1,,ready,false,2,too_few_points,,(no reason given) x26,2026-09-10T14:00:00.000Z,rebuilt x1; sampled x1,5,
0xleo,leo,base,8453,3,28,28,2026-09-02T00:00:00.000Z,1.82,2026-09-10T16:00:00.000Z,10.37,9,10.37,0.0000,1,,warming,false,3,short_coverage,,(no reason given) x25,2026-09-10T14:00:00.000Z,rebuilt x2; sampled x1,5,
0xleo,leo,ethereum,1,3,28,28,2026-08-16T00:00:00.000Z,7.19,2026-09-10T16:00:00.000Z,2.86,26,2.86,0.0000,1,,warming,false,3,short_coverage,,(no reason given) x25,2026-09-10T14:00:00.000Z,rebuilt x2; sampled x1,5,
achitaka,achitaka,(all chains),,1,28,28,2026-09-10T16:00:00.000Z,990357.39,2026-09-10T16:00:00.000Z,990357.39,0,990357.39,,,,ready,false,1,too_few_points,,chains_unrebuildable x27,2026-09-10T16:00:00.000Z,sampled x1,4,
achitaka,achitaka,robinhood,4663,28,28,28,2026-08-14T00:00:00.000Z,386.30,2026-09-10T16:00:00.000Z,784109.86,28,784109.86,0.7917,1,,warming,false,28,short_coverage,,,2026-09-10T16:00:00.000Z,rebuilt x27; sampled x1,4,
achitaka,achitaka,solana,1399811149,28,28,28,2026-08-14T00:00:00.000Z,705250.53,2026-09-10T16:00:00.000Z,206243.66,28,206243.66,0.2083,1,,warming,false,28,short_coverage,,,2026-09-10T16:00:00.000Z,rebuilt x27; sampled x1,4,
achitaka,achitaka,ethereum,1,2,28,28,2026-09-04T00:00:00.000Z,2.78,2026-09-10T16:00:00.000Z,3.17,7,3.17,0.0000,1,,ready,false,2,too_few_points,,(no reason given) x26,2026-09-10T16:00:00.000Z,rebuilt x1; sampled x1,4,
achitaka,achitaka,bsc,56,3,28,28,2026-09-02T00:00:00.000Z,0.69,2026-09-10T16:00:00.000Z,0.69,9,0.69,0.0000,1,,warming,false,3,short_coverage,,(no reason given) x25,2026-09-10T16:00:00.000Z,rebuilt x2; sampled x1,4,
Samisa_btc,samisa,(all chains),,1,28,28,2026-09-10T16:00:00.000Z,981846.57,2026-09-10T16:00:00.000Z,981846.57,0,981846.57,,,,ready,false,1,too_few_points,,chains_unrebuildable x27,2026-09-10T16:00:00.000Z,sampled x1,4,
Samisa_btc,samisa,robinhood,4663,28,28,28,2026-08-14T00:00:00.000Z,122230.59,2026-09-10T16:00:00.000Z,952300.66,28,952300.66,0.9699,1,,warming,false,28,short_coverage,,,2026-09-10T16:00:00.000Z,rebuilt x27; sampled x1,4,
Samisa_btc,samisa,solana,1399811149,1,1,1,2026-09-10T16:00:00.000Z,29542.54,2026-09-10T16:00:00.000Z,29542.54,0,29542.54,0.0301,0.9762,,warming,false,1,warming,,,2026-09-10T16:00:00.000Z,sampled x1,4,
Samisa_btc,samisa,ethereum,1,6,28,28,2026-08-29T00:00:00.000Z,6.07,2026-09-10T16:00:00.000Z,2.86,13,2.86,0.0000,0.5,,warming,false,6,short_coverage,,(no reason given) x22,2026-09-10T16:00:00.000Z,rebuilt x5; sampled x1,4,
Samisa_btc,samisa,bsc,56,19,28,28,2026-08-15T00:00:00.000Z,0.23,2026-09-10T16:00:00.000Z,0.52,27,0.52,0.0000,0.5,,warming,false,19,short_coverage,,(no reason given) x9,2026-09-10T16:00:00.000Z,rebuilt x18; sampled x1,4,
figaro,figaro,(all chains),,1,28,28,2026-09-10T16:00:00.000Z,934293.07,2026-09-10T16:00:00.000Z,934293.07,0,934293.07,,,,ready,false,1,too_few_points,,chains_unrebuildable x27,2026-09-10T16:00:00.000Z,sampled x1,4,
figaro,figaro,robinhood,4663,28,28,28,2026-08-14T00:00:00.000Z,29915.25,2026-09-10T16:00:00.000Z,795336.58,28,795336.58,0.8513,0.8361,,warming,false,28,short_coverage,,,2026-09-10T16:00:00.000Z,rebuilt x27; sampled x1,4,
figaro,figaro,solana,1399811149,1,1,1,2026-09-10T16:00:00.000Z,108914.28,2026-09-10T16:00:00.000Z,108914.28,0,108914.28,0.1166,0.618,,warming,false,1,warming,,,2026-09-10T16:00:00.000Z,sampled x1,4,
figaro,figaro,ethereum,1,4,28,28,2026-08-21T00:00:00.000Z,2.88,2026-09-10T16:00:00.000Z,23731.56,21,23731.56,0.0254,1,,warming,false,4,short_coverage,,(no reason given) x24,2026-09-10T16:00:00.000Z,rebuilt x3; sampled x1,4,
figaro,figaro,bsc,56,14,28,28,2026-08-14T00:00:00.000Z,3984.18,2026-09-10T16:00:00.000Z,6310.64,28,6310.64,0.0068,0.75,,warming,false,14,short_coverage,,no_prices x3; (no reason given) x11,2026-09-10T16:00:00.000Z,rebuilt x13; sampled x1,4,
facap,fa cap,(all chains),,1,28,28,2026-09-10T16:00:00.000Z,923588.76,2026-09-10T16:00:00.000Z,923588.76,0,923588.76,,,,ready,false,1,too_few_points,,chains_unrebuildable x27,2026-09-10T16:00:00.000Z,sampled x1,3,
facap,fa cap,robinhood,4663,28,28,28,2026-08-14T00:00:00.000Z,36017.13,2026-09-10T16:00:00.000Z,923413.33,28,923413.33,0.9998,1,,warming,false,28,short_coverage,,,2026-09-10T16:00:00.000Z,rebuilt x27; sampled x1,3,
facap,fa cap,solana,1399811149,1,1,1,2026-09-10T16:00:00.000Z,171.36,2026-09-10T16:00:00.000Z,171.36,0,171.36,0.0002,0.2979,,warming,false,1,warming,,,2026-09-10T16:00:00.000Z,sampled x1,3,
facap,fa cap,ethereum,1,2,28,28,2026-09-08T00:00:00.000Z,6.55,2026-09-10T16:00:00.000Z,4.08,3,4.08,0.0000,1,,ready,false,2,too_few_points,,(no reason given) x26,2026-09-10T16:00:00.000Z,rebuilt x1; sampled x1,3,
crocsguy,tywebb,(all chains),,1,28,28,2026-09-10T16:00:00.000Z,911605.80,2026-09-10T16:00:00.000Z,911605.80,0,911605.80,,,,ready,false,1,too_few_points,,chains_unrebuildable x27,2026-09-10T16:00:00.000Z,sampled x1,2,
crocsguy,tywebb,robinhood,4663,28,28,28,2026-08-14T00:00:00.000Z,0.00,2026-09-10T16:00:00.000Z,911602.72,28,911602.72,1.0000,1,,warming,false,28,short_coverage,,,2026-09-10T16:00:00.000Z,rebuilt x27; sampled x1,2,
crocsguy,tywebb,ethereum,1,1,1,1,2026-09-10T16:00:00.000Z,3.08,2026-09-10T16:00:00.000Z,3.08,0,3.08,0.0000,1,,warming,false,1,warming,,,2026-09-10T16:00:00.000Z,sampled x1,2,
iruletrenches,Miyamoto,(all chains),,1,28,28,2026-09-10T16:00:00.000Z,899662.69,2026-09-10T16:00:00.000Z,899662.69,0,899662.69,,,,ready,false,1,too_few_points,,chains_unrebuildable x27,2026-09-10T16:00:00.000Z,sampled x1,4,
iruletrenches,Miyamoto,robinhood,4663,28,28,28,2026-08-14T00:00:00.000Z,0.00,2026-09-10T16:00:00.000Z,638433.73,28,638433.73,0.7096,1,,warming,false,28,short_coverage,,,2026-09-10T16:00:00.000Z,rebuilt x27; sampled x1,4,
iruletrenches,Miyamoto,solana,1399811149,1,1,1,2026-09-10T16:00:00.000Z,156664.82,2026-09-10T16:00:00.000Z,156664.82,0,156664.82,0.1741,0.9211,,warming,false,1,warming,,,2026-09-10T16:00:00.000Z,sampled x1,4,
iruletrenches,Miyamoto,bsc,56,16,28,28,2026-08-15T00:00:00.000Z,11.21,2026-09-10T16:00:00.000Z,104559.92,27,104559.92,0.1162,0.8333,,warming,false,16,short_coverage,,(no reason given) x9; no_prices x3,2026-09-10T16:00:00.000Z,rebuilt x15; sampled x1,4,
iruletrenches,Miyamoto,ethereum,1,4,28,28,2026-08-27T00:00:00.000Z,1.61,2026-09-10T16:00:00.000Z,4.22,15,4.22,0.0000,1,,warming,false,4,short_coverage,,(no reason given) x22; no_prices x2,2026-09-10T16:00:00.000Z,rebuilt x3; sampled x1,4,
artthatfucks,FML,(all chains),,3,28,28,2026-08-27T00:00:00.000Z,369671.59,2026-09-10T16:00:00.000Z,896723.45,15,896723.45,,,,warming,false,3,short_coverage,,chains_unrebuildable x25,2026-09-10T16:00:00.000Z,rebuilt x2; sampled x1,2,
artthatfucks,FML,solana,1399811149,28,28,28,2026-08-14T00:00:00.000Z,399281.63,2026-09-10T16:00:00.000Z,896706.14,28,896706.14,1.0000,0.8571,,warming,false,28,short_coverage,,,2026-09-10T16:00:00.000Z,rebuilt x27; sampled x1,2,
artthatfucks,FML,robinhood,4663,19,28,28,2026-08-17T00:00:00.000Z,10230.66,2026-09-10T16:00:00.000Z,17.31,25,17.31,0.0000,1,,warming,false,19,short_coverage,,no_prices x9,2026-09-10T16:00:00.000Z,rebuilt x18; sampled x1,2,
sadcrissy,Crissy,(all chains),,1,28,28,2026-09-10T16:00:00.000Z,882757.39,2026-09-10T16:00:00.000Z,882757.39,0,882757.39,,,,ready,false,1,too_few_points,,chains_unrebuildable x27,2026-09-10T16:00:00.000Z,sampled x1,4,
sadcrissy,Crissy,solana,1399811149,1,1,1,2026-09-10T16:00:00.000Z,584386.16,2026-09-10T16:00:00.000Z,584386.16,0,584386.16,0.6620,0.9206,,warming,false,1,warming,,,2026-09-10T16:00:00.000Z,sampled x1,4,
sadcrissy,Crissy,bsc,56,18,28,28,2026-08-16T00:00:00.000Z,1.58,2026-09-10T16:00:00.000Z,171910.37,26,171910.37,0.1947,1,,warming,false,18,short_coverage,,no_prices x5; (no reason given) x5,2026-09-10T16:00:00.000Z,rebuilt x17; sampled x1,4,
sadcrissy,Crissy,robinhood,4663,28,28,28,2026-08-14T00:00:00.000Z,3.22,2026-09-10T16:00:00.000Z,126458.00,28,126458.00,0.1433,1,,warming,false,28,short_coverage,,,2026-09-10T16:00:00.000Z,rebuilt x27; sampled x1,4,
sadcrissy,Crissy,ethereum,1,2,28,28,2026-08-27T00:00:00.000Z,6.07,2026-09-10T16:00:00.000Z,2.86,15,2.86,0.0000,1,,ready,false,2,too_few_points,,(no reason given) x26,2026-09-10T16:00:00.000Z,rebuilt x1; sampled x1,4,
NachSOL,Nach,(all chains),,1,28,28,2026-09-10T16:00:00.000Z,872963.48,2026-09-10T16:00:00.000Z,872963.48,0,872963.48,,,,ready,false,1,too_few_points,,chains_unrebuildable x27,2026-09-10T16:00:00.000Z,sampled x1,4,
NachSOL,Nach,robinhood,4663,28,28,28,2026-08-14T00:00:00.000Z,206125.66,2026-09-10T16:00:00.000Z,771162.38,28,771162.38,0.8834,0.9048,,warming,false,28,short_coverage,,,2026-09-10T16:00:00.000Z,rebuilt x27; sampled x1,4,
NachSOL,Nach,solana,1399811149,1,1,1,2026-09-10T16:00:00.000Z,101779.91,2026-09-10T16:00:00.000Z,101779.91,0,101779.91,0.1166,0.6351,,warming,false,1,warming,,,2026-09-10T16:00:00.000Z,sampled x1,4,
NachSOL,Nach,bsc,56,12,28,28,2026-08-20T00:00:00.000Z,1.67,2026-09-10T16:00:00.000Z,18.34,22,18.34,0.0000,1,,warming,false,12,short_coverage,,(no reason given) x14; no_prices x2,2026-09-10T16:00:00.000Z,rebuilt x11; sampled x1,4,
NachSOL,Nach,ethereum,1,10,28,28,2026-08-18T00:00:00.000Z,2.85,2026-09-10T16:00:00.000Z,2.86,24,2.86,0.0000,1,,warming,false,10,short_coverage,,(no reason given) x18,2026-09-10T16:00:00.000Z,rebuilt x9; sampled x1,4,
TheDazzleNovak,Dazzle Novak,(all chains),,1,28,28,2026-09-10T16:00:00.000Z,872513.45,2026-09-10T16:00:00.000Z,872513.45,0,872513.45,,,,ready,false,1,too_few_points,,chains_unrebuildable x27,2026-09-10T16:00:00.000Z,sampled x1,1,
TheDazzleNovak,Dazzle Novak,solana,1399811149,1,1,1,2026-09-10T16:00:00.000Z,872513.45,2026-09-10T16:00:00.000Z,872513.45,0,872513.45,1.0000,0.7826,,warming,false,1,warming,,,2026-09-10T16:00:00.000Z,sampled x1,1,
RZDxbt,RZD,(all chains),,1,28,28,2026-09-10T16:00:00.000Z,867750.88,2026-09-10T16:00:00.000Z,867750.88,0,867750.88,,,,ready,false,1,too_few_points,,chains_unrebuildable x27,2026-09-10T16:00:00.000Z,sampled x1,1,
RZDxbt,RZD,solana,1399811149,1,1,1,2026-09-10T16:00:00.000Z,867750.88,2026-09-10T16:00:00.000Z,867750.88,0,867750.88,1.0000,0.6774,,warming,false,1,warming,,,2026-09-10T16:00:00.000Z,sampled x1,1,
Tsukikage,Tsuki,(all chains),,1,28,28,2026-09-10T16:00:00.000Z,861226.57,2026-09-10T16:00:00.000Z,861226.57,0,861226.57,,,,ready,false,1,too_few_points,,chains_unrebuildable x27,2026-09-10T16:00:00.000Z,sampled x1,3,
Tsukikage,Tsuki,robinhood,4663,28,28,28,2026-08-14T00:00:00.000Z,41629.40,2026-09-10T16:00:00.000Z,770302.98,28,770302.98,0.8944,1,,warming,false,28,short_coverage,,,2026-09-10T16:00:00.000Z,rebuilt x27; sampled x1,3,
Tsukikage,Tsuki,solana,1399811149,1,1,1,2026-09-10T16:00:00.000Z,48239.39,2026-09-10T16:00:00.000Z,48239.39,0,48239.39,0.0560,0.88,,warming,false,1,warming,,,2026-09-10T16:00:00.000Z,sampled x1,3,
Tsukikage,Tsuki,ethereum,1,7,28,28,2026-08-16T00:00:00.000Z,31206.71,2026-09-10T16:00:00.000Z,42684.20,26,42684.20,0.0496,1,,warming,false,7,short_coverage,,(no reason given) x21,2026-09-10T16:00:00.000Z,rebuilt x6; sampled x1,3,
NotARandomUser,User,(all chains),,1,28,28,2026-09-10T16:00:00.000Z,850197.75,2026-09-10T16:00:00.000Z,850197.75,0,850197.75,,,,ready,false,1,too_few_points,,chains_unrebuildable x27,2026-09-10T16:00:00.000Z,sampled x1,5,
NotARandomUser,User,robinhood,4663,28,28,28,2026-08-14T00:00:00.000Z,159486.85,2026-09-10T16:00:00.000Z,717861.90,28,717861.90,0.8443,1,,warming,false,28,short_coverage,,,2026-09-10T16:00:00.000Z,rebuilt x27; sampled x1,5,
NotARandomUser,User,solana,1399811149,1,1,1,2026-09-10T16:00:00.000Z,132085.73,2026-09-10T16:00:00.000Z,132085.73,0,132085.73,0.1554,0.5132,,warming,false,1,warming,,,2026-09-10T16:00:00.000Z,sampled x1,5,
NotARandomUser,User,ethereum,1,6,28,28,2026-08-17T00:00:00.000Z,1960.40,2026-09-10T16:00:00.000Z,238.75,25,238.75,0.0003,0.8,,warming,false,6,short_coverage,,(no reason given) x17; no_prices x5,2026-09-10T16:00:00.000Z,rebuilt x5; sampled x1,5,
NotARandomUser,User,bsc,56,9,28,28,2026-08-21T00:00:00.000Z,1.02,2026-09-10T16:00:00.000Z,11.37,21,11.37,0.0000,1,,warming,false,9,short_coverage,,(no reason given) x19,2026-09-10T16:00:00.000Z,rebuilt x8; sampled x1,5,
NotARandomUser,User,base,8453,3,28,28,2026-09-02T00:00:00.000Z,0.16,2026-09-09T00:00:00.000Z,0.47,7,,,0,no_prices,warming,false,3,short_coverage,no_prices,(no reason given) x24; no_prices x1,2026-09-10T16:00:00.000Z,rebuilt x3,5,
TheOnlyOMP,Old Man Pervert,(all chains),,1,28,28,2026-09-10T16:00:00.000Z,813551.36,2026-09-10T16:00:00.000Z,813551.36,0,813551.36,,,,ready,false,1,too_few_points,,chains_unrebuildable x27,2026-09-10T16:00:00.000Z,sampled x1,2,
TheOnlyOMP,Old Man Pervert,solana,1399811149,1,1,1,2026-09-10T16:00:00.000Z,812828.41,2026-09-10T16:00:00.000Z,812828.41,0,812828.41,0.9991,0.7308,,warming,false,1,warming,,,2026-09-10T16:00:00.000Z,sampled x1,2,
TheOnlyOMP,Old Man Pervert,robinhood,4663,9,28,28,2026-09-02T00:00:00.000Z,3809.44,2026-09-10T16:00:00.000Z,722.95,9,722.95,0.0009,1,,warming,false,9,short_coverage,,no_prices x19,2026-09-10T16:00:00.000Z,rebuilt x8; sampled x1,2,
Pote_korea,Pote .,(all chains),,1,28,28,2026-09-10T16:00:00.000Z,800743.72,2026-09-10T16:00:00.000Z,800743.72,0,800743.72,,,,ready,false,1,too_few_points,,chains_unrebuildable x27,2026-09-10T16:00:00.000Z,sampled x1,4,
Pote_korea,Pote .,robinhood,4663,28,28,28,2026-08-14T00:00:00.000Z,0.00,2026-09-10T16:00:00.000Z,754257.33,28,754257.33,0.9419,1,,warming,false,28,short_coverage,,,2026-09-10T16:00:00.000Z,rebuilt x27; sampled x1,4,
Pote_korea,Pote .,solana,1399811149,1,1,1,2026-09-10T16:00:00.000Z,44577.34,2026-09-10T16:00:00.000Z,44577.34,0,44577.34,0.0557,0.8889,,warming,false,1,warming,,,2026-09-10T16:00:00.000Z,sampled x1,4,
Pote_korea,Pote .,bsc,56,5,28,28,2026-09-06T00:00:00.000Z,12269.10,2026-09-10T16:00:00.000Z,1906.19,5,1906.19,0.0024,0.9231,,warming,false,5,short_coverage,,(no reason given) x23,2026-09-10T16:00:00.000Z,rebuilt x4; sampled x1,4,
Pote_korea,Pote .,ethereum,1,3,28,28,2026-09-03T00:00:00.000Z,3.03,2026-09-10T16:00:00.000Z,2.86,8,2.86,0.0000,1,,warming,false,3,short_coverage,,(no reason given) x25,2026-09-10T16:00:00.000Z,rebuilt x2; sampled x1,4,
corleonefnf,CORLEONE888,(all chains),,1,28,28,2026-09-10T16:00:00.000Z,799287.30,2026-09-10T16:00:00.000Z,799287.30,0,799287.30,,,,ready,false,1,too_few_points,,chains_unrebuildable x27,2026-09-10T16:00:00.000Z,sampled x1,4,
corleonefnf,CORLEONE888,robinhood,4663,18,28,28,2026-08-24T00:00:00.000Z,0.00,2026-09-10T16:00:00.000Z,512190.62,18,512190.62,0.6408,1,,warming,false,18,short_coverage,,no_prices x10,2026-09-10T16:00:00.000Z,rebuilt x17; sampled x1,4,
corleonefnf,CORLEONE888,solana,1399811149,1,1,1,2026-09-10T16:00:00.000Z,284241.12,2026-09-10T16:00:00.000Z,284241.12,0,284241.12,0.3556,0.5238,,warming,false,1,warming,,,2026-09-10T16:00:00.000Z,sampled x1,4,
corleonefnf,CORLEONE888,bsc,56,16,28,28,2026-08-17T00:00:00.000Z,8.67,2026-09-10T16:00:00.000Z,2851.49,25,2851.49,0.0036,1,,warming,false,16,short_coverage,,(no reason given) x10; no_prices x2,2026-09-10T16:00:00.000Z,rebuilt x15; sampled x1,4,
corleonefnf,CORLEONE888,ethereum,1,2,28,28,2026-09-09T00:00:00.000Z,6.55,2026-09-10T16:00:00.000Z,4.08,2,4.08,0.0000,1,,ready,false,2,too_few_points,,(no reason given) x26,2026-09-10T16:00:00.000Z,rebuilt x1; sampled x1,4,
mrfernando88,MrFernando,(all chains),,1,28,28,2026-09-10T16:00:00.000Z,793593.26,2026-09-10T16:00:00.000Z,793593.26,0,793593.26,,,,ready,false,1,too_few_points,,chains_unrebuildable x27,2026-09-10T16:00:00.000Z,sampled x1,2,
mrfernando88,MrFernando,solana,1399811149,1,1,1,2026-09-10T16:00:00.000Z,793592.68,2026-09-10T16:00:00.000Z,793592.68,0,793592.68,1.0000,1,,warming,false,1,warming,,,2026-09-10T16:00:00.000Z,sampled x1,2,
mrfernando88,MrFernando,robinhood,4663,5,28,28,2026-09-06T00:00:00.000Z,0.57,2026-09-10T16:00:00.000Z,0.58,5,0.58,0.0000,1,,warming,false,5,short_coverage,,no_prices x23,2026-09-10T16:00:00.000Z,rebuilt x4; sampled x1,2,
elliotrades,EllioTrades,(all chains),,1,28,28,2026-09-10T16:00:00.000Z,791381.47,2026-09-10T16:00:00.000Z,791381.47,0,791381.47,,,,ready,false,1,too_few_points,,chains_unrebuildable x27,2026-09-10T16:00:00.000Z,sampled x1,2,
elliotrades,EllioTrades,robinhood,4663,28,28,28,2026-08-14T00:00:00.000Z,0.00,2026-09-10T16:00:00.000Z,791362.82,28,791362.82,1.0000,1,,warming,false,28,short_coverage,,,2026-09-10T16:00:00.000Z,rebuilt x27; sampled x1,2,
elliotrades,EllioTrades,bsc,56,2,28,28,2026-09-01T00:00:00.000Z,30994.31,2026-09-10T16:00:00.000Z,18.65,10,18.65,0.0000,1,,ready,false,2,too_few_points,,(no reason given) x26,2026-09-10T16:00:00.000Z,rebuilt x1; sampled x1,2,
Quanterty,Qwerty,(all chains),,1,28,28,2026-09-10T16:00:00.000Z,777227.50,2026-09-10T16:00:00.000Z,777227.50,0,777227.50,,,,ready,false,1,too_few_points,,chains_unrebuildable x27,2026-09-10T16:00:00.000Z,sampled x1,4,
Quanterty,Qwerty,robinhood,4663,28,28,28,2026-08-14T00:00:00.000Z,658146.89,2026-09-10T16:00:00.000Z,719659.06,28,719659.06,0.9259,0.8571,,warming,false,28,short_coverage,,,2026-09-10T16:00:00.000Z,rebuilt x27; sampled x1,4,
Quanterty,Qwerty,solana,1399811149,1,1,1,2026-09-10T16:00:00.000Z,57506.48,2026-09-10T16:00:00.000Z,57506.48,0,57506.48,0.0740,0.8584,,warming,false,1,warming,,,2026-09-10T16:00:00.000Z,sampled x1,4,
Quanterty,Qwerty,ethereum,1,9,28,28,2026-08-19T00:00:00.000Z,6.04,2026-09-10T16:00:00.000Z,49.00,23,49.00,0.0001,1,,warming,false,9,short_coverage,,(no reason given) x17; no_prices x2,2026-09-10T16:00:00.000Z,rebuilt x8; sampled x1,4,
Quanterty,Qwerty,base,8453,6,28,28,2026-08-28T00:00:00.000Z,73.58,2026-09-10T16:00:00.000Z,12.95,14,12.95,0.0000,1,,warming,false,6,short_coverage,,(no reason given) x22,2026-09-10T16:00:00.000Z,rebuilt x5; sampled x1,4,
Onchainmetrics,Onchaingambles,(all chains),,1,28,28,2026-09-10T16:00:00.000Z,763421.62,2026-09-10T16:00:00.000Z,763421.62,0,763421.62,,,,ready,false,1,too_few_points,,chains_unrebuildable x27,2026-09-10T16:00:00.000Z,sampled x1,5,
Onchainmetrics,Onchaingambles,robinhood,4663,28,28,28,2026-08-14T00:00:00.000Z,435768.67,2026-09-10T16:00:00.000Z,648896.93,28,648896.93,0.8500,1,,warming,false,28,short_coverage,,,2026-09-10T16:00:00.000Z,rebuilt x27; sampled x1,5,
Onchainmetrics,Onchaingambles,solana,1399811149,1,1,1,2026-09-10T16:00:00.000Z,73761.14,2026-09-10T16:00:00.000Z,73761.14,0,73761.14,0.0966,0.9647,,warming,false,1,warming,,,2026-09-10T16:00:00.000Z,sampled x1,5,
Onchainmetrics,Onchaingambles,base,8453,6,28,28,2026-08-22T00:00:00.000Z,3896.52,2026-09-10T16:00:00.000Z,40105.75,20,40105.75,0.0525,0.75,,warming,false,6,short_coverage,,(no reason given) x22,2026-09-10T16:00:00.000Z,rebuilt x5; sampled x1,5,
Onchainmetrics,Onchaingambles,bsc,56,19,28,28,2026-08-18T00:00:00.000Z,1.01,2026-09-10T16:00:00.000Z,638.07,24,638.07,0.0008,1,,warming,false,19,short_coverage,,(no reason given) x8; no_prices x1,2026-09-10T16:00:00.000Z,rebuilt x18; sampled x1,5,
Onchainmetrics,Onchaingambles,ethereum,1,3,28,28,2026-09-05T00:00:00.000Z,16.43,2026-09-10T16:00:00.000Z,19.72,6,19.72,0.0000,1,,warming,false,3,short_coverage,,(no reason given) x25,2026-09-10T16:00:00.000Z,rebuilt x2; sampled x1,5,
sockzt,sockz,(all chains),,1,28,28,2026-09-10T16:00:00.000Z,760773.46,2026-09-10T16:00:00.000Z,760773.46,0,760773.46,,,,ready,false,1,too_few_points,,chains_unrebuildable x27,2026-09-10T16:00:00.000Z,sampled x1,4,
sockzt,sockz,robinhood,4663,28,28,28,2026-08-14T00:00:00.000Z,40510.29,2026-09-10T16:00:00.000Z,737429.39,28,737429.39,0.9693,1,,warming,false,28,short_coverage,,,2026-09-10T16:00:00.000Z,rebuilt x27; sampled x1,4,
sockzt,sockz,solana,1399811149,1,1,1,2026-09-10T16:00:00.000Z,23324.78,2026-09-10T16:00:00.000Z,23324.78,0,23324.78,0.0307,1,,warming,false,1,warming,,,2026-09-10T16:00:00.000Z,sampled x1,4,
sockzt,sockz,bsc,56,1,28,28,2026-09-10T16:00:00.000Z,12.91,2026-09-10T16:00:00.000Z,12.91,0,12.91,0.0000,1,,ready,false,1,too_few_points,,(no reason given) x17; no_prices x10,2026-09-10T16:00:00.000Z,sampled x1,4,
sockzt,sockz,ethereum,1,5,28,28,2026-08-29T00:00:00.000Z,5.05,2026-09-10T16:00:00.000Z,6.39,13,6.39,0.0000,1,,warming,false,5,short_coverage,,(no reason given) x23,2026-09-10T16:00:00.000Z,rebuilt x4; sampled x1,4,
valueandtime,Value,(all chains),,1,28,28,2026-09-10T16:00:00.000Z,753805.08,2026-09-10T16:00:00.000Z,753805.08,0,753805.08,,,,ready,false,1,too_few_points,,chains_unrebuildable x27,2026-09-10T16:00:00.000Z,sampled x1,3,
valueandtime,Value,solana,1399811149,1,1,1,2026-09-10T16:00:00.000Z,580196.69,2026-09-10T16:00:00.000Z,580196.69,0,580196.69,0.7697,0.8788,,warming,false,1,warming,,,2026-09-10T16:00:00.000Z,sampled x1,3,
valueandtime,Value,robinhood,4663,28,28,28,2026-08-14T00:00:00.000Z,1024.99,2026-09-10T16:00:00.000Z,128870.40,28,128870.40,0.1710,1,,warming,false,28,short_coverage,,,2026-09-10T16:00:00.000Z,rebuilt x27; sampled x1,3,
valueandtime,Value,bsc,56,6,28,28,2026-08-22T00:00:00.000Z,4.59,2026-09-10T16:00:00.000Z,44738.00,20,44738.00,0.0593,1,,warming,false,6,short_coverage,,(no reason given) x18; no_prices x4,2026-09-10T16:00:00.000Z,rebuilt x5; sampled x1,3,
GeorgeDroid,GeorgeDroid,(all chains),,1,28,28,2026-09-10T16:00:00.000Z,751008.48,2026-09-10T16:00:00.000Z,751008.48,0,751008.48,,,,ready,false,1,too_few_points,,chains_unrebuildable x27,2026-09-10T16:00:00.000Z,sampled x1,3,
GeorgeDroid,GeorgeDroid,bsc,56,5,28,28,2026-09-01T00:00:00.000Z,31.46,2026-09-10T16:00:00.000Z,668842.85,10,668842.85,0.8906,1,,warming,false,5,short_coverage,,(no reason given) x23,2026-09-10T16:00:00.000Z,rebuilt x4; sampled x1,3,
GeorgeDroid,GeorgeDroid,solana,1399811149,1,1,1,2026-09-10T16:00:00.000Z,76016.99,2026-09-10T16:00:00.000Z,76016.99,0,76016.99,0.1012,1,,warming,false,1,warming,,,2026-09-10T16:00:00.000Z,sampled x1,3,
GeorgeDroid,GeorgeDroid,robinhood,4663,28,28,28,2026-08-14T00:00:00.000Z,0.00,2026-09-10T16:00:00.000Z,6148.63,28,6148.63,0.0082,1,,warming,false,28,short_coverage,,,2026-09-10T16:00:00.000Z,rebuilt x27; sampled x1,3,
XbtPika,Pika XBT,(all chains),,1,28,28,2026-09-10T16:00:00.000Z,736991.65,2026-09-10T16:00:00.000Z,736991.65,0,736991.65,,,,ready,false,1,too_few_points,,chains_unrebuildable x27,2026-09-10T16:00:00.000Z,sampled x1,3,
XbtPika,Pika XBT,robinhood,4663,28,28,28,2026-08-14T00:00:00.000Z,0.00,2026-09-10T16:00:00.000Z,605407.43,28,605407.43,0.8215,1,,warming,false,28,short_coverage,,,2026-09-10T16:00:00.000Z,rebuilt x27; sampled x1,3,
XbtPika,Pika XBT,solana,1399811149,1,1,1,2026-09-10T16:00:00.000Z,131581.55,2026-09-10T16:00:00.000Z,131581.55,0,131581.55,0.1785,1,,warming,false,1,warming,,,2026-09-10T16:00:00.000Z,sampled x1,3,
XbtPika,Pika XBT,ethereum,1,5,28,28,2026-08-21T00:00:00.000Z,2.88,2026-09-10T16:00:00.000Z,2.68,21,2.68,0.0000,1,,warming,false,5,short_coverage,,(no reason given) x23,2026-09-10T16:00:00.000Z,rebuilt x4; sampled x1,3,
threem,threem,(all chains),,1,28,28,2026-09-10T16:00:00.000Z,734951.23,2026-09-10T16:00:00.000Z,734951.23,0,734951.23,,,,ready,false,1,too_few_points,,chains_unrebuildable x27,2026-09-10T16:00:00.000Z,sampled x1,3,
threem,threem,robinhood,4663,28,28,28,2026-08-14T00:00:00.000Z,0.00,2026-09-10T16:00:00.000Z,733605.68,28,733605.68,0.9982,0.5455,,warming,false,28,short_coverage,,,2026-09-10T16:00:00.000Z,rebuilt x27; sampled x1,3,
threem,threem,solana,1399811149,1,1,1,2026-09-10T16:00:00.000Z,1342.49,2026-09-10T16:00:00.000Z,1342.49,0,1342.49,0.0018,0.8333,,warming,false,1,warming,,,2026-09-10T16:00:00.000Z,sampled x1,3,
threem,threem,ethereum,1,2,28,28,2026-09-07T00:00:00.000Z,4.92,2026-09-10T16:00:00.000Z,3.06,4,3.06,0.0000,1,,ready,false,2,too_few_points,,(no reason given) x26,2026-09-10T16:00:00.000Z,rebuilt x1; sampled x1,3,
sebdegen,seb,(all chains),,1,28,28,2026-09-10T16:00:00.000Z,729031.00,2026-09-10T16:00:00.000Z,729031.00,0,729031.00,,,,ready,false,1,too_few_points,,chains_unrebuildable x27,2026-09-10T16:00:00.000Z,sampled x1,5,
sebdegen,seb,robinhood,4663,28,28,28,2026-08-14T00:00:00.000Z,65733.36,2026-09-10T16:00:00.000Z,611623.17,28,611623.17,0.8390,1,,warming,false,28,short_coverage,,,2026-09-10T16:00:00.000Z,rebuilt x27; sampled x1,5,
sebdegen,seb,base,8453,3,28,28,2026-08-28T00:00:00.000Z,66895.71,2026-09-10T16:00:00.000Z,65840.07,14,65840.07,0.0903,1,,warming,false,3,short_coverage,,(no reason given) x25,2026-09-10T16:00:00.000Z,rebuilt x2; sampled x1,5,
sebdegen,seb,solana,1399811149,1,1,1,2026-09-10T16:00:00.000Z,51496.55,2026-09-10T16:00:00.000Z,51496.55,0,51496.55,0.0706,0.3117,,warming,false,1,warming,,,2026-09-10T16:00:00.000Z,sampled x1,5,
sebdegen,seb,ethereum,1,3,28,28,2026-08-25T00:00:00.000Z,5.30,2026-09-10T16:00:00.000Z,37.50,17,37.50,0.0001,1,,warming,false,3,short_coverage,,(no reason given) x23; no_prices x2,2026-09-10T16:00:00.000Z,rebuilt x2; sampled x1,5,
sebdegen,seb,bsc,56,3,28,28,2026-09-07T00:00:00.000Z,1.43,2026-09-10T16:00:00.000Z,33.71,4,33.71,0.0000,1,,warming,false,3,short_coverage,,no_prices x10; (no reason given) x15,2026-09-10T16:00:00.000Z,rebuilt x2; sampled x1,5,
montyMole44,"jb (coinsexual, bull)",(all chains),,1,28,28,2026-09-10T16:00:00.000Z,727476.24,2026-09-10T16:00:00.000Z,727476.24,0,727476.24,,,,ready,false,1,too_few_points,,chains_unrebuildable x27,2026-09-10T16:00:00.000Z,sampled x1,3,
montyMole44,"jb (coinsexual, bull)",robinhood,4663,28,28,28,2026-08-14T00:00:00.000Z,19709.99,2026-09-10T16:00:00.000Z,454264.22,28,454264.22,0.6244,1,,warming,false,28,short_coverage,,,2026-09-10T16:00:00.000Z,rebuilt x27; sampled x1,3,
montyMole44,"jb (coinsexual, bull)",solana,1399811149,1,1,1,2026-09-10T16:00:00.000Z,273207.94,2026-09-10T16:00:00.000Z,273207.94,0,273207.94,0.3756,1,,warming,false,1,warming,,,2026-09-10T16:00:00.000Z,sampled x1,3,
montyMole44,"jb (coinsexual, bull)",ethereum,1,3,28,28,2026-09-02T00:00:00.000Z,3.45,2026-09-10T16:00:00.000Z,4.08,9,4.08,0.0000,1,,warming,false,3,short_coverage,,(no reason given) x25,2026-09-10T16:00:00.000Z,rebuilt x2; sampled x1,3,
rodotfun,Roman,(all chains),,1,28,28,2026-09-10T16:00:00.000Z,716224.32,2026-09-10T16:00:00.000Z,716224.32,0,716224.32,,,,ready,false,1,too_few_points,,chains_unrebuildable x27,2026-09-10T16:00:00.000Z,sampled x1,4,
rodotfun,Roman,robinhood,4663,28,28,28,2026-08-14T00:00:00.000Z,0.00,2026-09-10T16:00:00.000Z,622811.11,28,622811.11,0.8696,0.9231,,warming,false,28,short_coverage,,,2026-09-10T16:00:00.000Z,rebuilt x27; sampled x1,4,
rodotfun,Roman,solana,1399811149,1,1,1,2026-09-10T16:00:00.000Z,93316.04,2026-09-10T16:00:00.000Z,93316.04,0,93316.04,0.1303,0.6282,,warming,false,1,warming,,,2026-09-10T16:00:00.000Z,sampled x1,4,
rodotfun,Roman,bsc,56,11,28,28,2026-08-24T00:00:00.000Z,0.80,2026-09-10T16:00:00.000Z,94.32,18,94.32,0.0001,1,,warming,false,11,short_coverage,,(no reason given) x13; no_prices x4,2026-09-10T16:00:00.000Z,rebuilt x10; sampled x1,4,
rodotfun,Roman,ethereum,1,4,28,28,2026-09-04T00:00:00.000Z,2.50,2026-09-10T16:00:00.000Z,2.86,7,2.86,0.0000,1,,warming,false,4,short_coverage,,(no reason given) x24,2026-09-10T16:00:00.000Z,rebuilt x3; sampled x1,4,
ImChizx,Chizx,(all chains),,1,28,28,2026-09-10T16:00:00.000Z,701860.10,2026-09-10T16:00:00.000Z,701860.10,0,701860.10,,,,ready,false,1,too_few_points,,chains_unrebuildable x27,2026-09-10T16:00:00.000Z,sampled x1,4,
ImChizx,Chizx,bsc,56,17,28,28,2026-08-14T00:00:00.000Z,6601.60,2026-09-10T16:00:00.000Z,435282.37,28,435282.37,0.6202,1,,warming,false,17,short_coverage,,(no reason given) x5; no_prices x6,2026-09-10T16:00:00.000Z,rebuilt x16; sampled x1,4,
ImChizx,Chizx,solana,1399811149,1,1,1,2026-09-10T16:00:00.000Z,236622.41,2026-09-10T16:00:00.000Z,236622.41,0,236622.41,0.3371,1,,warming,false,1,warming,,,2026-09-10T16:00:00.000Z,sampled x1,4,
ImChizx,Chizx,robinhood,4663,16,28,28,2026-08-26T00:00:00.000Z,0.00,2026-09-10T16:00:00.000Z,29948.94,16,29948.94,0.0427,1,,warming,false,16,short_coverage,,no_prices x12,2026-09-10T16:00:00.000Z,rebuilt x15; sampled x1,4,
ImChizx,Chizx,ethereum,1,2,28,28,2026-09-03T00:00:00.000Z,6.77,2026-09-10T16:00:00.000Z,6.39,8,6.39,0.0000,1,,ready,false,2,too_few_points,,(no reason given) x26,2026-09-10T16:00:00.000Z,rebuilt x1; sampled x1,4,
CoinGurruu,💐Guru 💐,(all chains),,1,28,28,2026-09-10T16:00:00.000Z,699880.13,2026-09-10T16:00:00.000Z,699880.13,0,699880.13,,,,ready,false,1,too_few_points,,chains_unrebuildable x27,2026-09-10T16:00:00.000Z,sampled x1,4,
CoinGurruu,💐Guru 💐,robinhood,4663,28,28,28,2026-08-14T00:00:00.000Z,47840.36,2026-09-10T16:00:00.000Z,591609.78,28,591609.78,0.8453,1,,warming,false,28,short_coverage,,,2026-09-10T16:00:00.000Z,rebuilt x27; sampled x1,4,
CoinGurruu,💐Guru 💐,solana,1399811149,28,28,28,2026-08-14T00:00:00.000Z,138776.38,2026-09-10T16:00:00.000Z,108254.61,28,108254.61,0.1547,1,,warming,false,28,short_coverage,,,2026-09-10T16:00:00.000Z,rebuilt x27; sampled x1,4,
CoinGurruu,💐Guru 💐,bsc,56,5,28,28,2026-08-30T00:00:00.000Z,8.90,2026-09-10T16:00:00.000Z,9.36,12,9.36,0.0000,1,,warming,false,5,short_coverage,,(no reason given) x23,2026-09-10T16:00:00.000Z,rebuilt x4; sampled x1,4,
CoinGurruu,💐Guru 💐,ethereum,1,2,28,28,2026-09-08T00:00:00.000Z,10.26,2026-09-10T16:00:00.000Z,6.39,3,6.39,0.0000,1,,ready,false,2,too_few_points,,(no reason given) x26,2026-09-10T16:00:00.000Z,rebuilt x1; sampled x1,4,
BTCdayu,大宇,(all chains),,1,28,28,2026-09-10T16:00:00.000Z,688448.04,2026-09-10T16:00:00.000Z,688448.04,0,688448.04,,,,ready,false,1,too_few_points,,chains_unrebuildable x27,2026-09-10T16:00:00.000Z,sampled x1,4,
BTCdayu,大宇,robinhood,4663,28,28,28,2026-08-14T00:00:00.000Z,0.00,2026-09-10T16:00:00.000Z,257263.64,28,257263.64,0.3737,1,,warming,false,28,short_coverage,,,2026-09-10T16:00:00.000Z,rebuilt x27; sampled x1,4,
BTCdayu,大宇,bsc,56,9,28,28,2026-08-27T00:00:00.000Z,5004.82,2026-09-10T16:00:00.000Z,256091.98,15,256091.98,0.3720,0.8889,,warming,false,9,short_coverage,,(no reason given) x16; no_prices x3,2026-09-10T16:00:00.000Z,rebuilt x8; sampled x1,4,
BTCdayu,大宇,solana,1399811149,1,1,1,2026-09-10T16:00:00.000Z,175089.80,2026-09-10T16:00:00.000Z,175089.80,0,175089.80,0.2543,0.6667,,warming,false,1,warming,,,2026-09-10T16:00:00.000Z,sampled x1,4,
BTCdayu,大宇,ethereum,1,3,28,28,2026-09-02T00:00:00.000Z,2.22,2026-09-10T16:00:00.000Z,2.63,9,2.63,0.0000,1,,warming,false,3,short_coverage,,(no reason given) x25,2026-09-10T16:00:00.000Z,rebuilt x2; sampled x1,4,
heeshilio,heeshilio,(all chains),,1,28,28,2026-09-10T16:00:00.000Z,673788.45,2026-09-10T16:00:00.000Z,673788.45,0,673788.45,,,,ready,false,1,too_few_points,,chains_unrebuildable x27,2026-09-10T16:00:00.000Z,sampled x1,3,
heeshilio,heeshilio,robinhood,4663,25,28,28,2026-08-14T00:00:00.000Z,43334.32,2026-09-10T16:00:00.000Z,490883.61,28,490883.61,0.7285,1,,warming,false,25,short_coverage,,no_prices x3,2026-09-10T16:00:00.000Z,rebuilt x24; sampled x1,3,
heeshilio,heeshilio,solana,1399811149,1,1,1,2026-09-10T16:00:00.000Z,182904.52,2026-09-10T16:00:00.000Z,182904.52,0,182904.52,0.2715,0.7,,warming,false,1,warming,,,2026-09-10T16:00:00.000Z,sampled x1,3,
heeshilio,heeshilio,ethereum,1,5,28,28,2026-08-22T00:00:00.000Z,2.16,2026-09-10T16:00:00.000Z,0.31,20,0.31,0.0000,1,,warming,false,5,short_coverage,,(no reason given) x20; no_prices x3,2026-09-10T16:00:00.000Z,rebuilt x4; sampled x1,3,
the_nutgod,nutgod,(all chains),,1,28,28,2026-09-10T16:00:00.000Z,673693.98,2026-09-10T16:00:00.000Z,673693.98,0,673693.98,,,,ready,false,1,too_few_points,,chains_unrebuildable x27,2026-09-10T16:00:00.000Z,sampled x1,3,
the_nutgod,nutgod,solana,1399811149,1,1,1,2026-09-10T16:00:00.000Z,639672.76,2026-09-10T16:00:00.000Z,639672.76,0,639672.76,0.9495,0.3226,,warming,false,1,warming,,,2026-09-10T16:00:00.000Z,sampled x1,3,
the_nutgod,nutgod,robinhood,4663,18,28,28,2026-08-24T00:00:00.000Z,7964.41,2026-09-10T16:00:00.000Z,34020.92,18,34020.92,0.0505,1,,warming,false,18,short_coverage,,no_prices x10,2026-09-10T16:00:00.000Z,rebuilt x17; sampled x1,3,
the_nutgod,nutgod,bsc,56,11,28,28,2026-08-17T00:00:00.000Z,140.71,2026-09-10T16:00:00.000Z,0.31,25,0.31,0.0000,1,,warming,false,11,short_coverage,,(no reason given) x13; no_prices x4,2026-09-10T16:00:00.000Z,rebuilt x10; sampled x1,3,
MemeKingdom,KING 👑,(all chains),,1,28,28,2026-09-10T16:00:00.000Z,667281.33,2026-09-10T16:00:00.000Z,667281.33,0,667281.33,,,,ready,false,1,too_few_points,,chains_unrebuildable x27,2026-09-10T16:00:00.000Z,sampled x1,5,
MemeKingdom,KING 👑,bsc,56,12,28,28,2026-08-15T00:00:00.000Z,662440.90,2026-09-10T16:00:00.000Z,384450.72,27,384450.72,0.5761,1,,warming,false,12,short_coverage,,(no reason given) x15; no_prices x1,2026-09-10T16:00:00.000Z,rebuilt x11; sampled x1,5,
MemeKingdom,KING 👑,robinhood,4663,28,28,28,2026-08-14T00:00:00.000Z,0.00,2026-09-10T16:00:00.000Z,165142.36,28,165142.36,0.2475,1,,warming,false,28,short_coverage,,,2026-09-10T16:00:00.000Z,rebuilt x27; sampled x1,5,
MemeKingdom,KING 👑,solana,1399811149,1,1,1,2026-09-10T16:00:00.000Z,117607.01,2026-09-10T16:00:00.000Z,117607.01,0,117607.01,0.1762,0.958,,warming,false,1,warming,,,2026-09-10T16:00:00.000Z,sampled x1,5,
MemeKingdom,KING 👑,base,8453,8,28,28,2026-08-30T00:00:00.000Z,1.82,2026-09-10T16:00:00.000Z,65.59,12,65.59,0.0001,1,,warming,false,8,short_coverage,,(no reason given) x20,2026-09-10T16:00:00.000Z,rebuilt x7; sampled x1,5,
MemeKingdom,KING 👑,ethereum,1,6,28,28,2026-08-15T00:00:00.000Z,6.04,2026-09-10T16:00:00.000Z,15.64,27,15.64,0.0000,1,,warming,false,6,short_coverage,,(no reason given) x22,2026-09-10T16:00:00.000Z,rebuilt x5; sampled x1,5,
metaversejoji,joji,(all chains),,1,28,28,2026-09-10T16:00:00.000Z,654291.31,2026-09-10T16:00:00.000Z,654291.31,0,654291.31,,,,ready,false,1,too_few_points,,chains_unrebuildable x27,2026-09-10T16:00:00.000Z,sampled x1,5,
metaversejoji,joji,robinhood,4663,28,28,28,2026-08-14T00:00:00.000Z,23200.38,2026-09-10T16:00:00.000Z,431050.64,28,431050.64,0.6588,1,,warming,false,28,short_coverage,,,2026-09-10T16:00:00.000Z,rebuilt x27; sampled x1,5,
metaversejoji,joji,solana,1399811149,1,1,1,2026-09-10T16:00:00.000Z,120566.73,2026-09-10T16:00:00.000Z,120566.73,0,120566.73,0.1843,0.9792,,warming,false,1,warming,,,2026-09-10T16:00:00.000Z,sampled x1,5,
metaversejoji,joji,bsc,56,8,28,28,2026-08-23T00:00:00.000Z,34353.98,2026-09-10T16:00:00.000Z,102671.08,19,102671.08,0.1569,1,,warming,false,8,short_coverage,,(no reason given) x20,2026-09-10T16:00:00.000Z,rebuilt x7; sampled x1,5,
metaversejoji,joji,ethereum,1,4,28,28,2026-08-19T00:00:00.000Z,2.16,2026-09-10T16:00:00.000Z,2.86,23,2.86,0.0000,1,,warming,false,4,short_coverage,,(no reason given) x24,2026-09-10T16:00:00.000Z,rebuilt x3; sampled x1,5,
metaversejoji,joji,base,8453,3,28,28,2026-08-28T00:00:00.000Z,28693.64,2026-09-05T00:00:00.000Z,47262.05,8,,,0,no_prices,warming,false,3,short_coverage,no_prices,(no reason given) x24; no_prices x1,2026-09-10T16:00:00.000Z,rebuilt x3,5,
Eagle_0X,Eagle_0X,(all chains),,1,28,28,2026-09-10T16:00:00.000Z,650170.18,2026-09-10T16:00:00.000Z,650170.18,0,650170.18,,,,ready,false,1,too_few_points,,chains_unrebuildable x27,2026-09-10T16:00:00.000Z,sampled x1,4,
Eagle_0X,Eagle_0X,robinhood,4663,28,28,28,2026-08-14T00:00:00.000Z,0.93,2026-09-10T16:00:00.000Z,598513.64,28,598513.64,0.9205,1,,warming,false,28,short_coverage,,,2026-09-10T16:00:00.000Z,rebuilt x27; sampled x1,4,
Eagle_0X,Eagle_0X,bsc,56,9,28,28,2026-08-19T00:00:00.000Z,3.55,2026-09-10T16:00:00.000Z,51572.33,23,51572.33,0.0793,0.75,,warming,false,9,short_coverage,,(no reason given) x19,2026-09-10T16:00:00.000Z,rebuilt x8; sampled x1,4,
Eagle_0X,Eagle_0X,solana,1399811149,1,1,1,2026-09-10T16:00:00.000Z,81.35,2026-09-10T16:00:00.000Z,81.35,0,81.35,0.0001,0.9333,,warming,false,1,warming,,,2026-09-10T16:00:00.000Z,sampled x1,4,
Eagle_0X,Eagle_0X,ethereum,1,2,28,28,2026-09-03T00:00:00.000Z,3.03,2026-09-10T16:00:00.000Z,2.86,8,2.86,0.0000,1,,ready,false,2,too_few_points,,(no reason given) x26,2026-09-10T16:00:00.000Z,rebuilt x1; sampled x1,4,
GuavaGuy2001,Guava Guy 🎀,(all chains),,1,28,28,2026-09-10T16:00:00.000Z,640948.36,2026-09-10T16:00:00.000Z,640948.36,0,640948.36,,,,ready,false,1,too_few_points,,chains_unrebuildable x27,2026-09-10T16:00:00.000Z,sampled x1,5,
GuavaGuy2001,Guava Guy 🎀,bsc,56,9,28,28,2026-08-18T00:00:00.000Z,3016.68,2026-09-10T16:00:00.000Z,591740.79,24,591740.79,0.9232,1,,warming,false,9,short_coverage,,(no reason given) x14; no_prices x5,2026-09-10T16:00:00.000Z,rebuilt x8; sampled x1,5,
GuavaGuy2001,Guava Guy 🎀,solana,1399811149,1,1,1,2026-09-10T16:00:00.000Z,37210.10,2026-09-10T16:00:00.000Z,37210.10,0,37210.10,0.0581,1,,warming,false,1,warming,,,2026-09-10T16:00:00.000Z,sampled x1,5,
GuavaGuy2001,Guava Guy 🎀,robinhood,4663,11,28,28,2026-08-31T00:00:00.000Z,0.00,2026-09-10T16:00:00.000Z,11982.15,11,11982.15,0.0187,1,,warming,false,11,short_coverage,,no_prices x17,2026-09-10T16:00:00.000Z,rebuilt x10; sampled x1,5,
GuavaGuy2001,Guava Guy 🎀,base,8453,5,28,28,2026-08-28T00:00:00.000Z,1.27,2026-09-10T16:00:00.000Z,12.64,14,12.64,0.0000,1,,warming,false,5,short_coverage,,(no reason given) x23,2026-09-10T16:00:00.000Z,rebuilt x4; sampled x1,5,
GuavaGuy2001,Guava Guy 🎀,ethereum,1,3,28,28,2026-08-17T00:00:00.000Z,4.32,2026-09-10T16:00:00.000Z,2.68,25,2.68,0.0000,1,,warming,false,3,short_coverage,,(no reason given) x25,2026-09-10T16:00:00.000Z,rebuilt x2; sampled x1,5,
NoGiOlMoKiNi,NGOP,(all chains),,1,28,28,2026-09-10T16:00:00.000Z,626408.29,2026-09-10T16:00:00.000Z,626408.29,0,626408.29,,,,ready,false,1,too_few_points,,chains_unrebuildable x27,2026-09-10T16:00:00.000Z,sampled x1,3,
NoGiOlMoKiNi,NGOP,bsc,56,8,28,28,2026-08-23T00:00:00.000Z,167611.82,2026-09-10T16:00:00.000Z,626393.71,19,626393.71,1.0000,1,,warming,false,8,short_coverage,,(no reason given) x17; no_prices x3,2026-09-10T16:00:00.000Z,rebuilt x7; sampled x1,3,
NoGiOlMoKiNi,NGOP,solana,1399811149,1,1,1,2026-09-10T16:00:00.000Z,9.89,2026-09-10T16:00:00.000Z,9.89,0,9.89,0.0000,1,,warming,false,1,warming,,,2026-09-10T16:00:00.000Z,sampled x1,3,
NoGiOlMoKiNi,NGOP,robinhood,4663,20,28,28,2026-08-14T00:00:00.000Z,9933.73,2026-09-10T16:00:00.000Z,4.70,28,4.70,0.0000,1,,warming,false,20,short_coverage,,no_prices x8,2026-09-10T16:00:00.000Z,rebuilt x19; sampled x1,3,
poker_kb_,poker_kb_,(all chains),,1,28,28,2026-09-10T16:00:00.000Z,624399.82,2026-09-10T16:00:00.000Z,624399.82,0,624399.82,,,,ready,false,1,too_few_points,,chains_unrebuildable x27,2026-09-10T16:00:00.000Z,sampled x1,4,
poker_kb_,poker_kb_,robinhood,4663,28,28,28,2026-08-14T00:00:00.000Z,0.00,2026-09-10T16:00:00.000Z,384055.14,28,384055.14,0.6151,1,,warming,false,28,short_coverage,,,2026-09-10T16:00:00.000Z,rebuilt x27; sampled x1,4,
poker_kb_,poker_kb_,solana,1399811149,1,1,1,2026-09-10T16:00:00.000Z,239658.39,2026-09-10T16:00:00.000Z,239658.39,0,239658.39,0.3838,0.9444,,warming,false,1,warming,,,2026-09-10T16:00:00.000Z,sampled x1,4,
poker_kb_,poker_kb_,bsc,56,9,28,28,2026-08-14T00:00:00.000Z,4.06,2026-09-10T16:00:00.000Z,682.22,28,682.22,0.0011,1,,warming,false,9,short_coverage,,(no reason given) x17; no_prices x2,2026-09-10T16:00:00.000Z,rebuilt x8; sampled x1,4,
poker_kb_,poker_kb_,ethereum,1,2,28,28,2026-09-05T00:00:00.000Z,3.40,2026-09-10T16:00:00.000Z,4.08,6,4.08,0.0000,1,,ready,false,2,too_few_points,,(no reason given) x26,2026-09-10T16:00:00.000Z,rebuilt x1; sampled x1,4,
USronaldcarter,Ronald,(all chains),,1,1,1,2026-09-10T16:00:00.000Z,614551.13,2026-09-10T16:00:00.000Z,614551.13,0,614551.13,,,,warming,false,1,warming,,,2026-09-10T16:00:00.000Z,sampled x1,1,
USronaldcarter,Ronald,solana,1399811149,1,1,1,2026-09-10T16:00:00.000Z,614551.13,2026-09-10T16:00:00.000Z,614551.13,0,614551.13,1.0000,1,,warming,false,1,warming,,,2026-09-10T16:00:00.000Z,sampled x1,1,
dtrainz,dtrains,(all chains),,1,28,28,2026-09-10T16:00:00.000Z,601688.98,2026-09-10T16:00:00.000Z,601688.98,0,601688.98,,,,ready,false,1,too_few_points,,chains_unrebuildable x27,2026-09-10T16:00:00.000Z,sampled x1,1,
dtrainz,dtrains,solana,1399811149,1,1,1,2026-09-10T16:00:00.000Z,601688.98,2026-09-10T16:00:00.000Z,601688.98,0,601688.98,1.0000,0.7333,,warming,false,1,warming,,,2026-09-10T16:00:00.000Z,sampled x1,1,
gundam,gundam,(all chains),,1,28,28,2026-09-10T16:00:00.000Z,599099.85,2026-09-10T16:00:00.000Z,599099.85,0,599099.85,,,,ready,false,1,too_few_points,,chains_unrebuildable x27,2026-09-10T16:00:00.000Z,sampled x1,3,
gundam,gundam,robinhood,4663,28,28,28,2026-08-14T00:00:00.000Z,55142.64,2026-09-10T16:00:00.000Z,466828.14,28,466828.14,0.7792,1,,warming,false,28,short_coverage,,,2026-09-10T16:00:00.000Z,rebuilt x27; sampled x1,3,
gundam,gundam,bsc,56,15,28,28,2026-08-15T00:00:00.000Z,290.80,2026-09-10T16:00:00.000Z,97877.28,27,97877.28,0.1634,1,,warming,false,15,short_coverage,,(no reason given) x13,2026-09-10T16:00:00.000Z,rebuilt x14; sampled x1,3,
gundam,gundam,solana,1399811149,1,1,1,2026-09-10T16:00:00.000Z,34394.42,2026-09-10T16:00:00.000Z,34394.42,0,34394.42,0.0574,0.9697,,warming,false,1,warming,,,2026-09-10T16:00:00.000Z,sampled x1,3,
Iknowwhyy,Iknowwhyy,(all chains),,1,28,28,2026-09-10T16:00:00.000Z,550679.61,2026-09-10T16:00:00.000Z,550679.61,0,550679.61,,,,ready,false,1,too_few_points,,chains_unrebuildable x27,2026-09-10T16:00:00.000Z,sampled x1,2,
Iknowwhyy,Iknowwhyy,solana,1399811149,1,1,1,2026-09-10T16:00:00.000Z,550679.61,2026-09-10T16:00:00.000Z,550679.61,0,550679.61,1.0000,0.9333,,warming,false,1,warming,,,2026-09-10T16:00:00.000Z,sampled x1,2,
Iknowwhyy,Iknowwhyy,robinhood,4663,15,28,28,2026-08-18T00:00:00.000Z,4744.65,2026-09-09T00:00:00.000Z,5732.06,22,,,0,no_prices,warming,false,15,short_coverage,no_prices,no_prices x13,2026-09-10T16:00:00.000Z,rebuilt x15,2,
alpinestar17,Alpinestar,(all chains),,1,28,28,2026-09-10T16:00:00.000Z,543261.75,2026-09-10T16:00:00.000Z,543261.75,0,543261.75,,,,ready,false,1,too_few_points,,chains_unrebuildable x27,2026-09-10T16:00:00.000Z,sampled x1,4,
alpinestar17,Alpinestar,robinhood,4663,28,28,28,2026-08-14T00:00:00.000Z,100582.66,2026-09-10T16:00:00.000Z,523198.93,28,523198.93,0.9631,1,,warming,false,28,short_coverage,,,2026-09-10T16:00:00.000Z,rebuilt x27; sampled x1,4,
alpinestar17,Alpinestar,solana,1399811149,1,1,1,2026-09-10T16:00:00.000Z,20045.65,2026-09-10T16:00:00.000Z,20045.65,0,20045.65,0.0369,1,,warming,false,1,warming,,,2026-09-10T16:00:00.000Z,sampled x1,4,
alpinestar17,Alpinestar,bsc,56,8,28,28,2026-08-15T00:00:00.000Z,774.99,2026-09-10T16:00:00.000Z,9.49,27,9.49,0.0000,1,,warming,false,8,short_coverage,,(no reason given) x17; no_prices x3,2026-09-10T16:00:00.000Z,rebuilt x7; sampled x1,4,
alpinestar17,Alpinestar,ethereum,1,4,28,28,2026-08-30T00:00:00.000Z,6.90,2026-09-10T16:00:00.000Z,7.68,12,7.68,0.0000,1,,warming,false,4,short_coverage,,(no reason given) x24,2026-09-10T16:00:00.000Z,rebuilt x3; sampled x1,4,
GiantLoyalFox,GiantLoyalFox,(all chains),,3,28,28,2026-09-07T00:00:00.000Z,623365.70,2026-09-10T16:00:00.000Z,479678.97,4,479678.97,,,,warming,false,3,short_coverage,,chains_unrebuildable x25,2026-09-10T16:00:00.000Z,rebuilt x2; sampled x1,3,
GiantLoyalFox,GiantLoyalFox,robinhood,4663,16,28,28,2026-08-26T00:00:00.000Z,0.00,2026-09-10T16:00:00.000Z,466923.66,16,466923.66,0.9734,1,,warming,false,16,short_coverage,,no_prices x12,2026-09-10T16:00:00.000Z,rebuilt x15; sampled x1,3,
GiantLoyalFox,GiantLoyalFox,solana,1399811149,28,28,28,2026-08-14T00:00:00.000Z,33121.53,2026-09-10T16:00:00.000Z,12752.72,28,12752.72,0.0266,1,,warming,false,28,short_coverage,,,2026-09-10T16:00:00.000Z,rebuilt x27; sampled x1,3,
GiantLoyalFox,GiantLoyalFox,ethereum,1,3,28,28,2026-09-07T00:00:00.000Z,4.17,2026-09-10T16:00:00.000Z,2.60,4,2.60,0.0000,1,,warming,false,3,short_coverage,,(no reason given) x25,2026-09-10T16:00:00.000Z,rebuilt x2; sampled x1,3,
twaptops,twaptops,(all chains),,1,28,28,2026-09-10T16:00:00.000Z,465295.59,2026-09-10T16:00:00.000Z,465295.59,0,465295.59,,,,ready,false,1,too_few_points,,chains_unrebuildable x27,2026-09-10T16:00:00.000Z,sampled x1,3,
twaptops,twaptops,robinhood,4663,28,28,28,2026-08-14T00:00:00.000Z,146085.54,2026-09-10T16:00:00.000Z,449844.82,28,449844.82,0.9668,1,,warming,false,28,short_coverage,,,2026-09-10T16:00:00.000Z,rebuilt x27; sampled x1,3,
twaptops,twaptops,solana,1399811149,1,1,1,2026-09-10T16:00:00.000Z,15444.38,2026-09-10T16:00:00.000Z,15444.38,0,15444.38,0.0332,1,,warming,false,1,warming,,,2026-09-10T16:00:00.000Z,sampled x1,3,
twaptops,twaptops,ethereum,1,3,28,28,2026-09-01T00:00:00.000Z,4.42,2026-09-10T16:00:00.000Z,6.39,10,6.39,0.0000,1,,warming,false,3,short_coverage,,(no reason given) x25,2026-09-10T16:00:00.000Z,rebuilt x2; sampled x1,3,
wileEcoyote,wileEcoyote,(all chains),,1,28,28,2026-09-10T16:00:00.000Z,446939.55,2026-09-10T16:00:00.000Z,446939.55,0,446939.55,,,,ready,false,1,too_few_points,,chains_unrebuildable x27,2026-09-10T16:00:00.000Z,sampled x1,3,
wileEcoyote,wileEcoyote,robinhood,4663,26,28,28,2026-08-14T00:00:00.000Z,12398.96,2026-09-10T16:00:00.000Z,446797.63,28,446797.63,0.9997,1,,warming,false,26,short_coverage,,no_prices x2,2026-09-10T16:00:00.000Z,rebuilt x25; sampled x1,3,
wileEcoyote,wileEcoyote,solana,1399811149,1,1,1,2026-09-10T16:00:00.000Z,141.18,2026-09-10T16:00:00.000Z,141.18,0,141.18,0.0003,1,,warming,false,1,warming,,,2026-09-10T16:00:00.000Z,sampled x1,3,
wileEcoyote,wileEcoyote,bsc,56,5,28,28,2026-08-17T00:00:00.000Z,0.75,2026-09-10T16:00:00.000Z,0.74,25,0.74,0.0000,1,,warming,false,5,short_coverage,,(no reason given) x23,2026-09-10T16:00:00.000Z,rebuilt x4; sampled x1,3,
tikopumps,tiko,(all chains),,1,28,28,2026-09-10T16:00:00.000Z,446606.27,2026-09-10T16:00:00.000Z,446606.27,0,446606.27,,,,ready,false,1,too_few_points,,chains_unrebuildable x27,2026-09-10T16:00:00.000Z,sampled x1,4,
tikopumps,tiko,bsc,56,2,28,28,2026-09-08T00:00:00.000Z,610642.43,2026-09-10T16:00:00.000Z,446234.54,3,446234.54,0.9992,1,,ready,false,2,too_few_points,,(no reason given) x26,2026-09-10T16:00:00.000Z,rebuilt x1; sampled x1,4,
tikopumps,tiko,solana,1399811149,1,1,1,2026-09-10T16:00:00.000Z,371.72,2026-09-10T16:00:00.000Z,371.72,0,371.72,0.0008,1,,warming,false,1,warming,,,2026-09-10T16:00:00.000Z,sampled x1,4,
tikopumps,tiko,robinhood,4663,11,28,28,2026-08-29T00:00:00.000Z,0.15,2026-09-10T16:00:00.000Z,0.01,13,0.01,0.0000,1,,warming,false,11,short_coverage,,no_prices x17,2026-09-10T16:00:00.000Z,rebuilt x10; sampled x1,4,
tikopumps,tiko,ethereum,1,3,28,28,2026-09-06T00:00:00.000Z,4.95,2026-09-10T16:00:00.000Z,0.00,5,0.00,0.0000,1,,warming,false,3,short_coverage,,(no reason given) x25,2026-09-10T16:00:00.000Z,rebuilt x2; sampled x1,4,
MoneyLord,MoneyLord,(all chains),,1,28,28,2026-09-10T16:00:00.000Z,436771.03,2026-09-10T16:00:00.000Z,436771.03,0,436771.03,,,,ready,false,1,too_few_points,,chains_unrebuildable x27,2026-09-10T16:00:00.000Z,sampled x1,4,
MoneyLord,MoneyLord,bsc,56,16,28,28,2026-08-14T00:00:00.000Z,99.38,2026-09-10T16:00:00.000Z,423741.10,28,423741.10,0.9702,1,,warming,false,16,short_coverage,,(no reason given) x3; no_prices x9,2026-09-10T16:00:00.000Z,rebuilt x15; sampled x1,4,
MoneyLord,MoneyLord,solana,1399811149,1,1,1,2026-09-10T16:00:00.000Z,12988.85,2026-09-10T16:00:00.000Z,12988.85,0,12988.85,0.0297,0.9417,,warming,false,1,warming,,,2026-09-10T16:00:00.000Z,sampled x1,4,
MoneyLord,MoneyLord,robinhood,4663,6,28,28,2026-09-04T00:00:00.000Z,8965.34,2026-09-10T16:00:00.000Z,34.69,7,34.69,0.0001,1,,warming,false,6,short_coverage,,no_prices x22,2026-09-10T16:00:00.000Z,rebuilt x5; sampled x1,4,
MoneyLord,MoneyLord,ethereum,1,4,28,28,2026-08-23T00:00:00.000Z,2.47,2026-09-10T16:00:00.000Z,6.39,19,6.39,0.0000,1,,warming,false,4,short_coverage,,(no reason given) x24,2026-09-10T16:00:00.000Z,rebuilt x3; sampled x1,4,
dreamloaderxo,dreamloader,(all chains),,1,28,28,2026-09-10T16:00:00.000Z,424261.50,2026-09-10T16:00:00.000Z,424261.50,0,424261.50,,,,ready,false,1,too_few_points,,chains_unrebuildable x27,2026-09-10T16:00:00.000Z,sampled x1,4,
dreamloaderxo,dreamloader,solana,1399811149,1,1,1,2026-09-10T16:00:00.000Z,281161.76,2026-09-10T16:00:00.000Z,281161.76,0,281161.76,0.6627,0.5957,,warming,false,1,warming,,,2026-09-10T16:00:00.000Z,sampled x1,4,
dreamloaderxo,dreamloader,bsc,56,6,28,28,2026-08-18T00:00:00.000Z,15.28,2026-09-10T16:00:00.000Z,116818.59,24,116818.59,0.2753,0.8,,warming,false,6,short_coverage,,(no reason given) x21; no_prices x1,2026-09-10T16:00:00.000Z,rebuilt x5; sampled x1,4,
dreamloaderxo,dreamloader,robinhood,4663,21,28,28,2026-08-15T00:00:00.000Z,835.94,2026-09-10T16:00:00.000Z,23642.10,27,23642.10,0.0557,1,,warming,false,21,short_coverage,,no_prices x7,2026-09-10T16:00:00.000Z,rebuilt x20; sampled x1,4,
dreamloaderxo,dreamloader,ethereum,1,3,28,28,2026-08-28T00:00:00.000Z,4858.29,2026-09-10T16:00:00.000Z,2639.04,14,2639.04,0.0062,1,,warming,false,3,short_coverage,,(no reason given) x22; no_prices x3,2026-09-10T16:00:00.000Z,rebuilt x2; sampled x1,4,
justtesting,Test Account,(all chains),,1,28,28,2026-09-10T16:00:00.000Z,367721.07,2026-09-10T16:00:00.000Z,367721.07,0,367721.07,,,,ready,false,1,too_few_points,,chains_unrebuildable x27,2026-09-10T16:00:00.000Z,sampled x1,3,
justtesting,Test Account,robinhood,4663,21,28,28,2026-08-21T00:00:00.000Z,4967.95,2026-09-10T16:00:00.000Z,367532.91,21,367532.91,0.9995,1,,warming,false,21,short_coverage,,no_prices x7,2026-09-10T16:00:00.000Z,rebuilt x20; sampled x1,3,
justtesting,Test Account,solana,1399811149,1,1,1,2026-09-10T16:00:00.000Z,181.46,2026-09-10T16:00:00.000Z,181.46,0,181.46,0.0005,0.9804,,warming,false,1,warming,,,2026-09-10T16:00:00.000Z,sampled x1,3,
justtesting,Test Account,ethereum,1,4,28,28,2026-08-22T00:00:00.000Z,2.59,2026-09-10T16:00:00.000Z,6.70,20,6.70,0.0000,1,,warming,false,4,short_coverage,,(no reason given) x24,2026-09-10T16:00:00.000Z,rebuilt x3; sampled x1,3,
397397,Lasercat397,(all chains),,1,28,28,2026-09-10T16:00:00.000Z,243261.53,2026-09-10T16:00:00.000Z,243261.53,0,243261.53,,,,ready,false,1,too_few_points,,chains_unrebuildable x27,2026-09-10T16:00:00.000Z,sampled x1,4,
397397,Lasercat397,solana,1399811149,1,1,1,2026-09-10T16:00:00.000Z,120344.18,2026-09-10T16:00:00.000Z,120344.18,0,120344.18,0.4947,0.9673,,warming,false,1,warming,,,2026-09-10T16:00:00.000Z,sampled x1,4,
397397,Lasercat397,robinhood,4663,28,28,28,2026-08-14T00:00:00.000Z,2246.50,2026-09-10T16:00:00.000Z,118765.22,28,118765.22,0.4882,1,,warming,false,28,short_coverage,,,2026-09-10T16:00:00.000Z,rebuilt x27; sampled x1,4,
397397,Lasercat397,bsc,56,24,28,28,2026-08-15T00:00:00.000Z,31016.77,2026-09-10T16:00:00.000Z,4141.55,27,4141.55,0.0170,0.3478,,warming,false,24,short_coverage,,no_prices x3; (no reason given) x1,2026-09-10T16:00:00.000Z,rebuilt x23; sampled x1,4,
397397,Lasercat397,ethereum,1,4,28,28,2026-08-25T00:00:00.000Z,8.36,2026-09-10T16:00:00.000Z,10.58,17,10.58,0.0000,1,,warming,false,4,short_coverage,,(no reason given) x24,2026-09-10T16:00:00.000Z,rebuilt x3; sampled x1,4,
Mirro7777,MIRRO🔶 BNB,(all chains),,1,28,28,2026-09-10T16:00:00.000Z,225059.16,2026-09-10T16:00:00.000Z,225059.16,0,225059.16,,,,ready,false,1,too_few_points,,chains_unrebuildable x27,2026-09-10T16:00:00.000Z,sampled x1,4,
Mirro7777,MIRRO🔶 BNB,bsc,56,15,28,28,2026-08-21T00:00:00.000Z,280083.87,2026-09-10T16:00:00.000Z,210059.91,21,210059.91,0.9334,1,,warming,false,15,short_coverage,,(no reason given) x12; no_prices x1,2026-09-10T16:00:00.000Z,rebuilt x14; sampled x1,4,
Mirro7777,MIRRO🔶 BNB,robinhood,4663,12,28,28,2026-08-30T00:00:00.000Z,11130.75,2026-09-10T16:00:00.000Z,11317.66,12,11317.66,0.0503,1,,warming,false,12,short_coverage,,no_prices x16,2026-09-10T16:00:00.000Z,rebuilt x11; sampled x1,4,
Mirro7777,MIRRO🔶 BNB,base,8453,3,28,28,2026-09-04T00:00:00.000Z,2984.22,2026-09-10T16:00:00.000Z,2778.71,7,2778.71,0.0123,1,,warming,false,3,short_coverage,,(no reason given) x25,2026-09-10T16:00:00.000Z,rebuilt x2; sampled x1,4,
Mirro7777,MIRRO🔶 BNB,solana,1399811149,1,1,1,2026-09-10T16:00:00.000Z,902.87,2026-09-10T16:00:00.000Z,902.87,0,902.87,0.0040,0.6667,,warming,false,1,warming,,,2026-09-10T16:00:00.000Z,sampled x1,4,
0xLingard,Lingard,(all chains),,1,28,28,2026-09-10T16:00:00.000Z,190685.90,2026-09-10T16:00:00.000Z,190685.90,0,190685.90,,,,ready,false,1,too_few_points,,chains_unrebuildable x27,2026-09-10T16:00:00.000Z,sampled x1,4,
0xLingard,Lingard,base,8453,6,28,28,2026-09-03T00:00:00.000Z,74534.76,2026-09-10T16:00:00.000Z,135833.48,8,135833.48,0.7123,1,,warming,false,6,short_coverage,,(no reason given) x22,2026-09-10T16:00:00.000Z,rebuilt x5; sampled x1,4,
0xLingard,Lingard,bsc,56,15,28,28,2026-08-17T00:00:00.000Z,149.49,2026-09-10T16:00:00.000Z,36393.88,25,36393.88,0.1909,0.9167,,warming,false,15,short_coverage,,(no reason given) x12; no_prices x1,2026-09-10T16:00:00.000Z,rebuilt x14; sampled x1,4,
0xLingard,Lingard,robinhood,4663,28,28,28,2026-08-14T00:00:00.000Z,17684.94,2026-09-10T16:00:00.000Z,18452.14,28,18452.14,0.0968,1,,warming,false,28,short_coverage,,,2026-09-10T16:00:00.000Z,rebuilt x27; sampled x1,4,
0xLingard,Lingard,ethereum,1,5,28,28,2026-08-26T00:00:00.000Z,5.05,2026-09-10T16:00:00.000Z,6.39,16,6.39,0.0000,1,,warming,false,5,short_coverage,,(no reason given) x23,2026-09-10T16:00:00.000Z,rebuilt x4; sampled x1,4,
Binkieee,Binkieee,(all chains),,1,28,28,2026-09-10T16:00:00.000Z,141286.05,2026-09-10T16:00:00.000Z,141286.05,0,141286.05,,,,ready,false,1,too_few_points,,chains_unrebuildable x27,2026-09-10T16:00:00.000Z,sampled x1,3,
Binkieee,Binkieee,solana,1399811149,28,28,28,2026-08-14T00:00:00.000Z,2182075.61,2026-09-10T16:00:00.000Z,80859.40,28,80859.40,0.5723,0.9519,,warming,false,28,short_coverage,,,2026-09-10T16:00:00.000Z,rebuilt x27; sampled x1,3,
Binkieee,Binkieee,robinhood,4663,28,28,28,2026-08-14T00:00:00.000Z,34271.31,2026-09-10T16:00:00.000Z,50377.12,28,50377.12,0.3566,1,,warming,false,28,short_coverage,,,2026-09-10T16:00:00.000Z,rebuilt x27; sampled x1,3,
Binkieee,Binkieee,ethereum,1,4,28,28,2026-08-21T00:00:00.000Z,10.36,2026-09-10T16:00:00.000Z,10049.53,21,10049.53,0.0711,1,,warming,false,4,short_coverage,,(no reason given) x24,2026-09-10T16:00:00.000Z,rebuilt x3; sampled x1,3,
fmpumpguy,fomopumpguy,(all chains),,1,28,28,2026-09-10T16:00:00.000Z,129063.20,2026-09-10T16:00:00.000Z,129063.20,0,129063.20,,,,ready,false,1,too_few_points,,chains_unrebuildable x27,2026-09-10T16:00:00.000Z,sampled x1,3,
fmpumpguy,fomopumpguy,solana,1399811149,1,1,1,2026-09-10T16:00:00.000Z,76727.99,2026-09-10T16:00:00.000Z,76727.99,0,76727.99,0.5945,0.9231,,warming,false,1,warming,,,2026-09-10T16:00:00.000Z,sampled x1,3,
fmpumpguy,fomopumpguy,robinhood,4663,13,28,28,2026-08-29T00:00:00.000Z,0.00,2026-09-10T16:00:00.000Z,52327.54,13,52327.54,0.4054,1,,warming,false,13,short_coverage,,no_prices x15,2026-09-10T16:00:00.000Z,rebuilt x12; sampled x1,3,
fmpumpguy,fomopumpguy,ethereum,1,3,28,28,2026-08-22T00:00:00.000Z,2.97,2026-09-10T16:00:00.000Z,7.68,20,7.68,0.0001,1,,warming,false,3,short_coverage,,(no reason given) x25,2026-09-10T16:00:00.000Z,rebuilt x2; sampled x1,3,
0xangeryy,angery,(all chains),,28,28,28,2026-08-14T00:00:00.000Z,1444559.26,2026-09-10T16:00:00.000Z,108705.64,28,108705.64,,,,warming,false,28,short_coverage,,,2026-09-10T14:00:00.000Z,rebuilt x27; sampled x1,1,
0xangeryy,angery,solana,1399811149,1,1,1,2026-09-10T16:00:00.000Z,108705.64,2026-09-10T16:00:00.000Z,108705.64,0,108705.64,1.0000,0.9449,,warming,false,1,warming,,,2026-09-10T14:00:00.000Z,sampled x1,1,
JackieTian7,0xphoenix.eth,(all chains),,7,28,28,2026-08-20T00:00:00.000Z,182438.76,2026-09-10T16:00:00.000Z,76987.43,22,76987.43,,,,warming,false,7,short_coverage,,chains_unrebuildable x21,2026-09-10T16:00:00.000Z,rebuilt x6; sampled x1,2,
JackieTian7,0xphoenix.eth,ethereum,1,16,28,28,2026-08-15T00:00:00.000Z,1007.14,2026-09-10T16:00:00.000Z,70294.34,27,70294.34,0.9131,0.8,,warming,false,16,short_coverage,,no_prices x4; (no reason given) x8,2026-09-10T16:00:00.000Z,rebuilt x15; sampled x1,2,
JackieTian7,0xphoenix.eth,robinhood,4663,28,28,28,2026-08-14T00:00:00.000Z,278.09,2026-09-10T16:00:00.000Z,6693.09,28,6693.09,0.0869,0.619,,warming,false,28,short_coverage,,,2026-09-10T16:00:00.000Z,rebuilt x27; sampled x1,2,
yeon__,Yeon,(all chains),,1,28,28,2026-09-10T16:00:00.000Z,67894.76,2026-09-10T16:00:00.000Z,67894.76,0,67894.76,,,,ready,false,1,too_few_points,,chains_unrebuildable x27,2026-09-10T16:00:00.000Z,sampled x1,3,
yeon__,Yeon,solana,1399811149,1,1,1,2026-09-10T16:00:00.000Z,61700.09,2026-09-10T16:00:00.000Z,61700.09,0,61700.09,0.9088,0.8889,,warming,false,1,warming,,,2026-09-10T16:00:00.000Z,sampled x1,3,
yeon__,Yeon,robinhood,4663,28,28,28,2026-08-14T00:00:00.000Z,0.00,2026-09-10T16:00:00.000Z,6191.50,28,6191.50,0.0912,1,,warming,false,28,short_coverage,,,2026-09-10T16:00:00.000Z,rebuilt x27; sampled x1,3,
yeon__,Yeon,ethereum,1,4,28,28,2026-09-03T00:00:00.000Z,3.36,2026-09-10T16:00:00.000Z,3.17,8,3.17,0.0000,1,,warming,false,4,short_coverage,,(no reason given) x24,2026-09-10T16:00:00.000Z,rebuilt x3; sampled x1,3,
fhn_gt,"fhn.gt (🌍,💻)",(all chains),,1,28,28,2026-09-10T16:00:00.000Z,52276.29,2026-09-10T16:00:00.000Z,52276.29,0,52276.29,,,,ready,false,1,too_few_points,,chains_unrebuildable x27,2026-09-10T16:00:00.000Z,sampled x1,2,
fhn_gt,"fhn.gt (🌍,💻)",ethereum,1,15,28,28,2026-08-14T00:00:00.000Z,50012.48,2026-09-10T16:00:00.000Z,52235.39,28,52235.39,0.9992,0.5714,,warming,false,15,short_coverage,,(no reason given) x8; no_prices x5,2026-09-10T16:00:00.000Z,rebuilt x14; sampled x1,2,
fhn_gt,"fhn.gt (🌍,💻)",robinhood,4663,28,28,28,2026-08-14T00:00:00.000Z,222161.52,2026-09-10T16:00:00.000Z,40.90,28,40.90,0.0008,1,,warming,false,28,short_coverage,,,2026-09-10T16:00:00.000Z,rebuilt x27; sampled x1,2,
gmgn_0x25ccf46f,,(all chains),,28,28,28,2026-08-14T00:00:00.000Z,8709.84,2026-09-10T16:00:00.000Z,44456.52,28,44456.52,,,,warming,false,28,short_coverage,,,2026-09-10T16:00:00.000Z,rebuilt x27; sampled x1,1,
gmgn_0x25ccf46f,,robinhood,4663,28,28,28,2026-08-14T00:00:00.000Z,8709.84,2026-09-10T16:00:00.000Z,44456.52,28,44456.52,1.0000,1,,warming,false,28,short_coverage,,,2026-09-10T16:00:00.000Z,rebuilt x27; sampled x1,1,
spartee,spartee,(all chains),,1,28,28,2026-09-10T16:00:00.000Z,42669.48,2026-09-10T16:00:00.000Z,42669.48,0,42669.48,,,,ready,false,1,too_few_points,,chains_unrebuildable x27,2026-09-10T16:00:00.000Z,sampled x1,2,
spartee,spartee,solana,1399811149,1,1,1,2026-09-10T16:00:00.000Z,37491.64,2026-09-10T16:00:00.000Z,37491.64,0,37491.64,0.8787,0.6667,,warming,false,1,warming,,,2026-09-10T16:00:00.000Z,sampled x1,2,
spartee,spartee,robinhood,4663,17,28,28,2026-08-25T00:00:00.000Z,4199.26,2026-09-10T16:00:00.000Z,5177.84,17,5177.84,0.1213,1,,warming,false,17,short_coverage,,no_prices x11,2026-09-10T16:00:00.000Z,rebuilt x16; sampled x1,2,
CryptoCharming,CryptoCharming 🐟,(all chains),,3,28,28,2026-08-26T00:00:00.000Z,6156.39,2026-09-10T16:00:00.000Z,42483.14,16,42483.14,,,,warming,false,3,short_coverage,,chains_unrebuildable x25,2026-09-10T16:00:00.000Z,rebuilt x2; sampled x1,3,
CryptoCharming,CryptoCharming 🐟,bsc,56,14,28,28,2026-08-18T00:00:00.000Z,3527.27,2026-09-10T16:00:00.000Z,21682.89,24,21682.89,0.5104,0.5,,warming,false,14,short_coverage,,no_prices x7; (no reason given) x7,2026-09-10T16:00:00.000Z,rebuilt x13; sampled x1,3,
CryptoCharming,CryptoCharming 🐟,robinhood,4663,28,28,28,2026-08-14T00:00:00.000Z,0.00,2026-09-10T16:00:00.000Z,19460.68,28,19460.68,0.4581,0.6338,,warming,false,28,short_coverage,,,2026-09-10T16:00:00.000Z,rebuilt x27; sampled x1,3,
CryptoCharming,CryptoCharming 🐟,ethereum,1,8,28,28,2026-08-24T00:00:00.000Z,271.00,2026-09-10T16:00:00.000Z,1339.57,18,1339.57,0.0315,1,,warming,false,8,short_coverage,,(no reason given) x15; no_prices x5,2026-09-10T16:00:00.000Z,rebuilt x7; sampled x1,3,
gmgn_8gv31ab8mt,,(all chains),,28,28,28,2026-08-14T00:00:00.000Z,1522.13,2026-09-10T16:00:00.000Z,34947.28,28,34947.28,,,,warming,false,28,short_coverage,,,2026-09-10T16:00:00.000Z,rebuilt x27; sampled x1,1,
gmgn_8gv31ab8mt,,solana,1399811149,1,1,1,2026-09-10T16:00:00.000Z,34947.28,2026-09-10T16:00:00.000Z,34947.28,0,34947.28,1.0000,0.1386,,warming,false,1,warming,,,2026-09-10T16:00:00.000Z,sampled x1,1,
gmgn_0xabae8180,,(all chains),,2,28,28,2026-08-27T00:00:00.000Z,39737.70,2026-09-10T16:00:00.000Z,31293.53,15,31293.53,,,,ready,false,2,too_few_points,,chains_unrebuildable x26,2026-09-10T16:00:00.000Z,rebuilt x1; sampled x1,2,
gmgn_0xabae8180,,robinhood,4663,28,28,28,2026-08-14T00:00:00.000Z,9927.06,2026-09-10T16:00:00.000Z,31206.77,28,31206.77,0.9972,1,,warming,false,28,short_coverage,,,2026-09-10T16:00:00.000Z,rebuilt x27; sampled x1,2,
gmgn_0xabae8180,,bsc,56,12,28,28,2026-08-18T00:00:00.000Z,6.92,2026-09-10T16:00:00.000Z,86.76,24,86.76,0.0028,1,,warming,false,12,short_coverage,,(no reason given) x16,2026-09-10T16:00:00.000Z,rebuilt x11; sampled x1,2,
gmgn_0x56311f46,,(all chains),,1,28,28,2026-09-10T16:00:00.000Z,30719.76,2026-09-10T16:00:00.000Z,30719.76,0,30719.76,,,,ready,false,1,too_few_points,,chains_unrebuildable x27,2026-09-10T16:00:00.000Z,sampled x1,3,
gmgn_0x56311f46,,robinhood,4663,28,28,28,2026-08-14T00:00:00.000Z,2076.60,2026-09-10T16:00:00.000Z,30699.06,28,30699.06,0.9993,1,,warming,false,28,short_coverage,,,2026-09-10T16:00:00.000Z,rebuilt x27; sampled x1,3,
gmgn_0x56311f46,,ethereum,1,1,28,28,2026-09-10T16:00:00.000Z,20.27,2026-09-10T16:00:00.000Z,20.27,0,20.27,0.0007,1,,ready,false,1,too_few_points,,(no reason given) x24; no_prices x3,2026-09-10T16:00:00.000Z,sampled x1,3,
gmgn_0x56311f46,,bsc,56,3,28,28,2026-08-17T00:00:00.000Z,134.79,2026-09-10T16:00:00.000Z,0.43,25,0.43,0.0000,1,,warming,false,3,short_coverage,,(no reason given) x25,2026-09-10T16:00:00.000Z,rebuilt x2; sampled x1,3,
CryptoHtdi,No.17,(all chains),,1,28,28,2026-09-10T16:00:00.000Z,30121.17,2026-09-10T16:00:00.000Z,30121.17,0,30121.17,,,,ready,false,1,too_few_points,,chains_unrebuildable x27,2026-09-10T16:00:00.000Z,sampled x1,3,
CryptoHtdi,No.17,robinhood,4663,28,28,28,2026-08-14T00:00:00.000Z,2843.99,2026-09-10T16:00:00.000Z,28088.47,28,28088.47,0.9325,1,,warming,false,28,short_coverage,,,2026-09-10T16:00:00.000Z,rebuilt x27; sampled x1,3,
CryptoHtdi,No.17,ethereum,1,12,28,28,2026-08-19T00:00:00.000Z,0.96,2026-09-10T16:00:00.000Z,2015.01,23,2015.01,0.0669,0.5714,,warming,false,12,short_coverage,,(no reason given) x11; no_prices x5,2026-09-10T16:00:00.000Z,rebuilt x11; sampled x1,3,
CryptoHtdi,No.17,bsc,56,2,28,28,2026-09-09T00:00:00.000Z,45.09,2026-09-10T16:00:00.000Z,17.69,2,17.69,0.0006,1,,ready,false,2,too_few_points,,(no reason given) x26,2026-09-10T16:00:00.000Z,rebuilt x1; sampled x1,3,
gmgn_cxwrfadzmk,,(all chains),,1,1,1,2026-09-10T16:00:00.000Z,29531.82,2026-09-10T16:00:00.000Z,29531.82,0,29531.82,,,,warming,false,1,warming,,,2026-09-10T16:00:00.000Z,sampled x1,1,
gmgn_cxwrfadzmk,,solana,1399811149,1,1,1,2026-09-10T16:00:00.000Z,29531.82,2026-09-10T16:00:00.000Z,29531.82,0,29531.82,1.0000,0.1276,,warming,false,1,warming,,,2026-09-10T16:00:00.000Z,sampled x1,1,
gmgn_eq7kxpwxf5,,(all chains),,1,1,1,2026-09-10T16:00:00.000Z,29083.55,2026-09-10T16:00:00.000Z,29083.55,0,29083.55,,,,warming,false,1,warming,,,2026-09-10T16:00:00.000Z,sampled x1,1,
gmgn_eq7kxpwxf5,,solana,1399811149,1,1,1,2026-09-10T16:00:00.000Z,29083.55,2026-09-10T16:00:00.000Z,29083.55,0,29083.55,1.0000,0.1585,,warming,false,1,warming,,,2026-09-10T16:00:00.000Z,sampled x1,1,
luckedhub,jamessmith,(all chains),,1,1,1,2026-09-10T16:00:00.000Z,26046.29,2026-09-10T16:00:00.000Z,26046.29,0,26046.29,,,,warming,false,1,warming,,,2026-09-10T16:00:00.000Z,sampled x1,1,
luckedhub,jamessmith,solana,1399811149,1,1,1,2026-09-10T16:00:00.000Z,26046.29,2026-09-10T16:00:00.000Z,26046.29,0,26046.29,1.0000,0.0344,,warming,false,1,warming,,,2026-09-10T16:00:00.000Z,sampled x1,1,
Ox011111,零一,(all chains),,1,28,28,2026-09-10T16:00:00.000Z,25896.00,2026-09-10T16:00:00.000Z,25896.00,0,25896.00,,,,ready,false,1,too_few_points,,chains_unrebuildable x27,2026-09-10T16:00:00.000Z,sampled x1,1,
Ox011111,零一,bsc,56,4,28,28,2026-08-15T00:00:00.000Z,35.33,2026-09-10T16:00:00.000Z,25896.00,27,25896.00,1.0000,1,,warming,false,4,short_coverage,,(no reason given) x22; no_prices x2,2026-09-10T16:00:00.000Z,rebuilt x3; sampled x1,1,
Saint_pablo123,Sebastian Orellana,(all chains),,1,28,28,2026-09-10T16:00:00.000Z,24568.62,2026-09-10T16:00:00.000Z,24568.62,0,24568.62,,,,ready,false,1,too_few_points,,chains_unrebuildable x27,2026-09-10T16:00:00.000Z,sampled x1,2,
Saint_pablo123,Sebastian Orellana,robinhood,4663,27,28,28,2026-08-14T00:00:00.000Z,12131.85,2026-09-10T16:00:00.000Z,16059.91,28,16059.91,0.6537,0.5,,warming,false,27,short_coverage,,no_prices x1,2026-09-10T16:00:00.000Z,rebuilt x26; sampled x1,2,
Saint_pablo123,Sebastian Orellana,ethereum,1,2,28,28,2026-09-07T00:00:00.000Z,41.39,2026-09-10T16:00:00.000Z,8508.71,4,8508.71,0.3463,0.4,,ready,false,2,too_few_points,,(no reason given) x17; no_prices x9,2026-09-10T16:00:00.000Z,rebuilt x1; sampled x1,2,
Anonymoux2311,Anonymoux,(all chains),,3,28,28,2026-09-01T00:00:00.000Z,36530.07,2026-09-10T16:00:00.000Z,23179.97,10,23179.97,,,,warming,false,3,short_coverage,,chains_unrebuildable x25,2026-09-10T16:00:00.000Z,rebuilt x2; sampled x1,2,
Anonymoux2311,Anonymoux,ethereum,1,4,28,28,2026-08-15T00:00:00.000Z,17502.01,2026-09-10T16:00:00.000Z,23179.50,27,23179.50,1.0000,1,,warming,false,4,short_coverage,,(no reason given) x24,2026-09-10T16:00:00.000Z,rebuilt x3; sampled x1,2,
Anonymoux2311,Anonymoux,robinhood,4663,10,28,28,2026-09-01T00:00:00.000Z,0.00,2026-09-10T16:00:00.000Z,0.46,10,0.46,0.0000,1,,warming,false,10,short_coverage,,no_prices x18,2026-09-10T16:00:00.000Z,rebuilt x9; sampled x1,2,
gmgn_0x38880f3f,,(all chains),,13,28,28,2026-08-29T00:00:00.000Z,0.00,2026-09-10T16:00:00.000Z,22157.25,13,22157.25,,,,warming,false,13,short_coverage,,chains_unrebuildable x15,2026-09-10T16:00:00.000Z,rebuilt x12; sampled x1,1,
gmgn_0x38880f3f,,robinhood,4663,13,28,28,2026-08-29T00:00:00.000Z,0.00,2026-09-10T16:00:00.000Z,22157.25,13,22157.25,1.0000,1,,warming,false,13,short_coverage,,no_prices x15,2026-09-10T16:00:00.000Z,rebuilt x12; sampled x1,1,
RunningClam,Clam,(all chains),,1,28,28,2026-09-10T16:00:00.000Z,21781.26,2026-09-10T16:00:00.000Z,21781.26,0,21781.26,,,,ready,false,1,too_few_points,,chains_unrebuildable x27,2026-09-10T16:00:00.000Z,sampled x1,1,
RunningClam,Clam,solana,1399811149,1,1,1,2026-09-10T16:00:00.000Z,21781.26,2026-09-10T16:00:00.000Z,21781.26,0,21781.26,1.0000,0.9,,warming,false,1,warming,,,2026-09-10T16:00:00.000Z,sampled x1,1,
Ed_x0101,Ed_x區塊日記🇭🇰,(all chains),,7,28,28,2026-08-30T00:00:00.000Z,2864.74,2026-09-10T16:00:00.000Z,20984.10,12,20984.10,,,,warming,false,7,short_coverage,,chains_unrebuildable x21,2026-09-10T16:00:00.000Z,rebuilt x6; sampled x1,3,
Ed_x0101,Ed_x區塊日記🇭🇰,ethereum,1,13,28,28,2026-08-24T00:00:00.000Z,192.82,2026-09-10T16:00:00.000Z,13428.48,18,13428.48,0.6399,0.4286,,warming,false,13,short_coverage,,(no reason given) x15,2026-09-10T16:00:00.000Z,rebuilt x12; sampled x1,3,
Ed_x0101,Ed_x區塊日記🇭🇰,robinhood,4663,23,28,28,2026-08-19T00:00:00.000Z,0.00,2026-09-10T16:00:00.000Z,5041.86,23,5041.86,0.2403,0.4151,,warming,false,23,short_coverage,,no_prices x5,2026-09-10T16:00:00.000Z,rebuilt x22; sampled x1,3,
Ed_x0101,Ed_x區塊日記🇭🇰,bsc,56,20,28,28,2026-08-15T00:00:00.000Z,10614.62,2026-09-10T16:00:00.000Z,2513.76,27,2513.76,0.1198,0.4286,,warming,false,20,short_coverage,,no_prices x4; (no reason given) x4,2026-09-10T16:00:00.000Z,rebuilt x19; sampled x1,3,
gmgn_dmfsdgkv5h,,(all chains),,1,1,1,2026-09-10T16:00:00.000Z,20644.68,2026-09-10T16:00:00.000Z,20644.68,0,20644.68,,,,warming,false,1,warming,,,2026-09-10T16:00:00.000Z,sampled x1,1,
gmgn_dmfsdgkv5h,,solana,1399811149,1,1,1,2026-09-10T16:00:00.000Z,20644.68,2026-09-10T16:00:00.000Z,20644.68,0,20644.68,1.0000,0.2727,,warming,false,1,warming,,,2026-09-10T16:00:00.000Z,sampled x1,1,
gmgn_by58z7n5ad,,(all chains),,28,28,28,2026-08-14T00:00:00.000Z,305.55,2026-09-10T16:00:00.000Z,19479.52,28,19479.52,,,,warming,false,28,short_coverage,,,2026-09-10T16:00:00.000Z,rebuilt x27; sampled x1,1,
gmgn_by58z7n5ad,,solana,1399811149,28,28,28,2026-08-14T00:00:00.000Z,305.55,2026-09-10T16:00:00.000Z,19479.52,28,19479.52,1.0000,0.0147,,warming,false,28,short_coverage,,,2026-09-10T16:00:00.000Z,rebuilt x27; sampled x1,1,
Cryptopathic,path.eth 🛡️,(all chains),,1,28,28,2026-09-10T16:00:00.000Z,19380.49,2026-09-10T16:00:00.000Z,19380.49,0,19380.49,,,,ready,false,1,too_few_points,,chains_unrebuildable x27,2026-09-10T16:00:00.000Z,sampled x1,1,
Cryptopathic,path.eth 🛡️,ethereum,1,10,28,28,2026-08-20T00:00:00.000Z,159275.60,2026-09-10T16:00:00.000Z,19380.49,22,19380.49,1.0000,0.5,,warming,false,10,short_coverage,,(no reason given) x17; no_prices x1,2026-09-10T16:00:00.000Z,rebuilt x9; sampled x1,1,
gmgn_hzyjnkimyy,,(all chains),,1,1,1,2026-09-10T16:00:00.000Z,19017.44,2026-09-10T16:00:00.000Z,19017.44,0,19017.44,,,,warming,false,1,warming,,,2026-09-10T16:00:00.000Z,sampled x1,1,
gmgn_hzyjnkimyy,,solana,1399811149,1,1,1,2026-09-10T16:00:00.000Z,19017.44,2026-09-10T16:00:00.000Z,19017.44,0,19017.44,1.0000,0.0859,,warming,false,1,warming,,,2026-09-10T16:00:00.000Z,sampled x1,1,
gmgn_4mdmhfimjb,,(all chains),,28,28,28,2026-08-14T00:00:00.000Z,3.88,2026-09-10T16:00:00.000Z,18067.91,28,18067.91,,,,warming,false,28,short_coverage,,,2026-09-10T16:00:00.000Z,rebuilt x27; sampled x1,1,
gmgn_4mdmhfimjb,,solana,1399811149,28,28,28,2026-08-14T00:00:00.000Z,3.88,2026-09-10T16:00:00.000Z,18067.91,28,18067.91,1.0000,0.1579,,warming,false,28,short_coverage,,,2026-09-10T16:00:00.000Z,rebuilt x27; sampled x1,1,
aa_AFeng,阿峰_Afeng,(all chains),,5,28,28,2026-09-04T00:00:00.000Z,25448.80,2026-09-10T16:00:00.000Z,16993.34,7,16993.34,,,,warming,false,5,short_coverage,,chains_unrebuildable x23,2026-09-10T16:00:00.000Z,rebuilt x4; sampled x1,3,
aa_AFeng,阿峰_Afeng,ethereum,1,27,28,28,2026-08-14T00:00:00.000Z,121.59,2026-09-10T16:00:00.000Z,12490.74,28,12490.74,0.7350,0.4348,,warming,false,27,short_coverage,,no_prices x1,2026-09-10T16:00:00.000Z,rebuilt x26; sampled x1,3,
aa_AFeng,阿峰_Afeng,robinhood,4663,18,28,28,2026-08-24T00:00:00.000Z,0.00,2026-09-10T16:00:00.000Z,4478.55,18,4478.55,0.2635,0.4583,,warming,false,18,short_coverage,,no_prices x10,2026-09-10T16:00:00.000Z,rebuilt x17; sampled x1,3,
aa_AFeng,阿峰_Afeng,bsc,56,8,28,28,2026-08-19T00:00:00.000Z,75.49,2026-09-10T16:00:00.000Z,24.05,23,24.05,0.0014,1,,warming,false,8,short_coverage,,no_prices x4; (no reason given) x16,2026-09-10T16:00:00.000Z,rebuilt x7; sampled x1,3,
gmgn_0x0b5ca24d,,(all chains),,1,28,28,2026-09-10T16:00:00.000Z,15223.93,2026-09-10T16:00:00.000Z,15223.93,0,15223.93,,,,ready,false,1,too_few_points,,chains_unrebuildable x27,2026-09-10T16:00:00.000Z,sampled x1,2,
gmgn_0x0b5ca24d,,ethereum,1,7,28,28,2026-08-16T00:00:00.000Z,555.98,2026-09-10T16:00:00.000Z,10370.58,26,10370.58,0.6812,0.5,,warming,false,7,short_coverage,,(no reason given) x15; no_prices x6,2026-09-10T16:00:00.000Z,rebuilt x6; sampled x1,2,
gmgn_0x0b5ca24d,,robinhood,4663,13,28,28,2026-08-16T00:00:00.000Z,1460.33,2026-09-10T16:00:00.000Z,4853.35,26,4853.35,0.3188,0.6667,,warming,false,13,short_coverage,,no_prices x15,2026-09-10T16:00:00.000Z,rebuilt x12; sampled x1,2,
Unipioneer,0xᴜᴇzhᴀng|985.eth,(all chains),,5,28,28,2026-09-01T00:00:00.000Z,10759.36,2026-09-10T16:00:00.000Z,15187.83,10,15187.83,,,,warming,false,5,short_coverage,,chains_unrebuildable x23,2026-09-10T16:00:00.000Z,rebuilt x4; sampled x1,2,
Unipioneer,0xᴜᴇzhᴀng|985.eth,robinhood,4663,28,28,28,2026-08-14T00:00:00.000Z,0.00,2026-09-10T16:00:00.000Z,11222.65,28,11222.65,0.7389,0.5422,,warming,false,28,short_coverage,,,2026-09-10T16:00:00.000Z,rebuilt x27; sampled x1,2,
Unipioneer,0xᴜᴇzhᴀng|985.eth,ethereum,1,13,28,28,2026-08-17T00:00:00.000Z,8496.13,2026-09-10T16:00:00.000Z,3965.18,25,3965.18,0.2611,0.5161,,warming,false,13,short_coverage,,no_prices x15,2026-09-10T16:00:00.000Z,rebuilt x12; sampled x1,2,
redarvian,Paingelz,(all chains),,2,28,28,2026-09-09T00:00:00.000Z,37433.05,2026-09-10T16:00:00.000Z,12367.95,2,12367.95,,,,ready,false,2,too_few_points,,chains_unrebuildable x26,2026-09-10T16:00:00.000Z,rebuilt x1; sampled x1,2,
redarvian,Paingelz,ethereum,1,5,28,28,2026-08-17T00:00:00.000Z,23524.06,2026-09-10T16:00:00.000Z,8447.43,25,8447.43,0.6830,0.75,,warming,false,5,short_coverage,,(no reason given) x15; no_prices x8,2026-09-10T16:00:00.000Z,rebuilt x4; sampled x1,2,
redarvian,Paingelz,robinhood,4663,28,28,28,2026-08-14T00:00:00.000Z,6241.58,2026-09-10T16:00:00.000Z,3920.52,28,3920.52,0.3170,0.5556,,warming,false,28,short_coverage,,,2026-09-10T16:00:00.000Z,rebuilt x27; sampled x1,2,
rob02643673_rob,枯坐p小将,(all chains),,2,28,28,2026-09-09T00:00:00.000Z,3241.21,2026-09-10T16:00:00.000Z,11868.67,2,11868.67,,,,ready,false,2,too_few_points,,chains_unrebuildable x26,2026-09-10T16:00:00.000Z,rebuilt x1; sampled x1,3,
rob02643673_rob,枯坐p小将,ethereum,1,21,28,28,2026-08-14T00:00:00.000Z,1119.09,2026-09-10T16:00:00.000Z,10587.77,28,10587.77,0.8921,0.386,,warming,false,21,short_coverage,,no_prices x7,2026-09-10T16:00:00.000Z,rebuilt x20; sampled x1,3,
rob02643673_rob,枯坐p小将,bsc,56,2,28,28,2026-09-09T00:00:00.000Z,103.02,2026-09-10T16:00:00.000Z,849.64,2,849.64,0.0716,0.6667,,ready,false,2,too_few_points,,(no reason given) x26,2026-09-10T16:00:00.000Z,rebuilt x1; sampled x1,3,
rob02643673_rob,枯坐p小将,robinhood,4663,28,28,28,2026-08-14T00:00:00.000Z,851.59,2026-09-10T16:00:00.000Z,431.26,28,431.26,0.0363,0.5,,warming,false,28,short_coverage,,,2026-09-10T16:00:00.000Z,rebuilt x27; sampled x1,3,
gmgn_0xab34e383,,(all chains),,1,28,28,2026-09-10T16:00:00.000Z,11441.43,2026-09-10T16:00:00.000Z,11441.43,0,11441.43,,,,ready,false,1,too_few_points,,chains_unrebuildable x27,2026-09-10T16:00:00.000Z,sampled x1,2,
gmgn_0xab34e383,,robinhood,4663,28,28,28,2026-08-14T00:00:00.000Z,2054.25,2026-09-10T16:00:00.000Z,9963.11,28,9963.11,0.8708,1,,warming,false,28,short_coverage,,,2026-09-10T16:00:00.000Z,rebuilt x27; sampled x1,2,
gmgn_0xab34e383,,ethereum,1,5,28,28,2026-08-17T00:00:00.000Z,376.61,2026-09-10T16:00:00.000Z,1478.32,25,1478.32,0.1292,0.75,,warming,false,5,short_coverage,,(no reason given) x18; no_prices x5,2026-09-10T16:00:00.000Z,rebuilt x4; sampled x1,2,
gmgn_5gmsmah6cu,,(all chains),,28,28,28,2026-08-14T00:00:00.000Z,33.46,2026-09-10T16:00:00.000Z,10643.71,28,10643.71,,,,warming,false,28,short_coverage,,,2026-09-10T16:00:00.000Z,rebuilt x27; sampled x1,1,
gmgn_5gmsmah6cu,,solana,1399811149,28,28,28,2026-08-14T00:00:00.000Z,33.46,2026-09-10T16:00:00.000Z,10643.71,28,10643.71,1.0000,0.2857,,warming,false,28,short_coverage,,,2026-09-10T16:00:00.000Z,rebuilt x27; sampled x1,1,
LowRivalRat,LowRivalRat,(all chains),,1,28,28,2026-09-10T16:00:00.000Z,10178.53,2026-09-10T16:00:00.000Z,10178.53,0,10178.53,,,,ready,false,1,too_few_points,,chains_unrebuildable x27,2026-09-10T16:00:00.000Z,sampled x1,4,
LowRivalRat,LowRivalRat,robinhood,4663,28,28,28,2026-08-14T00:00:00.000Z,59688.14,2026-09-10T16:00:00.000Z,10136.21,28,10136.21,0.9958,1,,warming,false,28,short_coverage,,,2026-09-10T16:00:00.000Z,rebuilt x27; sampled x1,4,
LowRivalRat,LowRivalRat,bsc,56,5,28,28,2026-08-17T00:00:00.000Z,26.35,2026-09-10T16:00:00.000Z,26.77,25,26.77,0.0026,1,,warming,false,5,short_coverage,,(no reason given) x23,2026-09-10T16:00:00.000Z,rebuilt x4; sampled x1,4,
LowRivalRat,LowRivalRat,solana,1399811149,1,1,1,2026-09-10T16:00:00.000Z,9.16,2026-09-10T16:00:00.000Z,9.16,0,9.16,0.0009,1,,warming,false,1,warming,,,2026-09-10T16:00:00.000Z,sampled x1,4,
LowRivalRat,LowRivalRat,ethereum,1,6,28,28,2026-08-24T00:00:00.000Z,2.47,2026-09-10T16:00:00.000Z,6.39,18,6.39,0.0006,1,,warming,false,6,short_coverage,,(no reason given) x22,2026-09-10T16:00:00.000Z,rebuilt x5; sampled x1,4,
gmgn_f5ufy8dkwi,,(all chains),,1,1,1,2026-09-10T16:00:00.000Z,9375.23,2026-09-10T16:00:00.000Z,9375.23,0,9375.23,,,,warming,false,1,warming,,,2026-09-10T16:00:00.000Z,sampled x1,1,
gmgn_f5ufy8dkwi,,solana,1399811149,1,1,1,2026-09-10T16:00:00.000Z,9375.23,2026-09-10T16:00:00.000Z,9375.23,0,9375.23,1.0000,0.2857,,warming,false,1,warming,,,2026-09-10T16:00:00.000Z,sampled x1,1,
Aomake70,A,(all chains),,6,28,28,2026-08-23T00:00:00.000Z,10897.31,2026-09-10T16:00:00.000Z,8077.21,19,8077.21,,,,warming,false,6,short_coverage,,chains_unrebuildable x22,2026-09-10T16:00:00.000Z,rebuilt x5; sampled x1,2,
Aomake70,A,robinhood,4663,28,28,28,2026-08-14T00:00:00.000Z,6787.65,2026-09-10T16:00:00.000Z,4439.07,28,4439.07,0.5496,0.5333,,warming,false,28,short_coverage,,,2026-09-10T16:00:00.000Z,rebuilt x27; sampled x1,2,
Aomake70,A,ethereum,1,24,28,28,2026-08-14T00:00:00.000Z,217.08,2026-09-10T16:00:00.000Z,3638.14,28,3638.14,0.4504,0.3175,,warming,false,24,short_coverage,,no_prices x2; (no reason given) x2,2026-09-10T16:00:00.000Z,rebuilt x23; sampled x1,2,
kurtzxx,kurtz,(all chains),,1,28,28,2026-09-10T16:00:00.000Z,7755.55,2026-09-10T16:00:00.000Z,7755.55,0,7755.55,,,,ready,false,1,too_few_points,,chains_unrebuildable x27,2026-09-10T16:00:00.000Z,sampled x1,1,
kurtzxx,kurtz,ethereum,1,1,28,28,2026-09-10T16:00:00.000Z,7755.55,2026-09-10T16:00:00.000Z,7755.55,0,7755.55,1.0000,1,,ready,false,1,too_few_points,,(no reason given) x21; no_prices x6,2026-09-10T16:00:00.000Z,sampled x1,1,
gmgn_0x5fd9571f,,(all chains),,1,28,28,2026-09-10T16:00:00.000Z,7149.44,2026-09-10T16:00:00.000Z,7149.44,0,7149.44,,,,ready,false,1,too_few_points,,chains_unrebuildable x27,2026-09-10T16:00:00.000Z,sampled x1,2,
gmgn_0x5fd9571f,,robinhood,4663,28,28,28,2026-08-14T00:00:00.000Z,1243.19,2026-09-10T16:00:00.000Z,6517.56,28,6517.56,0.9116,1,,warming,false,28,short_coverage,,,2026-09-10T16:00:00.000Z,rebuilt x27; sampled x1,2,
gmgn_0x5fd9571f,,ethereum,1,5,28,28,2026-08-14T00:00:00.000Z,361.52,2026-09-10T16:00:00.000Z,631.89,28,631.89,0.0884,0.6667,,warming,false,5,short_coverage,,no_prices x15; (no reason given) x8,2026-09-10T16:00:00.000Z,rebuilt x4; sampled x1,2,
nyenchenn,陈佩佩,(all chains),,1,28,28,2026-09-10T16:00:00.000Z,7119.12,2026-09-10T16:00:00.000Z,7119.12,0,7119.12,,,,ready,false,1,too_few_points,,chains_unrebuildable x27,2026-09-10T16:00:00.000Z,sampled x1,3,
nyenchenn,陈佩佩,robinhood,4663,28,28,28,2026-08-14T00:00:00.000Z,0.05,2026-09-10T16:00:00.000Z,6637.81,28,6637.81,0.9324,0.4286,,warming,false,28,short_coverage,,,2026-09-10T16:00:00.000Z,rebuilt x27; sampled x1,3,
nyenchenn,陈佩佩,bsc,56,1,28,28,2026-09-10T16:00:00.000Z,481.30,2026-09-10T16:00:00.000Z,481.30,0,481.30,0.0676,1,,ready,false,1,too_few_points,,(no reason given) x27,2026-09-10T16:00:00.000Z,sampled x1,3,
nyenchenn,陈佩佩,ethereum,1,9,28,28,2026-08-24T00:00:00.000Z,1208.12,2026-09-10T16:00:00.000Z,0.00,18,0.00,0.0000,0.25,,warming,false,9,short_coverage,,no_prices x6; (no reason given) x13,2026-09-10T16:00:00.000Z,rebuilt x8; sampled x1,3,
gmgn_0xa0e72dc2,,(all chains),,1,28,28,2026-09-10T16:00:00.000Z,6699.14,2026-09-10T16:00:00.000Z,6699.14,0,6699.14,,,,ready,false,1,too_few_points,,chains_unrebuildable x27,2026-09-10T16:00:00.000Z,sampled x1,3,
gmgn_0xa0e72dc2,,robinhood,4663,28,28,28,2026-08-14T00:00:00.000Z,2056.39,2026-09-10T16:00:00.000Z,5272.66,28,5272.66,0.7871,1,,warming,false,28,short_coverage,,,2026-09-10T16:00:00.000Z,rebuilt x27; sampled x1,3,
gmgn_0xa0e72dc2,,ethereum,1,6,28,28,2026-08-21T00:00:00.000Z,223.65,2026-09-10T16:00:00.000Z,1398.02,21,1398.02,0.2087,0.625,,warming,false,6,short_coverage,,(no reason given) x8; no_prices x14,2026-09-10T16:00:00.000Z,rebuilt x5; sampled x1,3,
gmgn_0xa0e72dc2,,bsc,56,3,28,28,2026-08-24T00:00:00.000Z,1.55,2026-09-10T16:00:00.000Z,28.46,18,28.46,0.0042,1,,warming,false,3,short_coverage,,(no reason given) x25,2026-09-10T16:00:00.000Z,rebuilt x2; sampled x1,3,
gmgn_0x1d926be4,,(all chains),,28,28,28,2026-08-14T00:00:00.000Z,7225.94,2026-09-10T16:00:00.000Z,6628.24,28,6628.24,,,,warming,false,28,short_coverage,,,2026-09-10T16:00:00.000Z,rebuilt x27; sampled x1,1,
gmgn_0x1d926be4,,robinhood,4663,28,28,28,2026-08-14T00:00:00.000Z,7225.94,2026-09-10T16:00:00.000Z,6628.24,28,6628.24,1.0000,1,,warming,false,28,short_coverage,,,2026-09-10T16:00:00.000Z,rebuilt x27; sampled x1,1,
gmgn_4hngjerutp,,(all chains),,28,28,28,2026-08-14T00:00:00.000Z,15.66,2026-09-10T16:00:00.000Z,6186.16,28,6186.16,,,,warming,false,28,short_coverage,,,2026-09-10T16:00:00.000Z,rebuilt x27; sampled x1,1,
gmgn_4hngjerutp,,solana,1399811149,1,1,1,2026-09-10T16:00:00.000Z,6186.16,2026-09-10T16:00:00.000Z,6186.16,0,6186.16,1.0000,0.1429,,warming,false,1,warming,,,2026-09-10T16:00:00.000Z,sampled x1,1,
gmgn_c32nszndqr,,(all chains),,28,28,28,2026-08-14T00:00:00.000Z,34.05,2026-09-10T16:00:00.000Z,5918.38,28,5918.38,,,,warming,false,28,short_coverage,,,2026-09-10T16:00:00.000Z,rebuilt x27; sampled x1,1,
gmgn_c32nszndqr,,solana,1399811149,28,28,28,2026-08-14T00:00:00.000Z,34.05,2026-09-10T16:00:00.000Z,5918.38,28,5918.38,1.0000,0.1194,,warming,false,28,short_coverage,,,2026-09-10T16:00:00.000Z,rebuilt x27; sampled x1,1,
cryptomoon520,从零开始的打狗生活（农场悟道）,(all chains),,1,28,28,2026-09-10T16:00:00.000Z,5296.24,2026-09-10T16:00:00.000Z,5296.24,0,5296.24,,,,ready,false,1,too_few_points,,chains_unrebuildable x27,2026-09-10T16:00:00.000Z,sampled x1,2,
cryptomoon520,从零开始的打狗生活（农场悟道）,robinhood,4663,16,28,28,2026-08-26T00:00:00.000Z,0.00,2026-09-10T16:00:00.000Z,5296.24,16,5296.24,1.0000,1,,warming,false,16,short_coverage,,no_prices x12,2026-09-10T16:00:00.000Z,rebuilt x15; sampled x1,2,
cryptomoon520,从零开始的打狗生活（农场悟道）,ethereum,1,1,28,28,2026-09-10T16:00:00.000Z,0.00,2026-09-10T16:00:00.000Z,0.00,0,0.00,0.0000,1,,ready,false,1,too_few_points,,(no reason given) x18; no_prices x9,2026-09-10T16:00:00.000Z,sampled x1,2,
0xcaishen_1,0X财神（版本弃子）,(all chains),,2,28,28,2026-09-09T00:00:00.000Z,1690.30,2026-09-10T16:00:00.000Z,5129.32,2,5129.32,,,,ready,false,2,too_few_points,,chains_unrebuildable x26,2026-09-10T14:00:00.000Z,rebuilt x1; sampled x1,3,
0xcaishen_1,0X财神（版本弃子）,bsc,56,6,28,28,2026-08-31T00:00:00.000Z,12413.23,2026-09-10T16:00:00.000Z,5126.47,11,5126.47,0.9994,1,,warming,false,6,short_coverage,,(no reason given) x22,2026-09-10T14:00:00.000Z,rebuilt x5; sampled x1,3,
0xcaishen_1,0X财神（版本弃子）,robinhood,4663,25,28,28,2026-08-17T00:00:00.000Z,1499.72,2026-09-10T16:00:00.000Z,2.85,25,2.85,0.0006,0.6667,,warming,false,25,short_coverage,,no_prices x3,2026-09-10T14:00:00.000Z,rebuilt x24; sampled x1,3,
0xcaishen_1,0X财神（版本弃子）,ethereum,1,5,28,28,2026-08-28T00:00:00.000Z,0.00,2026-09-10T16:00:00.000Z,0.00,14,0.00,0.0000,0.6667,,warming,false,5,short_coverage,,(no reason given) x14; no_prices x9,2026-09-10T14:00:00.000Z,rebuilt x4; sampled x1,3,
feibo03,Cowboy🔶BNB ｜版本之牛,(all chains),,2,28,28,2026-09-06T00:00:00.000Z,9421.47,2026-09-10T16:00:00.000Z,5090.07,5,5090.07,,,,ready,false,2,too_few_points,,chains_unrebuildable x26,2026-09-10T16:00:00.000Z,rebuilt x1; sampled x1,3,
feibo03,Cowboy🔶BNB ｜版本之牛,ethereum,1,23,28,28,2026-08-14T00:00:00.000Z,189.09,2026-09-10T16:00:00.000Z,3978.14,28,3978.14,0.7815,0.3902,,warming,false,23,short_coverage,,no_prices x5,2026-09-10T16:00:00.000Z,rebuilt x22; sampled x1,3,
feibo03,Cowboy🔶BNB ｜版本之牛,bsc,56,9,28,28,2026-08-14T00:00:00.000Z,516.79,2026-09-10T16:00:00.000Z,604.24,28,604.24,0.1187,0.5,,warming,false,9,short_coverage,,(no reason given) x19,2026-09-10T16:00:00.000Z,rebuilt x8; sampled x1,3,
feibo03,Cowboy🔶BNB ｜版本之牛,robinhood,4663,28,28,28,2026-08-14T00:00:00.000Z,680.22,2026-09-10T16:00:00.000Z,507.69,28,507.69,0.0997,0.4,,warming,false,28,short_coverage,,,2026-09-10T16:00:00.000Z,rebuilt x27; sampled x1,3,
gmgn_fhxkjqaqtz,,(all chains),,1,1,1,2026-09-10T16:00:00.000Z,4535.52,2026-09-10T16:00:00.000Z,4535.52,0,4535.52,,,,warming,false,1,warming,,,2026-09-10T16:00:00.000Z,sampled x1,1,
gmgn_fhxkjqaqtz,,solana,1399811149,1,1,1,2026-09-10T16:00:00.000Z,4535.52,2026-09-10T16:00:00.000Z,4535.52,0,4535.52,1.0000,0.2222,,warming,false,1,warming,,,2026-09-10T16:00:00.000Z,sampled x1,1,
NeoCallss,NΞO,(all chains),,1,28,28,2026-09-10T16:00:00.000Z,4398.79,2026-09-10T16:00:00.000Z,4398.79,0,4398.79,,,,ready,false,1,too_few_points,,chains_unrebuildable x27,2026-09-10T16:00:00.000Z,sampled x1,2,
NeoCallss,NΞO,ethereum,1,10,28,28,2026-08-21T00:00:00.000Z,55.85,2026-09-10T16:00:00.000Z,4335.54,21,4335.54,0.9856,0.65,,warming,false,10,short_coverage,,(no reason given) x6; no_prices x12,2026-09-10T16:00:00.000Z,rebuilt x9; sampled x1,2,
NeoCallss,NΞO,robinhood,4663,11,28,28,2026-08-31T00:00:00.000Z,1608.54,2026-09-10T16:00:00.000Z,63.25,11,63.25,0.0144,0.2553,,warming,false,11,short_coverage,,no_prices x17,2026-09-10T16:00:00.000Z,rebuilt x10; sampled x1,2,
gmgn_0x42fbff25,,(all chains),,1,28,28,2026-09-10T16:00:00.000Z,4337.79,2026-09-10T16:00:00.000Z,4337.79,0,4337.79,,,,ready,false,1,too_few_points,,chains_unrebuildable x27,2026-09-10T16:00:00.000Z,sampled x1,4,
gmgn_0x42fbff25,,ethereum,1,11,28,28,2026-08-14T00:00:00.000Z,188.75,2026-09-10T16:00:00.000Z,2638.67,28,2638.67,0.6083,0.5455,,warming,false,11,short_coverage,,(no reason given) x6; no_prices x11,2026-09-10T16:00:00.000Z,rebuilt x10; sampled x1,4,
gmgn_0x42fbff25,,robinhood,4663,27,28,28,2026-08-15T00:00:00.000Z,0.70,2026-09-10T16:00:00.000Z,1075.95,27,1075.95,0.2480,0.8,,warming,false,27,short_coverage,,no_prices x1,2026-09-10T16:00:00.000Z,rebuilt x26; sampled x1,4,
gmgn_0x42fbff25,,bsc,56,7,28,28,2026-08-17T00:00:00.000Z,4.02,2026-09-10T16:00:00.000Z,622.94,25,622.94,0.1436,0.5,,warming,false,7,short_coverage,,(no reason given) x21,2026-09-10T16:00:00.000Z,rebuilt x6; sampled x1,4,
gmgn_0x42fbff25,,base,8453,2,28,28,2026-09-07T00:00:00.000Z,0.23,2026-09-10T16:00:00.000Z,0.23,4,0.23,0.0001,1,,ready,false,2,too_few_points,,(no reason given) x26,2026-09-10T16:00:00.000Z,rebuilt x1; sampled x1,4,
gmgn_c7pnbarvah,,(all chains),,1,1,1,2026-09-10T16:00:00.000Z,3784.57,2026-09-10T16:00:00.000Z,3784.57,0,3784.57,,,,warming,false,1,warming,,,2026-09-10T16:00:00.000Z,sampled x1,1,
gmgn_c7pnbarvah,,solana,1399811149,1,1,1,2026-09-10T16:00:00.000Z,3784.57,2026-09-10T16:00:00.000Z,3784.57,0,3784.57,1.0000,0.6585,,warming,false,1,warming,,,2026-09-10T16:00:00.000Z,sampled x1,1,
gmgn_5vpy5bapc4,,(all chains),,28,28,28,2026-08-14T00:00:00.000Z,1.20,2026-09-10T16:00:00.000Z,3743.80,28,3743.80,,,,warming,false,28,short_coverage,,,2026-09-10T16:00:00.000Z,rebuilt x27; sampled x1,1,
gmgn_5vpy5bapc4,,solana,1399811149,28,28,28,2026-08-14T00:00:00.000Z,1.20,2026-09-10T16:00:00.000Z,3743.80,28,3743.80,1.0000,0.4545,,warming,false,28,short_coverage,,,2026-09-10T16:00:00.000Z,rebuilt x27; sampled x1,1,
ottabag,OTTA 💰,(all chains),,1,28,28,2026-09-10T16:00:00.000Z,3466.83,2026-09-10T16:00:00.000Z,3466.83,0,3466.83,,,,ready,false,1,too_few_points,,chains_unrebuildable x27,2026-09-10T16:00:00.000Z,sampled x1,1,
ottabag,OTTA 💰,ethereum,1,1,28,28,2026-09-10T16:00:00.000Z,3466.83,2026-09-10T16:00:00.000Z,3466.83,0,3466.83,1.0000,0.5,,ready,false,1,too_few_points,,(no reason given) x6; no_prices x21,2026-09-10T16:00:00.000Z,sampled x1,1,
SuperL9,Wick李🔶 BNB,(all chains),,3,28,28,2026-09-08T00:00:00.000Z,6818.58,2026-09-10T16:00:00.000Z,3297.03,3,3297.03,,,,warming,false,3,short_coverage,,chains_unrebuildable x25,2026-09-10T16:00:00.000Z,rebuilt x2; sampled x1,2,
SuperL9,Wick李🔶 BNB,ethereum,1,17,28,28,2026-08-23T00:00:00.000Z,257.81,2026-09-10T16:00:00.000Z,2707.72,19,2707.72,0.8213,0.5769,,warming,false,17,short_coverage,,(no reason given) x9; no_prices x2,2026-09-10T16:00:00.000Z,rebuilt x16; sampled x1,2,
SuperL9,Wick李🔶 BNB,robinhood,4663,18,28,28,2026-08-14T00:00:00.000Z,126.97,2026-09-10T16:00:00.000Z,589.31,28,589.31,0.1787,0.6667,,warming,false,18,short_coverage,,no_prices x10,2026-09-10T16:00:00.000Z,rebuilt x17; sampled x1,2,
gmgn_agdzqyyqzz,,(all chains),,28,28,28,2026-08-14T00:00:00.000Z,89.29,2026-09-10T16:00:00.000Z,3274.26,28,3274.26,,,,warming,false,28,short_coverage,,,2026-09-10T16:00:00.000Z,rebuilt x27; sampled x1,1,
gmgn_agdzqyyqzz,,solana,1399811149,1,1,1,2026-09-10T16:00:00.000Z,3274.26,2026-09-10T16:00:00.000Z,3274.26,0,3274.26,1.0000,0.7857,,warming,false,1,warming,,,2026-09-10T16:00:00.000Z,sampled x1,1,
dingalingts,dingaling,(all chains),,1,28,28,2026-09-10T16:00:00.000Z,3271.03,2026-09-10T16:00:00.000Z,3271.03,0,3271.03,,,,ready,false,1,too_few_points,,chains_unrebuildable x27,2026-09-10T16:00:00.000Z,sampled x1,3,
dingalingts,dingaling,bsc,56,9,28,28,2026-08-23T00:00:00.000Z,67.73,2026-09-10T16:00:00.000Z,2065.99,19,2065.99,0.6316,0.5,,warming,false,9,short_coverage,,(no reason given) x1; no_prices x18,2026-09-10T16:00:00.000Z,rebuilt x8; sampled x1,3,
dingalingts,dingaling,ethereum,1,3,28,28,2026-08-21T00:00:00.000Z,0.00,2026-09-10T16:00:00.000Z,1205.04,21,1205.04,0.3684,0.3704,,warming,false,3,short_coverage,,no_prices x25,2026-09-10T16:00:00.000Z,rebuilt x2; sampled x1,3,
dingalingts,dingaling,base,8453,0,1,1,,,,,0,,,0,no_prices,ready,false,0,no_prices,no_prices,no_prices x1,2026-09-10T16:00:00.000Z,,3,
0xyukaz,yukaz,(all chains),,1,28,28,2026-09-10T16:00:00.000Z,3236.15,2026-09-10T16:00:00.000Z,3236.15,0,3236.15,,,,ready,false,1,too_few_points,,chains_unrebuildable x27,2026-09-10T16:00:00.000Z,sampled x1,3,
0xyukaz,yukaz,robinhood,4663,25,28,28,2026-08-14T00:00:00.000Z,10591.81,2026-09-10T16:00:00.000Z,2123.68,28,2123.68,0.6562,0.6,,warming,false,25,short_coverage,,no_prices x3,2026-09-10T16:00:00.000Z,rebuilt x24; sampled x1,3,
0xyukaz,yukaz,bsc,56,3,28,28,2026-09-08T00:00:00.000Z,54.30,2026-09-10T16:00:00.000Z,973.45,3,973.45,0.3008,0.0909,,warming,false,3,short_coverage,,(no reason given) x22; no_prices x3,2026-09-10T16:00:00.000Z,rebuilt x2; sampled x1,3,
0xyukaz,yukaz,ethereum,1,3,28,28,2026-08-28T00:00:00.000Z,681.60,2026-09-10T16:00:00.000Z,139.02,14,139.02,0.0430,0.4,,warming,false,3,short_coverage,,(no reason given) x13; no_prices x12,2026-09-10T16:00:00.000Z,rebuilt x2; sampled x1,3,
antpositions,AntPositions(蚂蚁仓）☄️,(all chains),,1,28,28,2026-09-10T16:00:00.000Z,3203.30,2026-09-10T16:00:00.000Z,3203.30,0,3203.30,,,,ready,false,1,too_few_points,,chains_unrebuildable x27,2026-09-10T16:00:00.000Z,sampled x1,2,
antpositions,AntPositions(蚂蚁仓）☄️,ethereum,1,8,28,28,2026-08-18T00:00:00.000Z,327.13,2026-09-10T16:00:00.000Z,3152.26,24,3152.26,0.9841,0.4375,,warming,false,8,short_coverage,,no_prices x18; (no reason given) x2,2026-09-10T16:00:00.000Z,rebuilt x7; sampled x1,2,
antpositions,AntPositions(蚂蚁仓）☄️,bsc,56,7,28,28,2026-08-22T00:00:00.000Z,251.58,2026-09-10T16:00:00.000Z,51.04,20,51.04,0.0159,1,,warming,false,7,short_coverage,,(no reason given) x21,2026-09-10T16:00:00.000Z,rebuilt x6; sampled x1,2,
gmgn_0x725c2875,,(all chains),,1,28,28,2026-09-10T16:00:00.000Z,2992.02,2026-09-10T16:00:00.000Z,2992.02,0,2992.02,,,,ready,false,1,too_few_points,,chains_unrebuildable x27,2026-09-10T16:00:00.000Z,sampled x1,3,
gmgn_0x725c2875,,robinhood,4663,14,28,28,2026-08-15T00:00:00.000Z,232.90,2026-09-10T16:00:00.000Z,2774.97,27,2774.97,0.9275,1,,warming,false,14,short_coverage,,no_prices x14,2026-09-10T16:00:00.000Z,rebuilt x13; sampled x1,3,
gmgn_0x725c2875,,ethereum,1,3,28,28,2026-09-05T00:00:00.000Z,332.41,2026-09-10T16:00:00.000Z,216.70,6,216.70,0.0724,0.6667,,warming,false,3,short_coverage,,no_prices x9; (no reason given) x16,2026-09-10T16:00:00.000Z,rebuilt x2; sampled x1,3,
gmgn_0x725c2875,,bsc,56,5,28,28,2026-08-17T00:00:00.000Z,4.14,2026-09-10T16:00:00.000Z,0.35,25,0.35,0.0001,1,,warming,false,5,short_coverage,,(no reason given) x23,2026-09-10T16:00:00.000Z,rebuilt x4; sampled x1,3,
JEETNICapital,JEETNICapital,(all chains),,2,28,28,2026-08-26T00:00:00.000Z,2462.76,2026-09-10T16:00:00.000Z,2922.68,16,2922.68,,,,ready,false,2,too_few_points,,chains_unrebuildable x26,2026-09-10T16:00:00.000Z,rebuilt x1; sampled x1,1,
JEETNICapital,JEETNICapital,robinhood,4663,24,28,28,2026-08-18T00:00:00.000Z,1021.38,2026-09-10T16:00:00.000Z,2922.68,24,2922.68,1.0000,0.6667,,warming,false,24,short_coverage,,no_prices x4,2026-09-10T16:00:00.000Z,rebuilt x23; sampled x1,1,
Oxdirss,Oxdirss,(all chains),,2,28,28,2026-08-31T00:00:00.000Z,467.42,2026-09-10T16:00:00.000Z,2790.58,11,2790.58,,,,ready,false,2,too_few_points,,chains_unrebuildable x26,2026-09-10T16:00:00.000Z,rebuilt x1; sampled x1,3,
Oxdirss,Oxdirss,robinhood,4663,28,28,28,2026-08-14T00:00:00.000Z,384.04,2026-09-10T16:00:00.000Z,2020.43,28,2020.43,0.7240,1,,warming,false,28,short_coverage,,,2026-09-10T16:00:00.000Z,rebuilt x27; sampled x1,3,
Oxdirss,Oxdirss,bsc,56,7,28,28,2026-08-16T00:00:00.000Z,450.95,2026-09-10T16:00:00.000Z,746.48,26,746.48,0.2675,1,,warming,false,7,short_coverage,,(no reason given) x21,2026-09-10T16:00:00.000Z,rebuilt x6; sampled x1,3,
Oxdirss,Oxdirss,ethereum,1,3,28,28,2026-08-25T00:00:00.000Z,154.37,2026-09-10T16:00:00.000Z,23.67,17,23.67,0.0085,1,,warming,false,3,short_coverage,,(no reason given) x25,2026-09-10T16:00:00.000Z,rebuilt x2; sampled x1,3,
gmgn_0x62703263,,(all chains),,1,28,28,2026-09-10T16:00:00.000Z,2759.04,2026-09-10T16:00:00.000Z,2759.04,0,2759.04,,,,ready,false,1,too_few_points,,chains_unrebuildable x27,2026-09-10T16:00:00.000Z,sampled x1,3,
gmgn_0x62703263,,robinhood,4663,14,28,28,2026-08-15T00:00:00.000Z,232.07,2026-09-10T16:00:00.000Z,2558.28,27,2558.28,0.9272,1,,warming,false,14,short_coverage,,no_prices x14,2026-09-10T16:00:00.000Z,rebuilt x13; sampled x1,3,
gmgn_0x62703263,,ethereum,1,2,28,28,2026-08-17T00:00:00.000Z,197.99,2026-09-10T16:00:00.000Z,200.35,25,200.35,0.0726,1,,ready,false,2,too_few_points,,(no reason given) x24; no_prices x2,2026-09-10T16:00:00.000Z,rebuilt x1; sampled x1,3,
gmgn_0x62703263,,bsc,56,7,28,28,2026-08-19T00:00:00.000Z,2.24,2026-09-10T16:00:00.000Z,0.41,23,0.41,0.0001,0.6667,,warming,false,7,short_coverage,,(no reason given) x19; no_prices x2,2026-09-10T16:00:00.000Z,rebuilt x6; sampled x1,3,
gmgn_9shbhjviuu,,(all chains),,28,28,28,2026-08-14T00:00:00.000Z,1110.70,2026-09-10T16:00:00.000Z,2705.26,28,2705.26,,,,warming,false,28,short_coverage,,,2026-09-10T16:00:00.000Z,rebuilt x27; sampled x1,1,
gmgn_9shbhjviuu,,solana,1399811149,28,28,28,2026-08-14T00:00:00.000Z,1110.70,2026-09-10T16:00:00.000Z,2705.26,28,2705.26,1.0000,0.6935,,warming,false,28,short_coverage,,,2026-09-10T16:00:00.000Z,rebuilt x27; sampled x1,1,
shahh,shah,(all chains),,1,1,1,2026-09-10T16:00:00.000Z,2656.25,2026-09-10T16:00:00.000Z,2656.25,0,2656.25,,,,warming,false,1,warming,,,2026-09-10T16:00:00.000Z,sampled x1,1,
shahh,shah,solana,1399811149,1,1,1,2026-09-10T16:00:00.000Z,2656.25,2026-09-10T16:00:00.000Z,2656.25,0,2656.25,1.0000,0.0173,,warming,false,1,warming,,,2026-09-10T16:00:00.000Z,sampled x1,1,
gmgn_0xfd7e55a5,,(all chains),,3,28,28,2026-09-08T00:00:00.000Z,1027.57,2026-09-10T16:00:00.000Z,2574.48,3,2574.48,,,,warming,false,3,short_coverage,,chains_unrebuildable x25,2026-09-10T16:00:00.000Z,rebuilt x2; sampled x1,3,
gmgn_0xfd7e55a5,,ethereum,1,22,28,28,2026-08-16T00:00:00.000Z,939.80,2026-09-10T16:00:00.000Z,2134.53,26,2134.53,0.8291,0.3243,,warming,false,22,short_coverage,,no_prices x3; (no reason given) x3,2026-09-10T16:00:00.000Z,rebuilt x21; sampled x1,3,
gmgn_0xfd7e55a5,,robinhood,4663,23,28,28,2026-08-14T00:00:00.000Z,1411.38,2026-09-10T16:00:00.000Z,293.25,28,293.25,0.1139,0.35,,warming,false,23,short_coverage,,no_prices x5,2026-09-10T16:00:00.000Z,rebuilt x22; sampled x1,3,
gmgn_0xfd7e55a5,,bsc,56,14,28,28,2026-08-25T00:00:00.000Z,9.26,2026-09-10T16:00:00.000Z,146.69,17,146.69,0.0570,0.3333,,warming,false,14,short_coverage,,(no reason given) x14,2026-09-10T16:00:00.000Z,rebuilt x13; sampled x1,3,
gmgn_2tw33mipyc,,(all chains),,28,28,28,2026-08-14T00:00:00.000Z,0.00,2026-09-10T16:00:00.000Z,2445.62,28,2445.62,,,,warming,false,28,short_coverage,,,2026-09-10T16:00:00.000Z,rebuilt x27; sampled x1,1,
gmgn_2tw33mipyc,,solana,1399811149,28,28,28,2026-08-14T00:00:00.000Z,0.00,2026-09-10T16:00:00.000Z,2445.62,28,2445.62,1.0000,0.2273,,warming,false,28,short_coverage,,,2026-09-10T16:00:00.000Z,rebuilt x27; sampled x1,1,
gmgn_jagplmkgpw,,(all chains),,1,1,1,2026-09-10T16:00:00.000Z,2416.16,2026-09-10T16:00:00.000Z,2416.16,0,2416.16,,,,warming,false,1,warming,,,2026-09-10T16:00:00.000Z,sampled x1,1,
gmgn_jagplmkgpw,,solana,1399811149,1,1,1,2026-09-10T16:00:00.000Z,2416.16,2026-09-10T16:00:00.000Z,2416.16,0,2416.16,1.0000,0.5323,,warming,false,1,warming,,,2026-09-10T16:00:00.000Z,sampled x1,1,
Aramoon13,Aramoon 🇮🇷,(all chains),,1,28,28,2026-09-10T16:00:00.000Z,2386.29,2026-09-10T16:00:00.000Z,2386.29,0,2386.29,,,,ready,false,1,too_few_points,,chains_unrebuildable x27,2026-09-10T16:00:00.000Z,sampled x1,2,
Aramoon13,Aramoon 🇮🇷,bsc,56,12,28,28,2026-08-14T00:00:00.000Z,1.51,2026-09-10T16:00:00.000Z,1894.99,28,1894.99,0.7941,0.5,,warming,false,12,short_coverage,,(no reason given) x11; no_prices x5,2026-09-10T16:00:00.000Z,rebuilt x11; sampled x1,2,
Aramoon13,Aramoon 🇮🇷,ethereum,1,1,28,28,2026-09-10T16:00:00.000Z,491.30,2026-09-10T16:00:00.000Z,491.30,0,491.30,0.2059,0.3462,,ready,false,1,too_few_points,,no_prices x27,2026-09-10T16:00:00.000Z,sampled x1,2,
nineteen_888,就叫19(角度大师版,(all chains),,3,28,28,2026-09-04T00:00:00.000Z,5.75,2026-09-10T16:00:00.000Z,2216.56,7,2216.56,,,,warming,false,3,short_coverage,,chains_unrebuildable x25,2026-09-10T16:00:00.000Z,rebuilt x2; sampled x1,2,
nineteen_888,就叫19(角度大师版,bsc,56,11,28,28,2026-08-24T00:00:00.000Z,0.13,2026-09-10T16:00:00.000Z,2216.55,18,2216.55,1.0000,1,,warming,false,11,short_coverage,,(no reason given) x17,2026-09-10T16:00:00.000Z,rebuilt x10; sampled x1,2,
nineteen_888,就叫19(角度大师版,robinhood,4663,18,28,28,2026-08-14T00:00:00.000Z,23.33,2026-09-10T16:00:00.000Z,0.00,28,0.00,0.0000,0.5,,warming,false,18,short_coverage,,no_prices x10,2026-09-10T16:00:00.000Z,rebuilt x17; sampled x1,2,
trencHog8,trencHog,(all chains),,1,28,28,2026-09-10T16:00:00.000Z,2088.41,2026-09-10T16:00:00.000Z,2088.41,0,2088.41,,,,ready,false,1,too_few_points,,chains_unrebuildable x27,2026-09-10T16:00:00.000Z,sampled x1,3,
trencHog8,trencHog,solana,1399811149,1,1,1,2026-09-10T16:00:00.000Z,1569.34,2026-09-10T16:00:00.000Z,1569.34,0,1569.34,0.7514,0.9667,,warming,false,1,warming,,,2026-09-10T16:00:00.000Z,sampled x1,3,
trencHog8,trencHog,robinhood,4663,25,28,28,2026-08-17T00:00:00.000Z,4084.92,2026-09-10T16:00:00.000Z,515.71,25,515.71,0.2469,1,,warming,false,25,short_coverage,,no_prices x3,2026-09-10T16:00:00.000Z,rebuilt x24; sampled x1,3,
trencHog8,trencHog,ethereum,1,7,28,28,2026-08-18T00:00:00.000Z,2.88,2026-09-10T16:00:00.000Z,3.37,24,3.37,0.0016,1,,warming,false,7,short_coverage,,(no reason given) x21,2026-09-10T16:00:00.000Z,rebuilt x6; sampled x1,3,
gmgn_0xb9b0252f,,(all chains),,5,28,28,2026-08-28T00:00:00.000Z,2297.83,2026-09-10T16:00:00.000Z,1995.65,14,1995.65,,,,warming,false,5,short_coverage,,chains_unrebuildable x23,2026-09-10T16:00:00.000Z,rebuilt x4; sampled x1,3,
gmgn_0xb9b0252f,,bsc,56,11,28,28,2026-08-28T00:00:00.000Z,1012.97,2026-09-10T16:00:00.000Z,1472.15,14,1472.15,0.7377,0.5,,warming,false,11,short_coverage,,(no reason given) x14; no_prices x3,2026-09-10T16:00:00.000Z,rebuilt x10; sampled x1,3,
gmgn_0xb9b0252f,,robinhood,4663,28,28,28,2026-08-14T00:00:00.000Z,85.02,2026-09-10T16:00:00.000Z,323.36,28,323.36,0.1620,0.4,,warming,false,28,short_coverage,,,2026-09-10T16:00:00.000Z,rebuilt x27; sampled x1,3,
gmgn_0xb9b0252f,,ethereum,1,12,28,28,2026-08-20T00:00:00.000Z,593.82,2026-09-10T16:00:00.000Z,200.14,22,200.14,0.1003,0.2857,,warming,false,12,short_coverage,,(no reason given) x5; no_prices x11,2026-09-10T16:00:00.000Z,rebuilt x11; sampled x1,3,
Cupseyy,Cupsey,(all chains),,1,28,28,2026-09-10T16:00:00.000Z,1991.12,2026-09-10T16:00:00.000Z,1991.12,0,1991.12,,,,ready,false,1,too_few_points,,chains_unrebuildable x27,2026-09-10T16:00:00.000Z,sampled x1,2,
Cupseyy,Cupsey,solana,1399811149,1,1,1,2026-09-10T16:00:00.000Z,1498.40,2026-09-10T16:00:00.000Z,1498.40,0,1498.40,0.7525,0.0038,,warming,false,1,warming,,,2026-09-10T16:00:00.000Z,sampled x1,2,
Cupseyy,Cupsey,bsc,56,1,1,1,2026-09-10T16:00:00.000Z,492.72,2026-09-10T16:00:00.000Z,492.72,0,492.72,0.2475,1,,warming,false,1,warming,,,2026-09-10T16:00:00.000Z,sampled x1,2,
HunterOnlyETH,金狗挖掘机 | 0xDavid,(all chains),,1,28,28,2026-09-10T16:00:00.000Z,1865.96,2026-09-10T16:00:00.000Z,1865.96,0,1865.96,,,,ready,false,1,too_few_points,,chains_unrebuildable x27,2026-09-10T16:00:00.000Z,sampled x1,3,
HunterOnlyETH,金狗挖掘机 | 0xDavid,ethereum,1,10,28,28,2026-08-14T00:00:00.000Z,345.69,2026-09-10T16:00:00.000Z,1778.64,28,1778.64,0.9532,0.3043,,warming,false,10,short_coverage,,no_prices x15; (no reason given) x3,2026-09-10T16:00:00.000Z,rebuilt x9; sampled x1,3,
HunterOnlyETH,金狗挖掘机 | 0xDavid,robinhood,4663,28,28,28,2026-08-14T00:00:00.000Z,1074.09,2026-09-10T16:00:00.000Z,87.32,28,87.32,0.0468,0.1538,,warming,false,28,short_coverage,,,2026-09-10T16:00:00.000Z,rebuilt x27; sampled x1,3,
HunterOnlyETH,金狗挖掘机 | 0xDavid,bsc,56,3,28,28,2026-09-02T00:00:00.000Z,181.51,2026-09-10T16:00:00.000Z,0.00,9,0.00,0.0000,0.5,,warming,false,3,short_coverage,,(no reason given) x24; no_prices x1,2026-09-10T16:00:00.000Z,rebuilt x2; sampled x1,3,
gmgn_ejh1mrcvxe,,(all chains),,1,1,1,2026-09-10T16:00:00.000Z,1814.04,2026-09-10T16:00:00.000Z,1814.04,0,1814.04,,,,warming,false,1,warming,,,2026-09-10T16:00:00.000Z,sampled x1,1,
gmgn_ejh1mrcvxe,,solana,1399811149,1,1,1,2026-09-10T16:00:00.000Z,1814.04,2026-09-10T16:00:00.000Z,1814.04,0,1814.04,1.0000,0.0455,,warming,false,1,warming,,,2026-09-10T16:00:00.000Z,sampled x1,1,
gmgn_4lquleqyra,,(all chains),,28,28,28,2026-08-14T00:00:00.000Z,132.70,2026-09-10T16:00:00.000Z,1721.70,28,1721.70,,,,warming,false,28,short_coverage,,,2026-09-10T16:00:00.000Z,rebuilt x27; sampled x1,1,
gmgn_4lquleqyra,,solana,1399811149,1,1,1,2026-09-10T16:00:00.000Z,1721.70,2026-09-10T16:00:00.000Z,1721.70,0,1721.70,1.0000,0.2017,,warming,false,1,warming,,,2026-09-10T16:00:00.000Z,sampled x1,1,
hzjxhcyy,古月月,(all chains),,1,28,28,2026-09-10T16:00:00.000Z,1691.95,2026-09-10T16:00:00.000Z,1691.95,0,1691.95,,,,ready,false,1,too_few_points,,chains_unrebuildable x27,2026-09-10T16:00:00.000Z,sampled x1,2,
hzjxhcyy,古月月,robinhood,4663,18,28,28,2026-08-21T00:00:00.000Z,154.89,2026-09-10T16:00:00.000Z,1691.95,21,1691.95,1.0000,0.6667,,warming,false,18,short_coverage,,no_prices x10,2026-09-10T16:00:00.000Z,rebuilt x17; sampled x1,2,
hzjxhcyy,古月月,ethereum,1,1,28,28,2026-09-10T16:00:00.000Z,0.00,2026-09-10T16:00:00.000Z,0.00,0,0.00,0.0000,0.25,,ready,false,1,too_few_points,,no_prices x16; (no reason given) x11,2026-09-10T16:00:00.000Z,sampled x1,2,
gmgn_0xc10c6a66,,(all chains),,4,28,28,2026-08-15T00:00:00.000Z,616.74,2026-09-10T16:00:00.000Z,1641.22,27,1641.22,,,,warming,false,4,short_coverage,,chains_unrebuildable x24,2026-09-10T16:00:00.000Z,rebuilt x3; sampled x1,2,
gmgn_0xc10c6a66,,robinhood,4663,18,28,28,2026-08-14T00:00:00.000Z,0.54,2026-09-10T16:00:00.000Z,1641.22,28,1641.22,1.0000,0.6667,,warming,false,18,short_coverage,,no_prices x10,2026-09-10T16:00:00.000Z,rebuilt x17; sampled x1,2,
gmgn_0xc10c6a66,,ethereum,1,9,28,28,2026-08-15T00:00:00.000Z,521.21,2026-09-10T16:00:00.000Z,0.00,27,0.00,0.0000,0.5263,,warming,false,9,short_coverage,,(no reason given) x19,2026-09-10T16:00:00.000Z,rebuilt x8; sampled x1,2,
gmgn_0xb62c47e4,,(all chains),,7,28,28,2026-08-27T00:00:00.000Z,238.88,2026-09-10T16:00:00.000Z,1624.68,15,1624.68,,,,warming,false,7,short_coverage,,chains_unrebuildable x21,2026-09-10T16:00:00.000Z,rebuilt x6; sampled x1,3,
gmgn_0xb62c47e4,,ethereum,1,17,28,28,2026-08-24T00:00:00.000Z,93.13,2026-09-10T16:00:00.000Z,852.92,18,852.92,0.5250,0.6087,,warming,false,17,short_coverage,,(no reason given) x10; no_prices x1,2026-09-10T16:00:00.000Z,rebuilt x16; sampled x1,3,
gmgn_0xb62c47e4,,robinhood,4663,26,28,28,2026-08-15T00:00:00.000Z,27.51,2026-09-10T16:00:00.000Z,771.28,27,771.28,0.4747,0.4615,,warming,false,26,short_coverage,,no_prices x2,2026-09-10T16:00:00.000Z,rebuilt x25; sampled x1,3,
gmgn_0xb62c47e4,,bsc,56,10,28,28,2026-08-21T00:00:00.000Z,70.68,2026-09-10T16:00:00.000Z,0.49,21,0.49,0.0003,1,,warming,false,10,short_coverage,,(no reason given) x16; no_prices x2,2026-09-10T16:00:00.000Z,rebuilt x9; sampled x1,3,
summerrainy888,summer 🔶 BNB ｜加密盛夏,(all chains),,1,28,28,2026-09-10T16:00:00.000Z,1611.94,2026-09-10T16:00:00.000Z,1611.94,0,1611.94,,,,ready,false,1,too_few_points,,chains_unrebuildable x27,2026-09-10T16:00:00.000Z,sampled x1,3,
summerrainy888,summer 🔶 BNB ｜加密盛夏,ethereum,1,11,28,28,2026-08-18T00:00:00.000Z,111.31,2026-09-10T16:00:00.000Z,875.78,24,875.78,0.5433,0.5,,warming,false,11,short_coverage,,(no reason given) x13; no_prices x4,2026-09-10T16:00:00.000Z,rebuilt x10; sampled x1,3,
summerrainy888,summer 🔶 BNB ｜加密盛夏,robinhood,4663,28,28,28,2026-08-14T00:00:00.000Z,91.79,2026-09-10T16:00:00.000Z,549.13,28,549.13,0.3407,0.3846,,warming,false,28,short_coverage,,,2026-09-10T16:00:00.000Z,rebuilt x27; sampled x1,3,
summerrainy888,summer 🔶 BNB ｜加密盛夏,bsc,56,10,28,28,2026-08-19T00:00:00.000Z,1177.18,2026-09-10T16:00:00.000Z,187.03,23,187.03,0.1160,0.4,,warming,false,10,short_coverage,,(no reason given) x18,2026-09-10T16:00:00.000Z,rebuilt x9; sampled x1,3,
gmgn_0x39dc4b17,,(all chains),,1,28,28,2026-09-10T16:00:00.000Z,1605.22,2026-09-10T16:00:00.000Z,1605.22,0,1605.22,,,,ready,false,1,too_few_points,,chains_unrebuildable x27,2026-09-10T16:00:00.000Z,sampled x1,1,
gmgn_0x39dc4b17,,robinhood,4663,17,28,28,2026-08-25T00:00:00.000Z,1.72,2026-09-10T16:00:00.000Z,1605.22,17,1605.22,1.0000,0.5,,warming,false,17,short_coverage,,no_prices x11,2026-09-10T16:00:00.000Z,rebuilt x16; sampled x1,1,
MagenLi331,kaijian,(all chains),,2,28,28,2026-09-09T00:00:00.000Z,2401.45,2026-09-10T16:00:00.000Z,1537.31,2,1537.31,,,,ready,false,2,too_few_points,,chains_unrebuildable x26,2026-09-10T16:00:00.000Z,rebuilt x1; sampled x1,1,
MagenLi331,kaijian,robinhood,4663,28,28,28,2026-08-14T00:00:00.000Z,237.31,2026-09-10T16:00:00.000Z,1537.31,28,1537.31,1.0000,0.6667,,warming,false,28,short_coverage,,,2026-09-10T16:00:00.000Z,rebuilt x27; sampled x1,1,
gmgn_0xf7f6d446,,(all chains),,1,28,28,2026-09-10T16:00:00.000Z,1435.11,2026-09-10T16:00:00.000Z,1435.11,0,1435.11,,,,ready,false,1,too_few_points,,chains_unrebuildable x27,2026-09-10T16:00:00.000Z,sampled x1,3,
gmgn_0xf7f6d446,,robinhood,4663,13,28,28,2026-08-15T00:00:00.000Z,232.82,2026-09-10T16:00:00.000Z,1406.60,27,1406.60,0.9801,1,,warming,false,13,short_coverage,,no_prices x15,2026-09-10T16:00:00.000Z,rebuilt x12; sampled x1,3,
gmgn_0xf7f6d446,,ethereum,1,3,28,28,2026-08-14T00:00:00.000Z,27.99,2026-09-10T16:00:00.000Z,28.32,28,28.32,0.0197,1,,warming,false,3,short_coverage,,(no reason given) x22; no_prices x3,2026-09-10T16:00:00.000Z,rebuilt x2; sampled x1,3,
gmgn_0xf7f6d446,,bsc,56,6,28,28,2026-08-20T00:00:00.000Z,2.50,2026-09-10T16:00:00.000Z,0.19,22,0.19,0.0001,0.5,,warming,false,6,short_coverage,,(no reason given) x19; no_prices x3,2026-09-10T16:00:00.000Z,rebuilt x5; sampled x1,3,
CupseyV,Cupsey,(all chains),,1,28,28,2026-09-10T16:00:00.000Z,1328.55,2026-09-10T16:00:00.000Z,1328.55,0,1328.55,,,,ready,false,1,too_few_points,,chains_unrebuildable x27,2026-09-10T16:00:00.000Z,sampled x1,3,
CupseyV,Cupsey,solana,1399811149,28,28,28,2026-08-14T00:00:00.000Z,0.00,2026-09-10T16:00:00.000Z,1327.89,28,1327.89,0.9995,0.0625,,warming,false,28,short_coverage,,,2026-09-10T16:00:00.000Z,rebuilt x27; sampled x1,3,
CupseyV,Cupsey,ethereum,1,2,28,28,2026-09-06T00:00:00.000Z,269.10,2026-09-10T16:00:00.000Z,0.60,5,0.60,0.0005,0.5,,ready,false,2,too_few_points,,(no reason given) x26,2026-09-10T16:00:00.000Z,rebuilt x1; sampled x1,3,
CupseyV,Cupsey,bsc,56,9,28,28,2026-08-14T00:00:00.000Z,0.00,2026-09-10T16:00:00.000Z,0.06,28,0.06,0.0000,1,,warming,false,9,short_coverage,,(no reason given) x19,2026-09-10T16:00:00.000Z,rebuilt x8; sampled x1,3,
MustyDiapers,Musty,(all chains),,11,28,28,2026-08-14T00:00:00.000Z,579.68,2026-09-10T16:00:00.000Z,1289.30,28,1289.30,,,,warming,false,11,short_coverage,,chains_unrebuildable x17,2026-09-10T16:00:00.000Z,rebuilt x10; sampled x1,2,
MustyDiapers,Musty,robinhood,4663,28,28,28,2026-08-14T00:00:00.000Z,579.68,2026-09-10T16:00:00.000Z,1288.86,28,1288.86,0.9997,0.7273,,warming,false,28,short_coverage,,,2026-09-10T16:00:00.000Z,rebuilt x27; sampled x1,2,
MustyDiapers,Musty,ethereum,1,11,28,28,2026-08-14T00:00:00.000Z,0.00,2026-09-10T16:00:00.000Z,0.44,28,0.44,0.0003,0.2222,,warming,false,11,short_coverage,,(no reason given) x6; no_prices x11,2026-09-10T16:00:00.000Z,rebuilt x10; sampled x1,2,
ptkdave,自在,(all chains),,8,28,28,2026-08-15T00:00:00.000Z,459.11,2026-09-10T16:00:00.000Z,1125.06,27,1125.06,,,,warming,false,8,short_coverage,,chains_unrebuildable x20,2026-09-10T16:00:00.000Z,rebuilt x7; sampled x1,1,
ptkdave,自在,ethereum,1,8,28,28,2026-08-15T00:00:00.000Z,459.07,2026-09-10T16:00:00.000Z,1125.06,27,1125.06,1.0000,0.4286,,warming,false,8,short_coverage,,(no reason given) x15; no_prices x5,2026-09-10T16:00:00.000Z,rebuilt x7; sampled x1,1,
gmgn_0xcf7607ff,,(all chains),,1,28,28,2026-09-10T16:00:00.000Z,1070.70,2026-09-10T16:00:00.000Z,1070.70,0,1070.70,,,,ready,false,1,too_few_points,,chains_unrebuildable x27,2026-09-10T16:00:00.000Z,sampled x1,2,
gmgn_0xcf7607ff,,robinhood,4663,20,28,28,2026-08-22T00:00:00.000Z,541.18,2026-09-10T16:00:00.000Z,1070.70,20,1070.70,1.0000,0.5,,warming,false,20,short_coverage,,no_prices x8,2026-09-10T16:00:00.000Z,rebuilt x19; sampled x1,2,
gmgn_0xcf7607ff,,ethereum,1,5,28,28,2026-08-23T00:00:00.000Z,231.48,2026-09-10T16:00:00.000Z,0.00,19,0.00,0.0000,0.5,,warming,false,5,short_coverage,,(no reason given) x15; no_prices x8,2026-09-10T16:00:00.000Z,rebuilt x4; sampled x1,2,
0xKaroshi,𝕜ꪖ𝕣ꪮડꫝⅈ,(all chains),,28,28,28,2026-08-14T00:00:00.000Z,1286.69,2026-09-10T16:00:00.000Z,1064.44,28,1064.44,,,,warming,false,28,short_coverage,,,2026-09-10T14:00:00.000Z,rebuilt x27; sampled x1,1,
0xKaroshi,𝕜ꪖ𝕣ꪮડꫝⅈ,robinhood,4663,28,28,28,2026-08-14T00:00:00.000Z,1286.69,2026-09-10T16:00:00.000Z,1064.44,28,1064.44,1.0000,1,,warming,false,28,short_coverage,,,2026-09-10T14:00:00.000Z,rebuilt x27; sampled x1,1,
CoCoCookerr,CoCo❕,(all chains),,1,28,28,2026-09-10T16:00:00.000Z,1038.72,2026-09-10T16:00:00.000Z,1038.72,0,1038.72,,,,ready,false,1,too_few_points,,chains_unrebuildable x27,2026-09-10T16:00:00.000Z,sampled x1,2,
CoCoCookerr,CoCo❕,robinhood,4663,28,28,28,2026-08-14T00:00:00.000Z,694.40,2026-09-10T16:00:00.000Z,1038.14,28,1038.14,0.9994,1,,warming,false,28,short_coverage,,,2026-09-10T16:00:00.000Z,rebuilt x27; sampled x1,2,
CoCoCookerr,CoCo❕,ethereum,1,3,28,28,2026-08-20T00:00:00.000Z,194.46,2026-09-10T16:00:00.000Z,0.58,22,0.58,0.0006,0.25,,warming,false,3,short_coverage,,(no reason given) x17; no_prices x8,2026-09-10T16:00:00.000Z,rebuilt x2; sampled x1,2,
NotVanGogh88,幼儿园高材生,(all chains),,1,28,28,2026-09-10T16:00:00.000Z,1037.98,2026-09-10T16:00:00.000Z,1037.98,0,1037.98,,,,ready,false,1,too_few_points,,chains_unrebuildable x27,2026-09-10T16:00:00.000Z,sampled x1,2,
NotVanGogh88,幼儿园高材生,robinhood,4663,28,28,28,2026-08-14T00:00:00.000Z,3904.28,2026-09-10T16:00:00.000Z,1037.98,28,1037.98,1.0000,0.25,,warming,false,28,short_coverage,,,2026-09-10T16:00:00.000Z,rebuilt x27; sampled x1,2,
NotVanGogh88,幼儿园高材生,ethereum,1,15,28,28,2026-08-17T00:00:00.000Z,282.76,2026-09-10T16:00:00.000Z,0.00,25,0.00,0.0000,0.2,,warming,false,15,short_coverage,,no_prices x6; (no reason given) x7,2026-09-10T16:00:00.000Z,rebuilt x14; sampled x1,2,
tiger_web3,TIGER,(all chains),,1,28,28,2026-09-10T16:00:00.000Z,1003.38,2026-09-10T16:00:00.000Z,1003.38,0,1003.38,,,,ready,false,1,too_few_points,,chains_unrebuildable x27,2026-09-10T16:00:00.000Z,sampled x1,2,
tiger_web3,TIGER,ethereum,1,14,28,28,2026-08-19T00:00:00.000Z,133.92,2026-09-10T16:00:00.000Z,886.42,23,886.42,0.8834,0.5455,,warming,false,14,short_coverage,,(no reason given) x8; no_prices x6,2026-09-10T16:00:00.000Z,rebuilt x13; sampled x1,2,
tiger_web3,TIGER,robinhood,4663,12,28,28,2026-08-14T00:00:00.000Z,302.83,2026-09-10T16:00:00.000Z,116.96,28,116.96,0.1166,1,,warming,false,12,short_coverage,,no_prices x16,2026-09-10T16:00:00.000Z,rebuilt x11; sampled x1,2,
gmgn_0xc5d3c566,,(all chains),,1,28,28,2026-09-10T16:00:00.000Z,880.65,2026-09-10T16:00:00.000Z,880.65,0,880.65,,,,ready,false,1,too_few_points,,chains_unrebuildable x27,2026-09-10T16:00:00.000Z,sampled x1,2,
gmgn_0xc5d3c566,,ethereum,1,3,28,28,2026-08-16T00:00:00.000Z,279.94,2026-09-10T16:00:00.000Z,878.14,26,878.14,0.9971,0.3333,,warming,false,3,short_coverage,,no_prices x15; (no reason given) x10,2026-09-10T16:00:00.000Z,rebuilt x2; sampled x1,2,
gmgn_0xc5d3c566,,bsc,56,1,1,1,2026-09-10T16:00:00.000Z,2.51,2026-09-10T16:00:00.000Z,2.51,0,2.51,0.0029,1,,warming,false,1,warming,,,2026-09-10T16:00:00.000Z,sampled x1,2,
gmgn_0xd126780e,,(all chains),,1,28,28,2026-09-10T16:00:00.000Z,847.31,2026-09-10T16:00:00.000Z,847.31,0,847.31,,,,ready,false,1,too_few_points,,chains_unrebuildable x27,2026-09-10T16:00:00.000Z,sampled x1,2,
gmgn_0xd126780e,,ethereum,1,10,28,28,2026-08-17T00:00:00.000Z,114.29,2026-09-10T16:00:00.000Z,641.55,25,641.55,0.7572,0.625,,warming,false,10,short_coverage,,(no reason given) x10; no_prices x8,2026-09-10T16:00:00.000Z,rebuilt x9; sampled x1,2,
gmgn_0xd126780e,,robinhood,4663,28,28,28,2026-08-14T00:00:00.000Z,0.64,2026-09-10T16:00:00.000Z,205.76,28,205.76,0.2428,1,,warming,false,28,short_coverage,,,2026-09-10T16:00:00.000Z,rebuilt x27; sampled x1,2,
sadd_asd77675,AlexWong 🇭🇰 | 1000X GEM,(all chains),,1,28,28,2026-09-10T16:00:00.000Z,837.90,2026-09-10T16:00:00.000Z,837.90,0,837.90,,,,ready,false,1,too_few_points,,chains_unrebuildable x27,2026-09-10T16:00:00.000Z,sampled x1,3,
sadd_asd77675,AlexWong 🇭🇰 | 1000X GEM,robinhood,4663,23,28,28,2026-08-19T00:00:00.000Z,338.33,2026-09-10T16:00:00.000Z,798.22,23,798.22,0.9526,0.5,,warming,false,23,short_coverage,,no_prices x5,2026-09-10T16:00:00.000Z,rebuilt x22; sampled x1,3,
sadd_asd77675,AlexWong 🇭🇰 | 1000X GEM,bsc,56,5,28,28,2026-08-23T00:00:00.000Z,3.32,2026-09-10T16:00:00.000Z,39.68,19,39.68,0.0474,1,,warming,false,5,short_coverage,,(no reason given) x21; no_prices x2,2026-09-10T16:00:00.000Z,rebuilt x4; sampled x1,3,
sadd_asd77675,AlexWong 🇭🇰 | 1000X GEM,ethereum,1,1,28,28,2026-09-10T16:00:00.000Z,0.00,2026-09-10T16:00:00.000Z,0.00,0,0.00,0.0000,0.3889,,ready,false,1,too_few_points,,no_prices x27,2026-09-10T16:00:00.000Z,sampled x1,3,
gmgn_0xd1a47a0d,,(all chains),,28,28,28,2026-08-14T00:00:00.000Z,2592.93,2026-09-10T16:00:00.000Z,832.01,28,832.01,,,,warming,false,28,short_coverage,,,2026-09-10T16:00:00.000Z,rebuilt x27; sampled x1,1,
gmgn_0xd1a47a0d,,robinhood,4663,28,28,28,2026-08-14T00:00:00.000Z,2592.93,2026-09-10T16:00:00.000Z,832.01,28,832.01,1.0000,0.6667,,warming,false,28,short_coverage,,,2026-09-10T16:00:00.000Z,rebuilt x27; sampled x1,1,
gmgn_ey5bdkdgd5,,(all chains),,1,1,1,2026-09-10T16:00:00.000Z,813.21,2026-09-10T16:00:00.000Z,813.21,0,813.21,,,,warming,false,1,warming,,,2026-09-10T16:00:00.000Z,sampled x1,1,
gmgn_ey5bdkdgd5,,solana,1399811149,1,1,1,2026-09-10T16:00:00.000Z,813.21,2026-09-10T16:00:00.000Z,813.21,0,813.21,1.0000,0.2727,,warming,false,1,warming,,,2026-09-10T16:00:00.000Z,sampled x1,1,
gmgn_dvl4bpk7vr,,(all chains),,1,1,1,2026-09-10T16:00:00.000Z,810.17,2026-09-10T16:00:00.000Z,810.17,0,810.17,,,,warming,false,1,warming,,,2026-09-10T16:00:00.000Z,sampled x1,1,
gmgn_dvl4bpk7vr,,solana,1399811149,1,1,1,2026-09-10T16:00:00.000Z,810.17,2026-09-10T16:00:00.000Z,810.17,0,810.17,1.0000,0.625,,warming,false,1,warming,,,2026-09-10T16:00:00.000Z,sampled x1,1,
gmgn_0x51c83637,,(all chains),,1,28,28,2026-09-10T16:00:00.000Z,787.14,2026-09-10T16:00:00.000Z,787.14,0,787.14,,,,ready,false,1,too_few_points,,chains_unrebuildable x27,2026-09-10T16:00:00.000Z,sampled x1,2,
gmgn_0x51c83637,,robinhood,4663,17,28,28,2026-08-25T00:00:00.000Z,0.00,2026-09-10T16:00:00.000Z,787.14,17,787.14,1.0000,1,,warming,false,17,short_coverage,,no_prices x11,2026-09-10T16:00:00.000Z,rebuilt x16; sampled x1,2,
gmgn_0x51c83637,,ethereum,1,3,28,28,2026-08-27T00:00:00.000Z,223.12,2026-09-02T00:00:00.000Z,208.82,6,,,0,no_prices,warming,false,3,short_coverage,no_prices,(no reason given) x20; no_prices x5,2026-09-10T16:00:00.000Z,rebuilt x3,2,
coasty_sol,Coasty,(all chains),,1,28,28,2026-09-10T16:00:00.000Z,724.00,2026-09-10T16:00:00.000Z,724.00,0,724.00,,,,ready,false,1,too_few_points,,chains_unrebuildable x27,2026-09-10T16:00:00.000Z,sampled x1,1,
coasty_sol,Coasty,ethereum,1,1,28,28,2026-09-10T16:00:00.000Z,724.00,2026-09-10T16:00:00.000Z,724.00,0,724.00,1.0000,0.5,,ready,false,1,too_few_points,,(no reason given) x21; no_prices x6,2026-09-10T16:00:00.000Z,sampled x1,1,
gmgn_0xbe523aad,,(all chains),,3,28,28,2026-09-04T00:00:00.000Z,1283.86,2026-09-10T16:00:00.000Z,713.91,7,713.91,,,,warming,false,3,short_coverage,,chains_unrebuildable x25,2026-09-10T16:00:00.000Z,rebuilt x2; sampled x1,2,
gmgn_0xbe523aad,,ethereum,1,3,28,28,2026-09-04T00:00:00.000Z,237.59,2026-09-10T16:00:00.000Z,405.96,7,405.96,0.5686,0.3333,,warming,false,3,short_coverage,,(no reason given) x25,2026-09-10T16:00:00.000Z,rebuilt x2; sampled x1,2,
gmgn_0xbe523aad,,robinhood,4663,28,28,28,2026-08-14T00:00:00.000Z,21.76,2026-09-10T16:00:00.000Z,307.95,28,307.95,0.4314,0.5,,warming,false,28,short_coverage,,,2026-09-10T16:00:00.000Z,rebuilt x27; sampled x1,2,
JinGouJiaoFu,TeachFull,(all chains),,2,28,28,2026-09-07T00:00:00.000Z,595.99,2026-09-10T16:00:00.000Z,711.82,4,711.82,,,,ready,false,2,too_few_points,,chains_unrebuildable x26,2026-09-10T16:00:00.000Z,rebuilt x1; sampled x1,2,
JinGouJiaoFu,TeachFull,ethereum,1,7,28,28,2026-08-18T00:00:00.000Z,99.44,2026-09-10T16:00:00.000Z,675.75,24,675.75,0.9493,0.5714,,warming,false,7,short_coverage,,no_prices x13; (no reason given) x8,2026-09-10T16:00:00.000Z,rebuilt x6; sampled x1,2,
JinGouJiaoFu,TeachFull,robinhood,4663,15,28,28,2026-08-27T00:00:00.000Z,242.72,2026-09-10T16:00:00.000Z,36.07,15,36.07,0.0507,0.5,,warming,false,15,short_coverage,,no_prices x13,2026-09-10T16:00:00.000Z,rebuilt x14; sampled x1,2,
gmgn_0xd10876fc,,(all chains),,1,28,28,2026-09-10T16:00:00.000Z,704.81,2026-09-10T16:00:00.000Z,704.81,0,704.81,,,,ready,false,1,too_few_points,,chains_unrebuildable x27,2026-09-10T16:00:00.000Z,sampled x1,1,
gmgn_0xd10876fc,,bsc,56,14,28,28,2026-08-14T00:00:00.000Z,1426.87,2026-09-10T16:00:00.000Z,704.81,28,704.81,1.0000,0.5,,warming,false,14,short_coverage,,(no reason given) x13; no_prices x1,2026-09-10T16:00:00.000Z,rebuilt x13; sampled x1,1,
Gmf_winner,游侠🔶Yoxia,(all chains),,1,28,28,2026-09-10T16:00:00.000Z,688.27,2026-09-10T16:00:00.000Z,688.27,0,688.27,,,,ready,false,1,too_few_points,,chains_unrebuildable x27,2026-09-10T16:00:00.000Z,sampled x1,2,
Gmf_winner,游侠🔶Yoxia,ethereum,1,8,28,28,2026-08-18T00:00:00.000Z,120.64,2026-09-10T16:00:00.000Z,688.27,24,688.27,1.0000,0.2917,,warming,false,8,short_coverage,,no_prices x18; (no reason given) x2,2026-09-10T16:00:00.000Z,rebuilt x7; sampled x1,2,
Gmf_winner,游侠🔶Yoxia,robinhood,4663,4,28,28,2026-08-31T00:00:00.000Z,481.89,2026-09-09T00:00:00.000Z,573.14,9,,,0,no_prices,warming,false,4,short_coverage,no_prices,no_prices x24,2026-09-10T16:00:00.000Z,rebuilt x4,2,
gmgn_5ay62gn38e,,(all chains),,28,28,28,2026-08-14T00:00:00.000Z,357.39,2026-09-10T16:00:00.000Z,677.35,28,677.35,,,,warming,false,28,short_coverage,,,2026-09-10T16:00:00.000Z,rebuilt x27; sampled x1,1,
gmgn_5ay62gn38e,,solana,1399811149,28,28,28,2026-08-14T00:00:00.000Z,357.39,2026-09-10T16:00:00.000Z,677.35,28,677.35,1.0000,0.8,,warming,false,28,short_coverage,,,2026-09-10T16:00:00.000Z,rebuilt x27; sampled x1,1,
xiaobing_BTC,小兵｜BTC,(all chains),,13,28,28,2026-08-22T00:00:00.000Z,17.86,2026-09-10T16:00:00.000Z,660.22,20,660.22,,,,warming,false,13,short_coverage,,chains_unrebuildable x15,2026-09-10T16:00:00.000Z,rebuilt x12; sampled x1,2,
xiaobing_BTC,小兵｜BTC,bsc,56,13,28,28,2026-08-22T00:00:00.000Z,16.10,2026-09-10T16:00:00.000Z,659.64,20,659.64,0.9991,0.4286,,warming,false,13,short_coverage,,no_prices x1; (no reason given) x14,2026-09-10T16:00:00.000Z,rebuilt x12; sampled x1,2,
xiaobing_BTC,小兵｜BTC,robinhood,4663,28,28,28,2026-08-14T00:00:00.000Z,8885.33,2026-09-10T16:00:00.000Z,0.59,28,0.59,0.0009,0.5,,warming,false,28,short_coverage,,,2026-09-10T16:00:00.000Z,rebuilt x27; sampled x1,2,
unveilpnl,Unveil,(all chains),,2,28,28,2026-09-09T00:00:00.000Z,2077.06,2026-09-10T16:00:00.000Z,645.76,2,645.76,,,,ready,false,2,too_few_points,,chains_unrebuildable x26,2026-09-10T16:00:00.000Z,rebuilt x1; sampled x1,3,
unveilpnl,Unveil,ethereum,1,5,28,28,2026-08-29T00:00:00.000Z,1777.37,2026-09-10T16:00:00.000Z,335.22,13,335.22,0.5191,0.375,,warming,false,5,short_coverage,,(no reason given) x13; no_prices x10,2026-09-10T16:00:00.000Z,rebuilt x4; sampled x1,3,
unveilpnl,Unveil,robinhood,4663,28,28,28,2026-08-14T00:00:00.000Z,0.02,2026-09-10T16:00:00.000Z,310.54,28,310.54,0.4809,0.5,,warming,false,28,short_coverage,,,2026-09-10T16:00:00.000Z,rebuilt x27; sampled x1,3,
unveilpnl,Unveil,bsc,56,2,28,28,2026-09-09T00:00:00.000Z,0.90,2026-09-10T16:00:00.000Z,0.00,2,0.00,0.0000,1,,ready,false,2,too_few_points,,(no reason given) x26,2026-09-10T16:00:00.000Z,rebuilt x1; sampled x1,3,
money_let7,财神爷眷顾者,(all chains),,6,28,28,2026-08-25T00:00:00.000Z,164.62,2026-09-10T16:00:00.000Z,639.82,17,639.82,,,,warming,false,6,short_coverage,,chains_unrebuildable x22,2026-09-10T16:00:00.000Z,rebuilt x5; sampled x1,3,
money_let7,财神爷眷顾者,robinhood,4663,17,28,28,2026-08-25T00:00:00.000Z,120.84,2026-09-10T16:00:00.000Z,291.47,17,291.47,0.4555,1,,warming,false,17,short_coverage,,no_prices x11,2026-09-10T16:00:00.000Z,rebuilt x16; sampled x1,3,
money_let7,财神爷眷顾者,ethereum,1,15,28,28,2026-08-14T00:00:00.000Z,589.85,2026-09-10T16:00:00.000Z,269.35,28,269.35,0.4210,0.3636,,warming,false,15,short_coverage,,(no reason given) x4; no_prices x9,2026-09-10T16:00:00.000Z,rebuilt x14; sampled x1,3,
money_let7,财神爷眷顾者,bsc,56,13,28,28,2026-08-17T00:00:00.000Z,33.05,2026-09-10T16:00:00.000Z,79.00,25,79.00,0.1235,1,,warming,false,13,short_coverage,,(no reason given) x15,2026-09-10T16:00:00.000Z,rebuilt x12; sampled x1,3,
gmgn_aaqcyiiblc,,(all chains),,28,28,28,2026-08-14T00:00:00.000Z,0.22,2026-09-10T16:00:00.000Z,595.41,28,595.41,,,,warming,false,28,short_coverage,,,2026-09-10T16:00:00.000Z,rebuilt x27; sampled x1,1,
gmgn_aaqcyiiblc,,solana,1399811149,1,1,1,2026-09-10T16:00:00.000Z,595.41,2026-09-10T16:00:00.000Z,595.41,0,595.41,1.0000,0.3846,,warming,false,1,warming,,,2026-09-10T16:00:00.000Z,sampled x1,1,
key_sero,KhunChan,(all chains),,2,28,28,2026-08-29T00:00:00.000Z,69.71,2026-09-10T16:00:00.000Z,515.34,13,515.34,,,,ready,false,2,too_few_points,,chains_unrebuildable x26,2026-09-10T16:00:00.000Z,rebuilt x1; sampled x1,2,
key_sero,KhunChan,ethereum,1,15,28,28,2026-08-15T00:00:00.000Z,3.47,2026-09-10T16:00:00.000Z,401.80,27,401.80,0.7797,0.5152,,warming,false,15,short_coverage,,no_prices x13,2026-09-10T16:00:00.000Z,rebuilt x14; sampled x1,2,
key_sero,KhunChan,robinhood,4663,28,28,28,2026-08-14T00:00:00.000Z,0.79,2026-09-10T16:00:00.000Z,113.55,28,113.55,0.2203,0.4211,,warming,false,28,short_coverage,,,2026-09-10T16:00:00.000Z,rebuilt x27; sampled x1,2,
casino847,casino,(all chains),,1,28,28,2026-09-10T16:00:00.000Z,512.71,2026-09-10T16:00:00.000Z,512.71,0,512.71,,,,ready,false,1,too_few_points,,chains_unrebuildable x27,2026-09-10T16:00:00.000Z,sampled x1,1,
casino847,casino,ethereum,1,3,28,28,2026-08-25T00:00:00.000Z,0.00,2026-09-10T16:00:00.000Z,512.71,17,512.71,1.0000,0.5,,warming,false,3,short_coverage,,no_prices x14; (no reason given) x11,2026-09-10T16:00:00.000Z,rebuilt x2; sampled x1,1,
Gs97z,K线漂移,(all chains),,1,28,28,2026-09-10T16:00:00.000Z,509.30,2026-09-10T16:00:00.000Z,509.30,0,509.30,,,,ready,false,1,too_few_points,,chains_unrebuildable x27,2026-09-10T16:00:00.000Z,sampled x1,2,
Gs97z,K线漂移,ethereum,1,1,28,28,2026-09-10T16:00:00.000Z,509.30,2026-09-10T16:00:00.000Z,509.30,0,509.30,1.0000,0.125,,ready,false,1,too_few_points,,(no reason given) x9; no_prices x18,2026-09-10T16:00:00.000Z,sampled x1,2,
Gs97z,K线漂移,robinhood,4663,24,28,28,2026-08-14T00:00:00.000Z,1067.78,2026-09-07T00:00:00.000Z,203.16,24,,,0,no_prices,warming,false,24,short_coverage,no_prices,no_prices x4,2026-09-10T16:00:00.000Z,rebuilt x24,2,
twisterchessur,佩奇,(all chains),,2,28,28,2026-08-27T00:00:00.000Z,3521.02,2026-09-10T16:00:00.000Z,472.25,15,472.25,,,,ready,false,2,too_few_points,,chains_unrebuildable x26,2026-09-10T16:00:00.000Z,rebuilt x1; sampled x1,2,
twisterchessur,佩奇,ethereum,1,9,28,28,2026-08-16T00:00:00.000Z,107.69,2026-09-10T16:00:00.000Z,391.95,26,391.95,0.8300,0.3611,,warming,false,9,short_coverage,,no_prices x19,2026-09-10T16:00:00.000Z,rebuilt x8; sampled x1,2,
twisterchessur,佩奇,bsc,56,9,28,28,2026-08-24T00:00:00.000Z,9.49,2026-09-10T16:00:00.000Z,80.30,18,80.30,0.1700,1,,warming,false,9,short_coverage,,(no reason given) x19,2026-09-10T16:00:00.000Z,rebuilt x8; sampled x1,2,
andrea1982amor,达达,(all chains),,1,28,28,2026-09-10T16:00:00.000Z,464.91,2026-09-10T16:00:00.000Z,464.91,0,464.91,,,,ready,false,1,too_few_points,,chains_unrebuildable x27,2026-09-10T16:00:00.000Z,sampled x1,3,
andrea1982amor,达达,ethereum,1,13,28,28,2026-08-14T00:00:00.000Z,10.71,2026-09-10T16:00:00.000Z,255.10,28,255.10,0.5487,0.4286,,warming,false,13,short_coverage,,no_prices x14; (no reason given) x1,2026-09-10T16:00:00.000Z,rebuilt x12; sampled x1,3,
andrea1982amor,达达,robinhood,4663,15,28,28,2026-08-27T00:00:00.000Z,140.65,2026-09-10T16:00:00.000Z,187.31,15,187.31,0.4029,0.6,,warming,false,15,short_coverage,,no_prices x13,2026-09-10T16:00:00.000Z,rebuilt x14; sampled x1,3,
andrea1982amor,达达,bsc,56,5,28,28,2026-08-21T00:00:00.000Z,33.29,2026-09-10T16:00:00.000Z,22.49,21,22.49,0.0484,1,,warming,false,5,short_coverage,,(no reason given) x23,2026-09-10T16:00:00.000Z,rebuilt x4; sampled x1,3,
feng188666,剑锋🔶 BNB,(all chains),,1,28,28,2026-09-10T16:00:00.000Z,441.71,2026-09-10T16:00:00.000Z,441.71,0,441.71,,,,ready,false,1,too_few_points,,chains_unrebuildable x27,2026-09-10T16:00:00.000Z,sampled x1,2,
feng188666,剑锋🔶 BNB,ethereum,1,11,28,28,2026-08-15T00:00:00.000Z,691.25,2026-09-10T16:00:00.000Z,441.63,27,441.63,0.9998,0.5,,warming,false,11,short_coverage,,(no reason given) x5; no_prices x12,2026-09-10T16:00:00.000Z,rebuilt x10; sampled x1,2,
feng188666,剑锋🔶 BNB,robinhood,4663,9,28,28,2026-08-14T00:00:00.000Z,50.02,2026-09-10T16:00:00.000Z,0.08,28,0.08,0.0002,0.625,,warming,false,9,short_coverage,,no_prices x19,2026-09-10T16:00:00.000Z,rebuilt x8; sampled x1,2,
gmgn_2bx2y3b7g4,,(all chains),,28,28,28,2026-08-14T00:00:00.000Z,10391.26,2026-09-10T16:00:00.000Z,433.26,28,433.26,,,,warming,false,28,short_coverage,,,2026-09-10T16:00:00.000Z,rebuilt x27; sampled x1,1,
gmgn_2bx2y3b7g4,,solana,1399811149,1,1,1,2026-09-10T16:00:00.000Z,433.26,2026-09-10T16:00:00.000Z,433.26,0,433.26,1.0000,0.625,,warming,false,1,warming,,,2026-09-10T16:00:00.000Z,sampled x1,1,
Kevsznx,.,(all chains),,1,28,28,2026-09-10T16:00:00.000Z,357.77,2026-09-10T16:00:00.000Z,357.77,0,357.77,,,,ready,false,1,too_few_points,,chains_unrebuildable x27,2026-09-10T16:00:00.000Z,sampled x1,1,
Kevsznx,.,bsc,56,14,28,28,2026-08-15T00:00:00.000Z,7.37,2026-09-10T16:00:00.000Z,357.77,27,357.77,1.0000,0.75,,warming,false,14,short_coverage,,(no reason given) x14,2026-09-10T16:00:00.000Z,rebuilt x13; sampled x1,1,
JM_Dabiaoke,Crypto | 大镖客🔶BNB,(all chains),,1,28,28,2026-09-10T16:00:00.000Z,352.84,2026-09-10T16:00:00.000Z,352.84,0,352.84,,,,ready,false,1,too_few_points,,chains_unrebuildable x27,2026-09-10T16:00:00.000Z,sampled x1,2,
JM_Dabiaoke,Crypto | 大镖客🔶BNB,ethereum,1,6,28,28,2026-08-14T00:00:00.000Z,146.80,2026-09-10T16:00:00.000Z,352.84,28,352.84,1.0000,0.5,,warming,false,6,short_coverage,,(no reason given) x9; no_prices x13,2026-09-10T16:00:00.000Z,rebuilt x5; sampled x1,2,
JM_Dabiaoke,Crypto | 大镖客🔶BNB,robinhood,4663,27,28,28,2026-08-14T00:00:00.000Z,23.58,2026-09-09T00:00:00.000Z,168.94,26,,,0,no_prices,warming,false,27,short_coverage,no_prices,no_prices x1,2026-09-10T16:00:00.000Z,rebuilt x27,2,
gmgn_0x314e6555,,(all chains),,2,28,28,2026-09-05T00:00:00.000Z,257.34,2026-09-10T16:00:00.000Z,338.92,6,338.92,,,,ready,false,2,too_few_points,,chains_unrebuildable x26,2026-09-10T16:00:00.000Z,rebuilt x1; sampled x1,1,
gmgn_0x314e6555,,bsc,56,2,28,28,2026-09-05T00:00:00.000Z,257.34,2026-09-10T16:00:00.000Z,338.92,6,338.92,1.0000,1,,ready,false,2,too_few_points,,(no reason given) x26,2026-09-10T16:00:00.000Z,rebuilt x1; sampled x1,1,
Shadlendid_TN,LKJ | Traditionow,(all chains),,1,28,28,2026-09-10T16:00:00.000Z,338.09,2026-09-10T16:00:00.000Z,338.09,0,338.09,,,,ready,false,1,too_few_points,,chains_unrebuildable x27,2026-09-10T16:00:00.000Z,sampled x1,2,
Shadlendid_TN,LKJ | Traditionow,robinhood,4663,13,28,28,2026-08-14T00:00:00.000Z,126.42,2026-09-10T16:00:00.000Z,338.09,28,338.09,1.0000,1,,warming,false,13,short_coverage,,no_prices x15,2026-09-10T16:00:00.000Z,rebuilt x12; sampled x1,2,
Shadlendid_TN,LKJ | Traditionow,ethereum,1,1,28,28,2026-09-10T16:00:00.000Z,0.00,2026-09-10T16:00:00.000Z,0.00,0,0.00,0.0000,0.4,,ready,false,1,too_few_points,,(no reason given) x17; no_prices x10,2026-09-10T16:00:00.000Z,sampled x1,2,
gmgn_0x8d16f885,,(all chains),,1,28,28,2026-09-10T16:00:00.000Z,331.17,2026-09-10T16:00:00.000Z,331.17,0,331.17,,,,ready,false,1,too_few_points,,chains_unrebuildable x27,2026-09-10T16:00:00.000Z,sampled x1,3,
gmgn_0x8d16f885,,bsc,56,8,28,28,2026-08-15T00:00:00.000Z,4.01,2026-09-10T16:00:00.000Z,186.61,27,186.61,0.5635,0.8,,warming,false,8,short_coverage,,(no reason given) x20,2026-09-10T16:00:00.000Z,rebuilt x7; sampled x1,3,
gmgn_0x8d16f885,,robinhood,4663,28,28,28,2026-08-14T00:00:00.000Z,0.00,2026-09-10T16:00:00.000Z,92.82,28,92.82,0.2803,0.5714,,warming,false,28,short_coverage,,,2026-09-10T16:00:00.000Z,rebuilt x27; sampled x1,3,
gmgn_0x8d16f885,,ethereum,1,10,28,28,2026-08-15T00:00:00.000Z,14.64,2026-09-10T16:00:00.000Z,51.73,27,51.73,0.1562,0.7143,,warming,false,10,short_coverage,,no_prices x9; (no reason given) x9,2026-09-10T16:00:00.000Z,rebuilt x9; sampled x1,3,
gmgn_9hzsw1hbzd,,(all chains),,28,28,28,2026-08-14T00:00:00.000Z,48.86,2026-09-10T16:00:00.000Z,321.87,28,321.87,,,,warming,false,28,short_coverage,,,2026-09-10T16:00:00.000Z,rebuilt x27; sampled x1,1,
gmgn_9hzsw1hbzd,,solana,1399811149,1,1,1,2026-09-10T16:00:00.000Z,321.87,2026-09-10T16:00:00.000Z,321.87,0,321.87,1.0000,0.3448,,warming,false,1,warming,,,2026-09-10T16:00:00.000Z,sampled x1,1,
gmgn_0x941882e0,,(all chains),,13,28,28,2026-08-18T00:00:00.000Z,5842.16,2026-09-10T16:00:00.000Z,316.67,24,316.67,,,,warming,false,13,short_coverage,,chains_unrebuildable x15,2026-09-10T16:00:00.000Z,rebuilt x12; sampled x1,1,
gmgn_0x941882e0,,robinhood,4663,23,28,28,2026-08-14T00:00:00.000Z,702.49,2026-09-10T16:00:00.000Z,316.67,28,316.67,1.0000,0.4545,,warming,false,23,short_coverage,,no_prices x5,2026-09-10T16:00:00.000Z,rebuilt x22; sampled x1,1,
buythedipnhodl_,BuyTheDipNHodl,(all chains),,7,28,28,2026-08-27T00:00:00.000Z,651.07,2026-09-10T16:00:00.000Z,298.72,15,298.72,,,,warming,false,7,short_coverage,,chains_unrebuildable x21,2026-09-10T16:00:00.000Z,rebuilt x6; sampled x1,1,
buythedipnhodl_,BuyTheDipNHodl,robinhood,4663,13,28,28,2026-08-27T00:00:00.000Z,642.75,2026-09-10T16:00:00.000Z,298.72,15,298.72,1.0000,1,,warming,false,13,short_coverage,,no_prices x15,2026-09-10T16:00:00.000Z,rebuilt x12; sampled x1,1,
RetirementAr,Retirement,(all chains),,1,28,28,2026-09-10T16:00:00.000Z,297.56,2026-09-10T16:00:00.000Z,297.56,0,297.56,,,,ready,false,1,too_few_points,,chains_unrebuildable x27,2026-09-10T16:00:00.000Z,sampled x1,3,
RetirementAr,Retirement,ethereum,1,7,28,28,2026-08-24T00:00:00.000Z,115.92,2026-09-10T16:00:00.000Z,281.79,18,281.79,0.9470,0.6,,warming,false,7,short_coverage,,(no reason given) x18; no_prices x3,2026-09-10T16:00:00.000Z,rebuilt x6; sampled x1,3,
RetirementAr,Retirement,bsc,56,6,28,28,2026-08-19T00:00:00.000Z,2.30,2026-09-10T16:00:00.000Z,15.77,23,15.77,0.0530,1,,warming,false,6,short_coverage,,(no reason given) x22,2026-09-10T16:00:00.000Z,rebuilt x5; sampled x1,3,
RetirementAr,Retirement,robinhood,4663,28,28,28,2026-08-14T00:00:00.000Z,0.48,2026-09-10T16:00:00.000Z,0.00,28,0.00,0.0000,0.5,,warming,false,28,short_coverage,,,2026-09-10T16:00:00.000Z,rebuilt x27; sampled x1,3,
kv4rl,k4rl,(all chains),,1,28,28,2026-09-10T16:00:00.000Z,273.67,2026-09-10T16:00:00.000Z,273.67,0,273.67,,,,ready,false,1,too_few_points,,chains_unrebuildable x27,2026-09-10T16:00:00.000Z,sampled x1,1,
kv4rl,k4rl,solana,1399811149,1,1,1,2026-09-10T16:00:00.000Z,273.67,2026-09-10T16:00:00.000Z,273.67,0,273.67,1.0000,0.4,,warming,false,1,warming,,,2026-09-10T16:00:00.000Z,sampled x1,1,
Reljoooo,Rell,(all chains),,1,28,28,2026-09-10T16:00:00.000Z,271.19,2026-09-10T16:00:00.000Z,271.19,0,271.19,,,,ready,false,1,too_few_points,,chains_unrebuildable x27,2026-09-10T16:00:00.000Z,sampled x1,2,
Reljoooo,Rell,ethereum,1,1,28,28,2026-09-10T16:00:00.000Z,269.56,2026-09-10T16:00:00.000Z,269.56,0,269.56,0.9940,0.6667,,ready,false,1,too_few_points,,(no reason given) x17; no_prices x10,2026-09-10T16:00:00.000Z,sampled x1,2,
Reljoooo,Rell,robinhood,4663,15,28,28,2026-08-14T00:00:00.000Z,7394.59,2026-09-10T16:00:00.000Z,1.63,28,1.63,0.0060,1,,warming,false,15,short_coverage,,no_prices x13,2026-09-10T16:00:00.000Z,rebuilt x14; sampled x1,2,
sol_lucky_,CryptoLucky,(all chains),,1,28,28,2026-09-10T16:00:00.000Z,263.80,2026-09-10T16:00:00.000Z,263.80,0,263.80,,,,ready,false,1,too_few_points,,chains_unrebuildable x27,2026-09-10T16:00:00.000Z,sampled x1,1,
sol_lucky_,CryptoLucky,ethereum,1,2,28,28,2026-09-09T00:00:00.000Z,0.00,2026-09-10T16:00:00.000Z,263.80,2,263.80,1.0000,0.2727,,ready,false,2,too_few_points,,no_prices x19; (no reason given) x7,2026-09-10T16:00:00.000Z,rebuilt x1; sampled x1,1,
0xSpanny,Spanny,(all chains),,1,28,28,2026-09-10T16:00:00.000Z,241.38,2026-09-10T16:00:00.000Z,241.38,0,241.38,,,,ready,false,1,too_few_points,,chains_unrebuildable x27,2026-09-10T16:00:00.000Z,sampled x1,2,
0xSpanny,Spanny,robinhood,4663,18,28,28,2026-08-21T00:00:00.000Z,1189.53,2026-09-10T16:00:00.000Z,241.38,21,241.38,1.0000,1,,warming,false,18,short_coverage,,no_prices x10,2026-09-10T16:00:00.000Z,rebuilt x17; sampled x1,2,
0xSpanny,Spanny,ethereum,1,0,28,28,,,,,0,,,0,no_prices,ready,false,0,no_prices,no_prices,(no reason given) x17; no_prices x11,2026-09-10T16:00:00.000Z,,2,
gmgn_exxklbp8v5,,(all chains),,1,1,1,2026-09-10T16:00:00.000Z,236.39,2026-09-10T16:00:00.000Z,236.39,0,236.39,,,,warming,false,1,warming,,,2026-09-10T16:00:00.000Z,sampled x1,1,
gmgn_exxklbp8v5,,solana,1399811149,1,1,1,2026-09-10T16:00:00.000Z,236.39,2026-09-10T16:00:00.000Z,236.39,0,236.39,1.0000,0.5714,,warming,false,1,warming,,,2026-09-10T16:00:00.000Z,sampled x1,1,
lucas_paixalc,2ucas.eth,(all chains),,5,28,28,2026-08-19T00:00:00.000Z,946.12,2026-09-10T16:00:00.000Z,235.36,23,235.36,,,,warming,false,5,short_coverage,,chains_unrebuildable x23,2026-09-10T16:00:00.000Z,rebuilt x4; sampled x1,1,
lucas_paixalc,2ucas.eth,ethereum,1,6,28,28,2026-08-19T00:00:00.000Z,0.10,2026-09-10T16:00:00.000Z,235.36,23,235.36,1.0000,0.4706,,warming,false,6,short_coverage,,no_prices x18; (no reason given) x4,2026-09-10T16:00:00.000Z,rebuilt x5; sampled x1,1,
gmgn_0x8d73a36d,,(all chains),,1,28,28,2026-09-10T16:00:00.000Z,227.54,2026-09-10T16:00:00.000Z,227.54,0,227.54,,,,ready,false,1,too_few_points,,chains_unrebuildable x27,2026-09-10T16:00:00.000Z,sampled x1,2,
gmgn_0x8d73a36d,,ethereum,1,2,28,28,2026-09-08T00:00:00.000Z,165.10,2026-09-10T16:00:00.000Z,227.08,3,227.08,0.9980,0.3333,,ready,false,2,too_few_points,,no_prices x18; (no reason given) x8,2026-09-10T16:00:00.000Z,rebuilt x1; sampled x1,2,
gmgn_0x8d73a36d,,bsc,56,6,28,28,2026-08-22T00:00:00.000Z,0.54,2026-09-10T16:00:00.000Z,0.45,20,0.45,0.0020,0.5,,warming,false,6,short_coverage,,(no reason given) x22,2026-09-10T16:00:00.000Z,rebuilt x5; sampled x1,2,
wsavas,wsavas.eth 👑,(all chains),,1,28,28,2026-09-10T16:00:00.000Z,224.32,2026-09-10T16:00:00.000Z,224.32,0,224.32,,,,ready,false,1,too_few_points,,chains_unrebuildable x27,2026-09-10T16:00:00.000Z,sampled x1,2,
wsavas,wsavas.eth 👑,robinhood,4663,28,28,28,2026-08-14T00:00:00.000Z,2005.90,2026-09-10T16:00:00.000Z,185.40,28,185.40,0.8265,0.3,,warming,false,28,short_coverage,,,2026-09-10T16:00:00.000Z,rebuilt x27; sampled x1,2,
wsavas,wsavas.eth 👑,ethereum,1,1,28,28,2026-09-10T16:00:00.000Z,38.93,2026-09-10T16:00:00.000Z,38.93,0,38.93,0.1735,0.4118,,ready,false,1,too_few_points,,no_prices x24; (no reason given) x3,2026-09-10T16:00:00.000Z,sampled x1,2,
WindowB64532,ilovemen,(all chains),,1,28,28,2026-09-10T16:00:00.000Z,199.26,2026-09-10T16:00:00.000Z,199.26,0,199.26,,,,ready,false,1,too_few_points,,chains_unrebuildable x27,2026-09-10T16:00:00.000Z,sampled x1,2,
WindowB64532,ilovemen,bsc,56,2,28,28,2026-09-09T00:00:00.000Z,1122.76,2026-09-10T16:00:00.000Z,199.26,2,199.26,1.0000,1,,ready,false,2,too_few_points,,(no reason given) x26,2026-09-10T16:00:00.000Z,rebuilt x1; sampled x1,2,
WindowB64532,ilovemen,ethereum,1,1,28,28,2026-09-09T00:00:00.000Z,3378.77,2026-09-09T00:00:00.000Z,3378.77,0,,,0,no_prices,ready,false,1,no_prices,no_prices,no_prices x11; (no reason given) x16,2026-09-10T16:00:00.000Z,rebuilt x1,2,
gmgn_0x67fcdf5e,,(all chains),,1,28,28,2026-09-10T16:00:00.000Z,182.88,2026-09-10T16:00:00.000Z,182.88,0,182.88,,,,ready,false,1,too_few_points,,chains_unrebuildable x27,2026-09-10T16:00:00.000Z,sampled x1,3,
gmgn_0x67fcdf5e,,ethereum,1,1,28,28,2026-09-10T16:00:00.000Z,169.11,2026-09-10T16:00:00.000Z,169.11,0,169.11,0.9247,0.5,,ready,false,1,too_few_points,,(no reason given) x17; no_prices x10,2026-09-10T16:00:00.000Z,sampled x1,3,
gmgn_0x67fcdf5e,,robinhood,4663,9,28,28,2026-08-15T00:00:00.000Z,153.88,2026-09-10T16:00:00.000Z,9.52,27,9.52,0.0521,1,,warming,false,9,short_coverage,,no_prices x19,2026-09-10T16:00:00.000Z,rebuilt x8; sampled x1,3,
gmgn_0x67fcdf5e,,bsc,56,2,28,28,2026-09-06T00:00:00.000Z,96.47,2026-09-10T16:00:00.000Z,4.25,5,4.25,0.0232,1,,ready,false,2,too_few_points,,(no reason given) x26,2026-09-10T16:00:00.000Z,rebuilt x1; sampled x1,3,
gmgn_0x466c34b6,,(all chains),,1,28,28,2026-09-10T16:00:00.000Z,177.54,2026-09-10T16:00:00.000Z,177.54,0,177.54,,,,ready,false,1,too_few_points,,chains_unrebuildable x27,2026-09-10T16:00:00.000Z,sampled x1,2,
gmgn_0x466c34b6,,ethereum,1,1,28,28,2026-09-10T16:00:00.000Z,176.20,2026-09-10T16:00:00.000Z,176.20,0,176.20,0.9925,0.5,,ready,false,1,too_few_points,,(no reason given) x19; no_prices x8,2026-09-10T16:00:00.000Z,sampled x1,2,
gmgn_0x466c34b6,,bsc,56,2,28,28,2026-09-09T00:00:00.000Z,1.92,2026-09-10T16:00:00.000Z,1.33,2,1.33,0.0075,0.5,,ready,false,2,too_few_points,,(no reason given) x26,2026-09-10T16:00:00.000Z,rebuilt x1; sampled x1,2,
Zemrics,Zemrics,(all chains),,1,28,28,2026-09-10T16:00:00.000Z,166.50,2026-09-10T16:00:00.000Z,166.50,0,166.50,,,,ready,false,1,too_few_points,,chains_unrebuildable x27,2026-09-10T16:00:00.000Z,sampled x1,2,
Zemrics,Zemrics,robinhood,4663,28,28,28,2026-08-14T00:00:00.000Z,106786.34,2026-09-10T16:00:00.000Z,166.40,28,166.40,0.9994,1,,warming,false,28,short_coverage,,,2026-09-10T16:00:00.000Z,rebuilt x27; sampled x1,2,
Zemrics,Zemrics,ethereum,1,1,28,28,2026-09-10T16:00:00.000Z,0.10,2026-09-10T16:00:00.000Z,0.10,0,0.10,0.0006,0.1667,,ready,false,1,too_few_points,,(no reason given) x17; no_prices x10,2026-09-10T16:00:00.000Z,sampled x1,2,
0xkuidian,葵殿,(all chains),,1,28,28,2026-09-10T16:00:00.000Z,159.30,2026-09-10T16:00:00.000Z,159.30,0,159.30,,,,ready,false,1,too_few_points,,chains_unrebuildable x27,2026-09-10T14:00:00.000Z,sampled x1,3,
0xkuidian,葵殿,ethereum,1,4,28,28,2026-08-14T00:00:00.000Z,155.86,2026-09-10T16:00:00.000Z,157.72,28,157.72,0.9901,0.4,,warming,false,4,short_coverage,,(no reason given) x14; no_prices x10,2026-09-10T14:00:00.000Z,rebuilt x3; sampled x1,3,
0xkuidian,葵殿,bsc,56,4,28,28,2026-08-29T00:00:00.000Z,2.27,2026-09-10T16:00:00.000Z,1.58,13,1.58,0.0099,1,,warming,false,4,short_coverage,,(no reason given) x24,2026-09-10T14:00:00.000Z,rebuilt x3; sampled x1,3,
0xkuidian,葵殿,robinhood,4663,1,28,28,2026-09-03T00:00:00.000Z,77.32,2026-09-03T00:00:00.000Z,77.32,0,,,0,no_prices,ready,false,1,no_prices,no_prices,no_prices x27,2026-09-10T14:00:00.000Z,rebuilt x1,3,
gmgn_0x8aa002b1,,(all chains),,9,28,28,2026-08-27T00:00:00.000Z,314.13,2026-09-10T16:00:00.000Z,144.03,15,144.03,,,,warming,false,9,short_coverage,,chains_unrebuildable x19,2026-09-10T16:00:00.000Z,rebuilt x8; sampled x1,1,
gmgn_0x8aa002b1,,robinhood,4663,9,28,28,2026-08-27T00:00:00.000Z,314.13,2026-09-10T16:00:00.000Z,144.03,15,144.03,1.0000,1,,warming,false,9,short_coverage,,no_prices x19,2026-09-10T16:00:00.000Z,rebuilt x8; sampled x1,1,
gmgn_2pzyqrvv7w,,(all chains),,28,28,28,2026-08-14T00:00:00.000Z,5714.60,2026-09-10T16:00:00.000Z,131.52,28,131.52,,,,warming,false,28,short_coverage,,,2026-09-10T16:00:00.000Z,rebuilt x27; sampled x1,1,
gmgn_2pzyqrvv7w,,solana,1399811149,1,1,1,2026-09-10T16:00:00.000Z,131.52,2026-09-10T16:00:00.000Z,131.52,0,131.52,1.0000,0.6154,,warming,false,1,warming,,,2026-09-10T16:00:00.000Z,sampled x1,1,
gmgn_0x9ec2f5e6,,(all chains),,5,28,28,2026-08-28T00:00:00.000Z,50.63,2026-09-10T16:00:00.000Z,130.00,14,130.00,,,,warming,false,5,short_coverage,,chains_unrebuildable x23,2026-09-10T16:00:00.000Z,rebuilt x4; sampled x1,3,
gmgn_0x9ec2f5e6,,robinhood,4663,16,28,28,2026-08-26T00:00:00.000Z,18.98,2026-09-10T16:00:00.000Z,58.98,16,58.98,0.4537,0.6667,,warming,false,16,short_coverage,,no_prices x12,2026-09-10T16:00:00.000Z,rebuilt x15; sampled x1,3,
gmgn_0x9ec2f5e6,,ethereum,1,9,28,28,2026-08-28T00:00:00.000Z,29.91,2026-09-10T16:00:00.000Z,38.88,14,38.88,0.2991,0.2727,,warming,false,9,short_coverage,,(no reason given) x16; no_prices x3,2026-09-10T16:00:00.000Z,rebuilt x8; sampled x1,3,
gmgn_0x9ec2f5e6,,bsc,56,9,28,28,2026-08-15T00:00:00.000Z,88.55,2026-09-10T16:00:00.000Z,32.14,27,32.14,0.2472,0.3333,,warming,false,9,short_coverage,,(no reason given) x16; no_prices x3,2026-09-10T16:00:00.000Z,rebuilt x8; sampled x1,3,
gmgn_0xb6413625,,(all chains),,8,28,28,2026-08-26T00:00:00.000Z,185.83,2026-09-10T16:00:00.000Z,129.20,16,129.20,,,,warming,false,8,short_coverage,,chains_unrebuildable x20,2026-09-10T16:00:00.000Z,rebuilt x7; sampled x1,1,
gmgn_0xb6413625,,robinhood,4663,16,28,28,2026-08-26T00:00:00.000Z,168.82,2026-09-10T16:00:00.000Z,129.20,16,129.20,1.0000,0.5,,warming,false,16,short_coverage,,no_prices x12,2026-09-10T16:00:00.000Z,rebuilt x15; sampled x1,1,
yodacalls,Yoda,(all chains),,3,28,28,2026-09-02T00:00:00.000Z,626.81,2026-09-10T16:00:00.000Z,126.74,9,126.74,,,,warming,false,3,short_coverage,,chains_unrebuildable x25,2026-09-10T16:00:00.000Z,rebuilt x2; sampled x1,2,
yodacalls,Yoda,ethereum,1,9,28,28,2026-08-21T00:00:00.000Z,500.61,2026-09-10T16:00:00.000Z,126.74,21,126.74,1.0000,0.25,,warming,false,9,short_coverage,,(no reason given) x13; no_prices x6,2026-09-10T16:00:00.000Z,rebuilt x8; sampled x1,2,
yodacalls,Yoda,robinhood,4663,17,28,28,2026-08-24T00:00:00.000Z,0.92,2026-09-09T00:00:00.000Z,7.40,16,,,0,no_prices,warming,false,17,short_coverage,no_prices,no_prices x11,2026-09-10T16:00:00.000Z,rebuilt x17,2,
gmgn_0x5c43ab26,,(all chains),,4,28,28,2026-08-30T00:00:00.000Z,299.09,2026-09-10T16:00:00.000Z,126.37,12,126.37,,,,warming,false,4,short_coverage,,chains_unrebuildable x24,2026-09-10T16:00:00.000Z,rebuilt x3; sampled x1,2,
gmgn_0x5c43ab26,,bsc,56,11,28,28,2026-08-16T00:00:00.000Z,5.13,2026-09-10T16:00:00.000Z,126.37,26,126.37,1.0000,1,,warming,false,11,short_coverage,,(no reason given) x17,2026-09-10T16:00:00.000Z,rebuilt x10; sampled x1,2,
gmgn_0x5c43ab26,,robinhood,4663,9,28,28,2026-08-30T00:00:00.000Z,299.09,2026-09-07T00:00:00.000Z,135.07,8,,,0,no_prices,warming,false,9,short_coverage,no_prices,no_prices x19,2026-09-10T16:00:00.000Z,rebuilt x9,2,
tdmilky,Tom,(all chains),,1,28,28,2026-09-10T16:00:00.000Z,108.17,2026-09-10T16:00:00.000Z,108.17,0,108.17,,,,ready,false,1,too_few_points,,chains_unrebuildable x27,2026-09-10T16:00:00.000Z,sampled x1,3,
tdmilky,Tom,robinhood,4663,20,28,28,2026-08-22T00:00:00.000Z,227.89,2026-09-10T16:00:00.000Z,95.58,20,95.58,0.8836,0.5,,warming,false,20,short_coverage,,no_prices x8,2026-09-10T16:00:00.000Z,rebuilt x19; sampled x1,3,
tdmilky,Tom,bsc,56,9,28,28,2026-08-15T00:00:00.000Z,106.11,2026-09-10T16:00:00.000Z,12.59,27,12.59,0.1164,1,,warming,false,9,short_coverage,,(no reason given) x19,2026-09-10T16:00:00.000Z,rebuilt x8; sampled x1,3,
tdmilky,Tom,ethereum,1,1,28,28,2026-08-30T00:00:00.000Z,68.26,2026-08-30T00:00:00.000Z,68.26,0,,,0,no_prices,ready,false,1,no_prices,no_prices,no_prices x4; (no reason given) x23,2026-09-10T16:00:00.000Z,rebuilt x1,3,
YYzzy_diamond,YYYzzy | GDC,(all chains),,1,28,28,2026-09-10T16:00:00.000Z,92.27,2026-09-10T16:00:00.000Z,92.27,0,92.27,,,,ready,false,1,too_few_points,,chains_unrebuildable x27,2026-09-10T16:00:00.000Z,sampled x1,1,
YYzzy_diamond,YYYzzy | GDC,ethereum,1,1,28,28,2026-09-10T16:00:00.000Z,92.27,2026-09-10T16:00:00.000Z,92.27,0,92.27,1.0000,0.4,,ready,false,1,too_few_points,,no_prices x18; (no reason given) x9,2026-09-10T16:00:00.000Z,sampled x1,1,
shenron__1,Shenron 🐉,(all chains),,1,28,28,2026-09-10T16:00:00.000Z,78.51,2026-09-10T16:00:00.000Z,78.51,0,78.51,,,,ready,false,1,too_few_points,,chains_unrebuildable x27,2026-09-10T16:00:00.000Z,sampled x1,3,
shenron__1,Shenron 🐉,robinhood,4663,24,28,28,2026-08-14T00:00:00.000Z,95.20,2026-09-10T16:00:00.000Z,76.21,28,76.21,0.9708,0.7778,,warming,false,24,short_coverage,,no_prices x4,2026-09-10T16:00:00.000Z,rebuilt x23; sampled x1,3,
shenron__1,Shenron 🐉,ethereum,1,1,28,28,2026-09-10T16:00:00.000Z,2.29,2026-09-10T16:00:00.000Z,2.29,0,2.29,0.0292,0.3514,,ready,false,1,too_few_points,,no_prices x27,2026-09-10T16:00:00.000Z,sampled x1,3,
shenron__1,Shenron 🐉,bsc,56,5,28,28,2026-08-19T00:00:00.000Z,5.12,2026-09-10T16:00:00.000Z,0.00,23,0.00,0.0000,0.5,,warming,false,5,short_coverage,,(no reason given) x21; no_prices x2,2026-09-10T16:00:00.000Z,rebuilt x4; sampled x1,3,
gmgn_0x2cb0d981,,(all chains),,1,28,28,2026-09-10T16:00:00.000Z,75.35,2026-09-10T16:00:00.000Z,75.35,0,75.35,,,,ready,false,1,too_few_points,,chains_unrebuildable x27,2026-09-10T16:00:00.000Z,sampled x1,3,
gmgn_0x2cb0d981,,bsc,56,2,28,28,2026-09-07T00:00:00.000Z,4506.13,2026-09-10T16:00:00.000Z,75.35,4,75.35,1.0000,1,,ready,false,2,too_few_points,,(no reason given) x26,2026-09-10T16:00:00.000Z,rebuilt x1; sampled x1,3,
gmgn_0x2cb0d981,,ethereum,1,3,28,28,2026-08-19T00:00:00.000Z,0.00,2026-09-10T16:00:00.000Z,0.00,23,0.00,0.0000,0.3333,,warming,false,3,short_coverage,,no_prices x12; (no reason given) x13,2026-09-10T16:00:00.000Z,rebuilt x2; sampled x1,3,
gmgn_0x2cb0d981,,robinhood,4663,13,28,28,2026-08-14T00:00:00.000Z,27.35,2026-09-05T00:00:00.000Z,588.18,22,,,0,no_prices,warming,false,13,short_coverage,no_prices,no_prices x15,2026-09-10T16:00:00.000Z,rebuilt x13,3,
0xfanfanfan,凡(薄肌版),(all chains),,1,28,28,2026-09-10T16:00:00.000Z,63.36,2026-09-10T16:00:00.000Z,63.36,0,63.36,,,,ready,false,1,too_few_points,,chains_unrebuildable x27,2026-09-10T14:00:00.000Z,sampled x1,2,
0xfanfanfan,凡(薄肌版),ethereum,1,1,28,28,2026-09-10T16:00:00.000Z,63.36,2026-09-10T16:00:00.000Z,63.36,0,63.36,1.0000,1,,ready,false,1,too_few_points,,no_prices x4; (no reason given) x23,2026-09-10T14:00:00.000Z,sampled x1,2,
0xfanfanfan,凡(薄肌版),bsc,56,8,28,28,2026-08-15T00:00:00.000Z,0.00,2026-09-10T16:00:00.000Z,0.00,27,0.00,0.0000,1,,warming,false,8,short_coverage,,(no reason given) x20,2026-09-10T14:00:00.000Z,rebuilt x7; sampled x1,2,
gmgn_0xc615a99f,,(all chains),,8,28,28,2026-08-31T00:00:00.000Z,12703.14,2026-09-10T16:00:00.000Z,59.68,11,59.68,,,,warming,false,8,short_coverage,,chains_unrebuildable x20,2026-09-10T16:00:00.000Z,rebuilt x7; sampled x1,1,
gmgn_0xc615a99f,,ethereum,1,8,28,28,2026-08-31T00:00:00.000Z,12703.14,2026-09-10T16:00:00.000Z,59.68,11,59.68,1.0000,0.25,,warming,false,8,short_coverage,,(no reason given) x7; no_prices x13,2026-09-10T16:00:00.000Z,rebuilt x7; sampled x1,1,
xlxl114,加密帅,(all chains),,1,28,28,2026-09-10T16:00:00.000Z,57.90,2026-09-10T16:00:00.000Z,57.90,0,57.90,,,,ready,false,1,too_few_points,,chains_unrebuildable x27,2026-09-10T16:00:00.000Z,sampled x1,1,
xlxl114,加密帅,robinhood,4663,11,28,28,2026-08-19T00:00:00.000Z,79.04,2026-09-10T16:00:00.000Z,57.90,23,57.90,1.0000,1,,warming,false,11,short_coverage,,no_prices x17,2026-09-10T16:00:00.000Z,rebuilt x10; sampled x1,1,
definalist,Definalist,(all chains),,1,28,28,2026-09-10T16:00:00.000Z,52.95,2026-09-10T16:00:00.000Z,52.95,0,52.95,,,,ready,false,1,too_few_points,,chains_unrebuildable x27,2026-09-10T16:00:00.000Z,sampled x1,2,
definalist,Definalist,ethereum,1,8,28,28,2026-08-18T00:00:00.000Z,0.00,2026-09-10T16:00:00.000Z,52.95,24,52.95,1.0000,0.5,,warming,false,8,short_coverage,,no_prices x10; (no reason given) x10,2026-09-10T16:00:00.000Z,rebuilt x7; sampled x1,2,
definalist,Definalist,base,8453,0,1,1,,,,,0,,,0,no_prices,ready,false,0,no_prices,no_prices,no_prices x1,2026-09-10T16:00:00.000Z,,2,
WuKong365,WuKong,(all chains),,1,28,28,2026-09-10T16:00:00.000Z,52.94,2026-09-10T16:00:00.000Z,52.94,0,52.94,,,,ready,false,1,too_few_points,,chains_unrebuildable x27,2026-09-10T16:00:00.000Z,sampled x1,2,
WuKong365,WuKong,bsc,56,9,28,28,2026-08-17T00:00:00.000Z,161.70,2026-09-10T16:00:00.000Z,46.55,25,46.55,0.8793,1,,warming,false,9,short_coverage,,(no reason given) x14; no_prices x5,2026-09-10T16:00:00.000Z,rebuilt x8; sampled x1,2,
WuKong365,WuKong,ethereum,1,4,28,28,2026-08-24T00:00:00.000Z,2.47,2026-09-10T16:00:00.000Z,6.39,18,6.39,0.1207,1,,warming,false,4,short_coverage,,(no reason given) x24,2026-09-10T16:00:00.000Z,rebuilt x3; sampled x1,2,
Avin_lucia,Avin ☀️🌙⭐️,(all chains),,1,28,28,2026-09-10T16:00:00.000Z,47.35,2026-09-10T16:00:00.000Z,47.35,0,47.35,,,,ready,false,1,too_few_points,,chains_unrebuildable x27,2026-09-10T16:00:00.000Z,sampled x1,3,
Avin_lucia,Avin ☀️🌙⭐️,robinhood,4663,9,28,28,2026-09-02T00:00:00.000Z,0.00,2026-09-10T16:00:00.000Z,47.35,9,47.35,1.0000,0.8,,warming,false,9,short_coverage,,no_prices x19,2026-09-10T16:00:00.000Z,rebuilt x8; sampled x1,3,
Avin_lucia,Avin ☀️🌙⭐️,ethereum,1,1,28,28,2026-09-10T16:00:00.000Z,0.00,2026-09-10T16:00:00.000Z,0.00,0,0.00,0.0000,1,,ready,false,1,too_few_points,,(no reason given) x23; no_prices x4,2026-09-10T16:00:00.000Z,sampled x1,3,
Avin_lucia,Avin ☀️🌙⭐️,bsc,56,1,28,28,2026-09-04T00:00:00.000Z,0.00,2026-09-04T00:00:00.000Z,0.00,0,,,0,no_prices,ready,false,1,no_prices,no_prices,(no reason given) x22; no_prices x5,2026-09-10T16:00:00.000Z,rebuilt x1,3,
gmgn_0x00b7a082,,(all chains),,1,28,28,2026-09-10T16:00:00.000Z,45.83,2026-09-10T16:00:00.000Z,45.83,0,45.83,,,,ready,false,1,too_few_points,,chains_unrebuildable x27,2026-09-10T16:00:00.000Z,sampled x1,1,
gmgn_0x00b7a082,,bsc,56,3,28,28,2026-08-27T00:00:00.000Z,37.36,2026-09-10T16:00:00.000Z,45.83,15,45.83,1.0000,1,,warming,false,3,short_coverage,,(no reason given) x25,2026-09-10T16:00:00.000Z,rebuilt x2; sampled x1,1,
JeetRex,Jeet,(all chains),,1,28,28,2026-09-10T16:00:00.000Z,45.35,2026-09-10T16:00:00.000Z,45.35,0,45.35,,,,ready,false,1,too_few_points,,chains_unrebuildable x27,2026-09-10T16:00:00.000Z,sampled x1,2,
JeetRex,Jeet,robinhood,4663,28,28,28,2026-08-14T00:00:00.000Z,29.32,2026-09-10T16:00:00.000Z,45.35,28,45.35,1.0000,0.3333,,warming,false,28,short_coverage,,,2026-09-10T16:00:00.000Z,rebuilt x27; sampled x1,2,
JeetRex,Jeet,ethereum,1,0,28,28,,,,,0,,,0,no_prices,ready,false,0,no_prices,no_prices,(no reason given) x20; no_prices x8,2026-09-10T16:00:00.000Z,,2,
gmgn_0x08b91ebe,,(all chains),,5,28,28,2026-08-25T00:00:00.000Z,20.20,2026-09-10T16:00:00.000Z,34.15,17,34.15,,,,warming,false,5,short_coverage,,chains_unrebuildable x23,2026-09-10T16:00:00.000Z,rebuilt x4; sampled x1,2,
gmgn_0x08b91ebe,,bsc,56,10,28,28,2026-08-19T00:00:00.000Z,922.99,2026-09-10T16:00:00.000Z,26.48,23,26.48,0.7754,1,,warming,false,10,short_coverage,,(no reason given) x18,2026-09-10T16:00:00.000Z,rebuilt x9; sampled x1,2,
gmgn_0x08b91ebe,,robinhood,4663,12,28,28,2026-08-25T00:00:00.000Z,0.00,2026-09-10T16:00:00.000Z,7.67,17,7.67,0.2246,0.4286,,warming,false,12,short_coverage,,no_prices x16,2026-09-10T16:00:00.000Z,rebuilt x11; sampled x1,2,
gmgn_0x1f6281c8,,(all chains),,2,28,28,2026-09-06T00:00:00.000Z,1871.88,2026-09-10T16:00:00.000Z,25.40,5,25.40,,,,ready,false,2,too_few_points,,chains_unrebuildable x26,2026-09-10T16:00:00.000Z,rebuilt x1; sampled x1,3,
gmgn_0x1f6281c8,,bsc,56,3,28,28,2026-09-06T00:00:00.000Z,768.34,2026-09-10T16:00:00.000Z,19.90,5,19.90,0.7835,1,,warming,false,3,short_coverage,,(no reason given) x25,2026-09-10T16:00:00.000Z,rebuilt x2; sampled x1,3,
gmgn_0x1f6281c8,,robinhood,4663,28,28,28,2026-08-14T00:00:00.000Z,13.25,2026-09-10T16:00:00.000Z,4.45,28,4.45,0.1752,1,,warming,false,28,short_coverage,,,2026-09-10T16:00:00.000Z,rebuilt x27; sampled x1,3,
gmgn_0x1f6281c8,,ethereum,1,6,28,28,2026-08-15T00:00:00.000Z,43.62,2026-09-10T16:00:00.000Z,1.05,27,1.05,0.0413,0.5,,warming,false,6,short_coverage,,no_prices x11; (no reason given) x11,2026-09-10T16:00:00.000Z,rebuilt x5; sampled x1,3,
gmgn_0x886bf37b,,(all chains),,2,28,28,2026-08-30T00:00:00.000Z,4.85,2026-09-10T16:00:00.000Z,24.33,12,24.33,,,,ready,false,2,too_few_points,,chains_unrebuildable x26,2026-09-10T16:00:00.000Z,rebuilt x1; sampled x1,1,
gmgn_0x886bf37b,,robinhood,4663,25,28,28,2026-08-14T00:00:00.000Z,1.49,2026-09-10T16:00:00.000Z,24.33,28,24.33,1.0000,1,,warming,false,25,short_coverage,,no_prices x3,2026-09-10T16:00:00.000Z,rebuilt x24; sampled x1,1,
gmgn_8fmq3kz6cn,,(all chains),,28,28,28,2026-08-14T00:00:00.000Z,16.82,2026-09-10T16:00:00.000Z,22.16,28,22.16,,,,warming,false,28,short_coverage,,,2026-09-10T16:00:00.000Z,rebuilt x27; sampled x1,1,
gmgn_8fmq3kz6cn,,solana,1399811149,28,28,28,2026-08-14T00:00:00.000Z,16.82,2026-09-10T16:00:00.000Z,22.16,28,22.16,1.0000,1,,warming,false,28,short_coverage,,,2026-09-10T16:00:00.000Z,rebuilt x27; sampled x1,1,
derekbrown,Derek Brown,(all chains),,1,28,28,2026-09-10T16:00:00.000Z,21.47,2026-09-10T16:00:00.000Z,21.47,0,21.47,,,,ready,false,1,too_few_points,,chains_unrebuildable x27,2026-09-10T16:00:00.000Z,sampled x1,1,
derekbrown,Derek Brown,ethereum,1,7,28,28,2026-08-14T00:00:00.000Z,2.79,2026-09-10T16:00:00.000Z,21.47,28,21.47,1.0000,1,,warming,false,7,short_coverage,,(no reason given) x21,2026-09-10T16:00:00.000Z,rebuilt x6; sampled x1,1,
gmgn_0xc84248de,,(all chains),,1,28,28,2026-09-10T16:00:00.000Z,18.66,2026-09-10T16:00:00.000Z,18.66,0,18.66,,,,ready,false,1,too_few_points,,chains_unrebuildable x27,2026-09-10T16:00:00.000Z,sampled x1,1,
gmgn_0xc84248de,,bsc,56,1,1,1,2026-09-10T16:00:00.000Z,18.66,2026-09-10T16:00:00.000Z,18.66,0,18.66,1.0000,1,,warming,false,1,warming,,,2026-09-10T16:00:00.000Z,sampled x1,1,
Leloucharc,Lelouch,(all chains),,21,28,28,2026-08-21T00:00:00.000Z,0.00,2026-09-10T16:00:00.000Z,12.46,21,12.46,,,,warming,false,21,short_coverage,,chains_unrebuildable x7,2026-09-10T16:00:00.000Z,rebuilt x20; sampled x1,1,
Leloucharc,Lelouch,robinhood,4663,21,28,28,2026-08-21T00:00:00.000Z,0.00,2026-09-10T16:00:00.000Z,12.46,21,12.46,1.0000,0.25,,warming,false,21,short_coverage,,no_prices x7,2026-09-10T16:00:00.000Z,rebuilt x20; sampled x1,1,
gmgn_4h83jtypaj,,(all chains),,28,28,28,2026-08-14T00:00:00.000Z,8.80,2026-09-10T16:00:00.000Z,11.11,28,11.11,,,,warming,false,28,short_coverage,,,2026-09-10T16:00:00.000Z,rebuilt x27; sampled x1,1,
gmgn_4h83jtypaj,,solana,1399811149,28,28,28,2026-08-14T00:00:00.000Z,8.80,2026-09-10T16:00:00.000Z,11.11,28,11.11,1.0000,0.75,,warming,false,28,short_coverage,,,2026-09-10T16:00:00.000Z,rebuilt x27; sampled x1,1,
gmgn_0x13086564,,(all chains),,4,28,28,2026-09-07T00:00:00.000Z,91.39,2026-09-10T16:00:00.000Z,9.70,4,9.70,,,,warming,false,4,short_coverage,,chains_unrebuildable x24,2026-09-10T16:00:00.000Z,rebuilt x3; sampled x1,1,
gmgn_0x13086564,,robinhood,4663,4,28,28,2026-09-07T00:00:00.000Z,91.39,2026-09-10T16:00:00.000Z,9.70,4,9.70,1.0000,1,,warming,false,4,short_coverage,,no_prices x24,2026-09-10T16:00:00.000Z,rebuilt x3; sampled x1,1,
drama_moscow,DRAMA❤️,(all chains),,1,28,28,2026-09-10T16:00:00.000Z,9.66,2026-09-10T16:00:00.000Z,9.66,0,9.66,,,,ready,false,1,too_few_points,,chains_unrebuildable x27,2026-09-10T16:00:00.000Z,sampled x1,3,
drama_moscow,DRAMA❤️,ethereum,1,13,28,28,2026-08-19T00:00:00.000Z,0.00,2026-09-10T16:00:00.000Z,9.58,23,9.58,0.9917,0.3846,,warming,false,13,short_coverage,,no_prices x14; (no reason given) x1,2026-09-10T16:00:00.000Z,rebuilt x12; sampled x1,3,
drama_moscow,DRAMA❤️,bsc,56,1,28,28,2026-09-10T16:00:00.000Z,0.06,2026-09-10T16:00:00.000Z,0.06,0,0.06,0.0062,0.1667,,ready,false,1,too_few_points,,(no reason given) x10; no_prices x17,2026-09-10T16:00:00.000Z,sampled x1,3,
drama_moscow,DRAMA❤️,robinhood,4663,28,28,28,2026-08-14T00:00:00.000Z,1767.85,2026-09-10T16:00:00.000Z,0.02,28,0.02,0.0021,1,,warming,false,28,short_coverage,,,2026-09-10T16:00:00.000Z,rebuilt x27; sampled x1,3,
Yizhimao_super,猫叔.𝓒𝓪𝓶𝓮𝓵𝓵𝓲𝓪,(all chains),,1,28,28,2026-09-10T16:00:00.000Z,7.01,2026-09-10T16:00:00.000Z,7.01,0,7.01,,,,ready,false,1,too_few_points,,chains_unrebuildable x27,2026-09-10T16:00:00.000Z,sampled x1,2,
Yizhimao_super,猫叔.𝓒𝓪𝓶𝓮𝓵𝓵𝓲𝓪,bsc,56,1,28,28,2026-09-10T16:00:00.000Z,7.01,2026-09-10T16:00:00.000Z,7.01,0,7.01,1.0000,0.75,,ready,false,1,too_few_points,,(no reason given) x27,2026-09-10T16:00:00.000Z,sampled x1,2,
Yizhimao_super,猫叔.𝓒𝓪𝓶𝓮𝓵𝓵𝓲𝓪,robinhood,4663,2,28,28,2026-09-06T00:00:00.000Z,9.75,2026-09-10T16:00:00.000Z,0.00,5,0.00,0.0000,0.5,,ready,false,2,too_few_points,,no_prices x26,2026-09-10T16:00:00.000Z,rebuilt x1; sampled x1,2,
gmgn_0xfcd31202,,(all chains),,16,28,28,2026-08-20T00:00:00.000Z,0.01,2026-09-10T16:00:00.000Z,6.97,22,6.97,,,,warming,false,16,short_coverage,,chains_unrebuildable x12,2026-09-10T16:00:00.000Z,rebuilt x15; sampled x1,1,
gmgn_0xfcd31202,,ethereum,1,16,28,28,2026-08-20T00:00:00.000Z,0.01,2026-09-10T16:00:00.000Z,6.97,22,6.97,1.0000,0.5714,,warming,false,16,short_coverage,,(no reason given) x10; no_prices x2,2026-09-10T16:00:00.000Z,rebuilt x15; sampled x1,1,
tranc3y,trancey🐂,(all chains),,1,1,1,2026-09-10T16:00:00.000Z,6.48,2026-09-10T16:00:00.000Z,6.48,0,6.48,,,,warming,false,1,warming,,,2026-09-10T16:00:00.000Z,sampled x1,1,
tranc3y,trancey🐂,solana,1399811149,1,1,1,2026-09-10T16:00:00.000Z,6.48,2026-09-10T16:00:00.000Z,6.48,0,6.48,1.0000,0.5,,warming,false,1,warming,,,2026-09-10T16:00:00.000Z,sampled x1,1,
gmgn_0xe4c66db1,,(all chains),,1,28,28,2026-09-10T16:00:00.000Z,5.69,2026-09-10T16:00:00.000Z,5.69,0,5.69,,,,ready,false,1,too_few_points,,chains_unrebuildable x27,2026-09-10T16:00:00.000Z,sampled x1,2,
gmgn_0xe4c66db1,,bsc,56,2,28,28,2026-09-03T00:00:00.000Z,2.04,2026-09-10T16:00:00.000Z,5.69,8,5.69,1.0000,1,,ready,false,2,too_few_points,,(no reason given) x26,2026-09-10T16:00:00.000Z,rebuilt x1; sampled x1,2,
gmgn_0xe4c66db1,,ethereum,1,1,28,28,2026-09-03T00:00:00.000Z,238.42,2026-09-03T00:00:00.000Z,238.42,0,,,0,no_prices,ready,false,1,no_prices,no_prices,(no reason given) x26; no_prices x1,2026-09-10T16:00:00.000Z,rebuilt x1,2,
gmgn_0x0fa3a520,,(all chains),,2,28,28,2026-09-09T00:00:00.000Z,883.75,2026-09-10T16:00:00.000Z,5.52,2,5.52,,,,ready,false,2,too_few_points,,chains_unrebuildable x26,2026-09-10T16:00:00.000Z,rebuilt x1; sampled x1,2,
gmgn_0x0fa3a520,,bsc,56,3,28,28,2026-08-17T00:00:00.000Z,0.00,2026-09-10T16:00:00.000Z,5.52,25,5.52,1.0000,1,,warming,false,3,short_coverage,,(no reason given) x24; no_prices x1,2026-09-10T16:00:00.000Z,rebuilt x2; sampled x1,2,
gmgn_0x0fa3a520,,robinhood,4663,17,28,28,2026-08-24T00:00:00.000Z,0.77,2026-09-09T00:00:00.000Z,858.80,16,,,0,no_prices,warming,false,17,short_coverage,no_prices,no_prices x11,2026-09-10T16:00:00.000Z,rebuilt x17,2,
wnggngdn119805,和联胜-刘华强,(all chains),,4,28,28,2026-09-01T00:00:00.000Z,2.55,2026-09-10T16:00:00.000Z,4.96,10,4.96,,,,warming,false,4,short_coverage,,chains_unrebuildable x24,2026-09-10T16:00:00.000Z,rebuilt x3; sampled x1,1,
wnggngdn119805,和联胜-刘华强,bsc,56,9,28,28,2026-08-15T00:00:00.000Z,0.00,2026-09-10T16:00:00.000Z,4.96,27,4.96,1.0000,1,,warming,false,9,short_coverage,,(no reason given) x19,2026-09-10T16:00:00.000Z,rebuilt x8; sampled x1,1,
YE9955968232783,叶星星,(all chains),,1,28,28,2026-09-10T16:00:00.000Z,4.89,2026-09-10T16:00:00.000Z,4.89,0,4.89,,,,ready,false,1,too_few_points,,chains_unrebuildable x27,2026-09-10T16:00:00.000Z,sampled x1,3,
YE9955968232783,叶星星,bsc,56,7,28,28,2026-08-18T00:00:00.000Z,5.91,2026-09-10T16:00:00.000Z,3.44,24,3.44,0.7020,1,,warming,false,7,short_coverage,,(no reason given) x21,2026-09-10T16:00:00.000Z,rebuilt x6; sampled x1,3,
YE9955968232783,叶星星,robinhood,4663,15,28,28,2026-08-27T00:00:00.000Z,0.00,2026-09-10T16:00:00.000Z,0.98,15,0.98,0.2000,0.4,,warming,false,15,short_coverage,,no_prices x13,2026-09-10T16:00:00.000Z,rebuilt x14; sampled x1,3,
YE9955968232783,叶星星,ethereum,1,1,28,28,2026-09-10T16:00:00.000Z,0.48,2026-09-10T16:00:00.000Z,0.48,0,0.48,0.0980,0.5,,ready,false,1,too_few_points,,(no reason given) x16; no_prices x11,2026-09-10T16:00:00.000Z,sampled x1,3,
gmgn_0x76377446,,(all chains),,4,28,28,2026-09-02T00:00:00.000Z,3.54,2026-09-10T16:00:00.000Z,4.62,9,4.62,,,,warming,false,4,short_coverage,,chains_unrebuildable x24,2026-09-10T16:00:00.000Z,rebuilt x3; sampled x1,1,
gmgn_0x76377446,,robinhood,4663,10,28,28,2026-08-31T00:00:00.000Z,3.29,2026-09-10T16:00:00.000Z,4.62,11,4.62,1.0000,1,,warming,false,10,short_coverage,,no_prices x18,2026-09-10T16:00:00.000Z,rebuilt x9; sampled x1,1,
XIGUA0903,西瓜🔶BNB,(all chains),,1,28,28,2026-09-10T16:00:00.000Z,4.23,2026-09-10T16:00:00.000Z,4.23,0,4.23,,,,ready,false,1,too_few_points,,chains_unrebuildable x27,2026-09-10T16:00:00.000Z,sampled x1,3,
XIGUA0903,西瓜🔶BNB,robinhood,4663,28,28,28,2026-08-14T00:00:00.000Z,18.82,2026-09-10T16:00:00.000Z,4.03,28,4.03,0.9527,0.5,,warming,false,28,short_coverage,,,2026-09-10T16:00:00.000Z,rebuilt x27; sampled x1,3,
XIGUA0903,西瓜🔶BNB,bsc,56,6,28,28,2026-08-19T00:00:00.000Z,0.31,2026-09-10T16:00:00.000Z,0.20,23,0.20,0.0473,1,,warming,false,6,short_coverage,,(no reason given) x22,2026-09-10T16:00:00.000Z,rebuilt x5; sampled x1,3,
XIGUA0903,西瓜🔶BNB,ethereum,1,2,28,28,2026-08-20T00:00:00.000Z,178.50,2026-08-24T00:00:00.000Z,236.99,4,,,0,no_prices,ready,false,2,no_prices,no_prices,no_prices x20; (no reason given) x6,2026-09-10T16:00:00.000Z,rebuilt x2,3,
baolingD,宝灵灯C🟥,(all chains),,2,28,28,2026-09-09T00:00:00.000Z,1334.67,2026-09-10T16:00:00.000Z,3.98,2,3.98,,,,ready,false,2,too_few_points,,chains_unrebuildable x26,2026-09-10T16:00:00.000Z,rebuilt x1; sampled x1,2,
baolingD,宝灵灯C🟥,bsc,56,3,28,28,2026-08-23T00:00:00.000Z,1.40,2026-09-10T16:00:00.000Z,3.98,19,3.98,1.0000,1,,warming,false,3,short_coverage,,(no reason given) x25,2026-09-10T16:00:00.000Z,rebuilt x2; sampled x1,2,
baolingD,宝灵灯C🟥,robinhood,4663,9,28,28,2026-08-30T00:00:00.000Z,15820.26,2026-09-09T00:00:00.000Z,1328.92,10,,,0,no_prices,warming,false,9,short_coverage,no_prices,no_prices x19,2026-09-10T16:00:00.000Z,rebuilt x9,2,
AnselFang,lonewolf孤狼,(all chains),,1,28,28,2026-09-10T16:00:00.000Z,3.66,2026-09-10T16:00:00.000Z,3.66,0,3.66,,,,ready,false,1,too_few_points,,chains_unrebuildable x27,2026-09-10T16:00:00.000Z,sampled x1,3,
AnselFang,lonewolf孤狼,ethereum,1,1,1,1,2026-09-10T16:00:00.000Z,3.17,2026-09-10T16:00:00.000Z,3.17,0,3.17,0.8661,1,,warming,false,1,warming,,,2026-09-10T16:00:00.000Z,sampled x1,3,
AnselFang,lonewolf孤狼,bsc,56,6,28,28,2026-09-01T00:00:00.000Z,28.67,2026-09-10T16:00:00.000Z,0.46,10,0.46,0.1257,1,,warming,false,6,short_coverage,,(no reason given) x22,2026-09-10T16:00:00.000Z,rebuilt x5; sampled x1,3,
AnselFang,lonewolf孤狼,robinhood,4663,9,28,28,2026-09-02T00:00:00.000Z,826549.57,2026-09-10T16:00:00.000Z,0.03,9,0.03,0.0082,1,,warming,false,9,short_coverage,,no_prices x19,2026-09-10T16:00:00.000Z,rebuilt x8; sampled x1,3,
gmgn_4szf8smppr,,(all chains),,28,28,28,2026-08-14T00:00:00.000Z,18.61,2026-09-10T16:00:00.000Z,2.78,28,2.78,,,,warming,false,28,short_coverage,,,2026-09-10T16:00:00.000Z,rebuilt x27; sampled x1,1,
gmgn_4szf8smppr,,solana,1399811149,28,28,28,2026-08-14T00:00:00.000Z,18.61,2026-09-10T16:00:00.000Z,2.78,28,2.78,1.0000,0.6,,warming,false,28,short_coverage,,,2026-09-10T16:00:00.000Z,rebuilt x27; sampled x1,1,
gmgn_0x0e7800e3,,(all chains),,1,28,28,2026-09-10T16:00:00.000Z,2.64,2026-09-10T16:00:00.000Z,2.64,0,2.64,,,,ready,false,1,too_few_points,,chains_unrebuildable x27,2026-09-10T16:00:00.000Z,sampled x1,1,
gmgn_0x0e7800e3,,ethereum,1,1,28,28,2026-09-10T16:00:00.000Z,2.64,2026-09-10T16:00:00.000Z,2.64,0,2.64,1.0000,0.2857,,ready,false,1,too_few_points,,(no reason given) x12; no_prices x15,2026-09-10T16:00:00.000Z,sampled x1,1,
huangdidimeme,皇弟弟爱地球🌏,(all chains),,1,28,28,2026-09-10T16:00:00.000Z,2.25,2026-09-10T16:00:00.000Z,2.25,0,2.25,,,,ready,false,1,too_few_points,,chains_unrebuildable x27,2026-09-10T16:00:00.000Z,sampled x1,3,
huangdidimeme,皇弟弟爱地球🌏,ethereum,1,1,28,28,2026-09-10T16:00:00.000Z,2.03,2026-09-10T16:00:00.000Z,2.03,0,2.03,0.9022,1,,ready,false,1,too_few_points,,(no reason given) x18; no_prices x9,2026-09-10T16:00:00.000Z,sampled x1,3,
huangdidimeme,皇弟弟爱地球🌏,bsc,56,14,28,28,2026-08-17T00:00:00.000Z,302.51,2026-09-10T16:00:00.000Z,0.22,25,0.22,0.0978,1,,warming,false,14,short_coverage,,(no reason given) x11; no_prices x3,2026-09-10T16:00:00.000Z,rebuilt x13; sampled x1,3,
huangdidimeme,皇弟弟爱地球🌏,robinhood,4663,11,28,28,2026-08-30T00:00:00.000Z,189.44,2026-09-09T00:00:00.000Z,7551.11,10,,,0,no_prices,warming,false,11,short_coverage,no_prices,no_prices x17,2026-09-10T16:00:00.000Z,rebuilt x11,3,
gmgn_0x7586854e,,(all chains),,4,28,28,2026-08-20T00:00:00.000Z,0.00,2026-09-10T16:00:00.000Z,1.93,22,1.93,,,,warming,false,4,short_coverage,,chains_unrebuildable x24,2026-09-10T16:00:00.000Z,rebuilt x3; sampled x1,2,
gmgn_0x7586854e,,robinhood,4663,28,28,28,2026-08-14T00:00:00.000Z,0.00,2026-09-10T16:00:00.000Z,1.93,28,1.93,1.0000,1,,warming,false,28,short_coverage,,,2026-09-10T16:00:00.000Z,rebuilt x27; sampled x1,2,
gmgn_0x7586854e,,ethereum,1,3,28,28,2026-08-20T00:00:00.000Z,0.00,2026-09-01T00:00:00.000Z,0.00,12,,,0,no_prices,warming,false,3,short_coverage,no_prices,(no reason given) x22; no_prices x3,2026-09-10T16:00:00.000Z,rebuilt x3,2,
pheromones_sol,Phero.hl,(all chains),,1,28,28,2026-09-10T16:00:00.000Z,1.79,2026-09-10T16:00:00.000Z,1.79,0,1.79,,,,ready,false,1,too_few_points,,chains_unrebuildable x27,2026-09-10T16:00:00.000Z,sampled x1,1,
pheromones_sol,Phero.hl,ethereum,1,2,28,28,2026-09-08T00:00:00.000Z,941.87,2026-09-10T16:00:00.000Z,1.79,3,1.79,1.0000,1,,ready,false,2,too_few_points,,(no reason given) x26,2026-09-10T16:00:00.000Z,rebuilt x1; sampled x1,1,
LuxkyVN,Lxcky,(all chains),,1,28,28,2026-09-10T16:00:00.000Z,1.68,2026-09-10T16:00:00.000Z,1.68,0,1.68,,,,ready,false,1,too_few_points,,chains_unrebuildable x27,2026-09-10T16:00:00.000Z,sampled x1,3,
LuxkyVN,Lxcky,ethereum,1,1,28,28,2026-09-10T16:00:00.000Z,1.59,2026-09-10T16:00:00.000Z,1.59,0,1.59,0.9464,1,,ready,false,1,too_few_points,,(no reason given) x21; no_prices x6,2026-09-10T16:00:00.000Z,sampled x1,3,
LuxkyVN,Lxcky,bsc,56,15,28,28,2026-08-14T00:00:00.000Z,0.02,2026-09-10T16:00:00.000Z,0.09,28,0.09,0.0536,1,,warming,false,15,short_coverage,,no_prices x4; (no reason given) x9,2026-09-10T16:00:00.000Z,rebuilt x14; sampled x1,3,
LuxkyVN,Lxcky,robinhood,4663,20,28,28,2026-08-14T00:00:00.000Z,0.00,2026-09-09T00:00:00.000Z,612.23,26,,,0,no_prices,warming,false,20,short_coverage,no_prices,no_prices x8,2026-09-10T16:00:00.000Z,rebuilt x20,3,
morena_ny1,Morena New York Comité 1,(all chains),,1,1,1,2026-09-10T16:00:00.000Z,1.57,2026-09-10T16:00:00.000Z,1.57,0,1.57,,,,warming,false,1,warming,,,2026-09-10T16:00:00.000Z,sampled x1,1,
morena_ny1,Morena New York Comité 1,solana,1399811149,1,1,1,2026-09-10T16:00:00.000Z,1.57,2026-09-10T16:00:00.000Z,1.57,0,1.57,1.0000,0.5,,warming,false,1,warming,,,2026-09-10T16:00:00.000Z,sampled x1,1,
Doggo1114,Doggo｜1000X GEM,(all chains),,1,28,28,2026-09-10T16:00:00.000Z,1.30,2026-09-10T16:00:00.000Z,1.30,0,1.30,,,,ready,false,1,too_few_points,,chains_unrebuildable x27,2026-09-10T16:00:00.000Z,sampled x1,3,
Doggo1114,Doggo｜1000X GEM,robinhood,4663,1,28,28,2026-09-10T16:00:00.000Z,1.07,2026-09-10T16:00:00.000Z,1.07,0,1.07,0.8231,0.9091,,ready,false,1,too_few_points,,no_prices x27,2026-09-10T16:00:00.000Z,sampled x1,3,
Doggo1114,Doggo｜1000X GEM,bsc,56,2,28,28,2026-09-09T00:00:00.000Z,0.16,2026-09-10T16:00:00.000Z,0.23,2,0.23,0.1769,1,,ready,false,2,too_few_points,,(no reason given) x26,2026-09-10T16:00:00.000Z,rebuilt x1; sampled x1,3,
Doggo1114,Doggo｜1000X GEM,ethereum,1,1,28,28,2026-09-10T16:00:00.000Z,0.00,2026-09-10T16:00:00.000Z,0.00,0,0.00,0.0000,1,,ready,false,1,too_few_points,,(no reason given) x20; no_prices x7,2026-09-10T16:00:00.000Z,sampled x1,3,
0xossalivan,professor,(all chains),,2,28,28,2026-08-24T00:00:00.000Z,9.79,2026-09-10T16:00:00.000Z,1.24,18,1.24,,,,ready,false,2,too_few_points,,chains_unrebuildable x26,2026-09-10T16:00:00.000Z,rebuilt x1; sampled x1,2,
0xossalivan,professor,robinhood,4663,28,28,28,2026-08-14T00:00:00.000Z,93.00,2026-09-10T16:00:00.000Z,0.78,28,0.78,0.6290,1,,warming,false,28,short_coverage,,,2026-09-10T16:00:00.000Z,rebuilt x27; sampled x1,2,
0xossalivan,professor,bsc,56,2,28,28,2026-08-24T00:00:00.000Z,8.03,2026-09-10T16:00:00.000Z,0.46,18,0.46,0.3710,0.5,,ready,false,2,too_few_points,,(no reason given) x26,2026-09-10T16:00:00.000Z,rebuilt x1; sampled x1,2,
gmgn_hp36u3yatu,,(all chains),,1,1,1,2026-09-10T16:00:00.000Z,1.22,2026-09-10T16:00:00.000Z,1.22,0,1.22,,,,warming,false,1,warming,,,2026-09-10T16:00:00.000Z,sampled x1,1,
gmgn_hp36u3yatu,,solana,1399811149,1,1,1,2026-09-10T16:00:00.000Z,1.22,2026-09-10T16:00:00.000Z,1.22,0,1.22,1.0000,0.6667,,warming,false,1,warming,,,2026-09-10T16:00:00.000Z,sampled x1,1,
gmgn_0x1cf13ae6,,(all chains),,1,28,28,2026-09-10T16:00:00.000Z,1.05,2026-09-10T16:00:00.000Z,1.05,0,1.05,,,,ready,false,1,too_few_points,,chains_unrebuildable x27,2026-09-10T16:00:00.000Z,sampled x1,2,
gmgn_0x1cf13ae6,,ethereum,1,1,28,28,2026-09-10T16:00:00.000Z,1.05,2026-09-10T16:00:00.000Z,1.05,0,1.05,1.0000,1,,ready,false,1,too_few_points,,(no reason given) x23; no_prices x4,2026-09-10T16:00:00.000Z,sampled x1,2,
gmgn_0x1cf13ae6,,robinhood,4663,27,28,28,2026-08-14T00:00:00.000Z,0.77,2026-09-09T00:00:00.000Z,0.09,26,,,0,no_prices,warming,false,27,short_coverage,no_prices,no_prices x1,2026-09-10T16:00:00.000Z,rebuilt x27,2,
gmgn_0xf9edc4ba,,(all chains),,1,28,28,2026-09-10T16:00:00.000Z,0.61,2026-09-10T16:00:00.000Z,0.61,0,0.61,,,,ready,false,1,too_few_points,,chains_unrebuildable x27,2026-09-10T16:00:00.000Z,sampled x1,3,
gmgn_0xf9edc4ba,,bsc,56,12,28,28,2026-08-21T00:00:00.000Z,0.79,2026-09-10T16:00:00.000Z,0.61,21,0.61,1.0000,1,,warming,false,12,short_coverage,,(no reason given) x16,2026-09-10T16:00:00.000Z,rebuilt x11; sampled x1,3,
gmgn_0xf9edc4ba,,ethereum,1,2,28,28,2026-08-28T00:00:00.000Z,24.90,2026-09-01T00:00:00.000Z,17.89,4,,,0,no_prices,ready,false,2,no_prices,no_prices,(no reason given) x22; no_prices x4,2026-09-10T16:00:00.000Z,rebuilt x2,3,
gmgn_0xf9edc4ba,,robinhood,4663,20,28,28,2026-08-14T00:00:00.000Z,18.29,2026-09-09T00:00:00.000Z,23.57,26,,,0,no_prices,warming,false,20,short_coverage,no_prices,no_prices x8,2026-09-10T16:00:00.000Z,rebuilt x20,3,
Supervellear,"Vellear (7,7)🏔️",(all chains),,4,28,28,2026-09-01T00:00:00.000Z,1525.38,2026-09-10T16:00:00.000Z,0.57,10,0.57,,,,warming,false,4,short_coverage,,chains_unrebuildable x24,2026-09-10T16:00:00.000Z,rebuilt x3; sampled x1,2,
Supervellear,"Vellear (7,7)🏔️",bsc,56,8,28,28,2026-08-18T00:00:00.000Z,5.41,2026-09-10T16:00:00.000Z,0.57,24,0.57,1.0000,1,,warming,false,8,short_coverage,,(no reason given) x20,2026-09-10T16:00:00.000Z,rebuilt x7; sampled x1,2,
Supervellear,"Vellear (7,7)🏔️",robinhood,4663,8,28,28,2026-08-29T00:00:00.000Z,85.06,2026-09-08T00:00:00.000Z,19.75,10,,,0,no_prices,warming,false,8,short_coverage,no_prices,no_prices x20,2026-09-10T16:00:00.000Z,rebuilt x8,2,
YujingSanxian,玉京山掏粪工,(all chains),,14,28,28,2026-08-28T00:00:00.000Z,0.00,2026-09-10T16:00:00.000Z,0.54,14,0.54,,,,warming,false,14,short_coverage,,chains_unrebuildable x14,2026-09-10T16:00:00.000Z,rebuilt x13; sampled x1,1,
YujingSanxian,玉京山掏粪工,robinhood,4663,14,28,28,2026-08-28T00:00:00.000Z,0.00,2026-09-10T16:00:00.000Z,0.54,14,0.54,1.0000,0.25,,warming,false,14,short_coverage,,no_prices x14,2026-09-10T16:00:00.000Z,rebuilt x13; sampled x1,1,
gmgn_0x0fde7f37,,(all chains),,3,28,28,2026-08-22T00:00:00.000Z,8.69,2026-09-10T16:00:00.000Z,0.43,20,0.43,,,,warming,false,3,short_coverage,,chains_unrebuildable x25,2026-09-10T16:00:00.000Z,rebuilt x2; sampled x1,1,
gmgn_0x0fde7f37,,bsc,56,4,28,28,2026-08-17T00:00:00.000Z,381.09,2026-09-10T16:00:00.000Z,0.43,25,0.43,1.0000,0.5,,warming,false,4,short_coverage,,(no reason given) x24,2026-09-10T16:00:00.000Z,rebuilt x3; sampled x1,1,
R5Z5G,BTC茶哥🔶🦅,(all chains),,1,28,28,2026-09-10T16:00:00.000Z,0.25,2026-09-10T16:00:00.000Z,0.25,0,0.25,,,,ready,false,1,too_few_points,,chains_unrebuildable x27,2026-09-10T16:00:00.000Z,sampled x1,1,
R5Z5G,BTC茶哥🔶🦅,ethereum,1,1,28,28,2026-09-10T16:00:00.000Z,0.25,2026-09-10T16:00:00.000Z,0.25,0,0.25,1.0000,0.5,,ready,false,1,too_few_points,,(no reason given) x23; no_prices x4,2026-09-10T16:00:00.000Z,sampled x1,1,
0xzhy,zh,(all chains),,1,28,28,2026-09-10T16:00:00.000Z,0.23,2026-09-10T16:00:00.000Z,0.23,0,0.23,,,,ready,false,1,too_few_points,,chains_unrebuildable x27,2026-09-10T16:00:00.000Z,sampled x1,3,
0xzhy,zh,base,8453,3,28,28,2026-09-05T00:00:00.000Z,0.17,2026-09-10T16:00:00.000Z,0.23,6,0.23,1.0000,1,,warming,false,3,short_coverage,,(no reason given) x25,2026-09-10T16:00:00.000Z,rebuilt x2; sampled x1,3,
0xzhy,zh,bsc,56,2,28,28,2026-09-09T00:00:00.000Z,40.28,2026-09-10T16:00:00.000Z,0.00,2,0.00,0.0000,1,,ready,false,2,too_few_points,,(no reason given) x26,2026-09-10T16:00:00.000Z,rebuilt x1; sampled x1,3,
0xzhy,zh,ethereum,1,0,28,28,,,,,0,,,0,no_prices,ready,false,0,no_prices,no_prices,(no reason given) x16; no_prices x12,2026-09-10T16:00:00.000Z,,3,
gheezfn,Gheez,(all chains),,1,28,28,2026-09-10T16:00:00.000Z,0.16,2026-09-10T16:00:00.000Z,0.16,0,0.16,,,,ready,false,1,too_few_points,,chains_unrebuildable x27,2026-09-10T16:00:00.000Z,sampled x1,1,
gheezfn,Gheez,robinhood,4663,5,28,28,2026-09-06T00:00:00.000Z,0.46,2026-09-10T16:00:00.000Z,0.16,5,0.16,1.0000,1,,warming,false,5,short_coverage,,no_prices x23,2026-09-10T16:00:00.000Z,rebuilt x4; sampled x1,1,
jurbo_eth,jurbo,(all chains),,1,28,28,2026-09-10T16:00:00.000Z,0.14,2026-09-10T16:00:00.000Z,0.14,0,0.14,,,,ready,false,1,too_few_points,,chains_unrebuildable x27,2026-09-10T16:00:00.000Z,sampled x1,3,
jurbo_eth,jurbo,bsc,56,4,28,28,2026-08-23T00:00:00.000Z,0.01,2026-09-10T16:00:00.000Z,0.07,19,0.07,0.5000,0.75,,warming,false,4,short_coverage,,(no reason given) x17; no_prices x7,2026-09-10T16:00:00.000Z,rebuilt x3; sampled x1,3,
jurbo_eth,jurbo,robinhood,4663,28,28,28,2026-08-14T00:00:00.000Z,0.00,2026-09-10T16:00:00.000Z,0.07,28,0.07,0.5000,0.4167,,warming,false,28,short_coverage,,,2026-09-10T16:00:00.000Z,rebuilt x27; sampled x1,3,
jurbo_eth,jurbo,ethereum,1,2,28,28,2026-09-08T00:00:00.000Z,0.31,2026-09-10T16:00:00.000Z,0.00,3,0.00,0.0000,0.5,,ready,false,2,too_few_points,,(no reason given) x14; no_prices x12,2026-09-10T16:00:00.000Z,rebuilt x1; sampled x1,3,
gmgn_0x42879158,,(all chains),,1,28,28,2026-09-10T16:00:00.000Z,0.06,2026-09-10T16:00:00.000Z,0.06,0,0.06,,,,ready,false,1,too_few_points,,chains_unrebuildable x27,2026-09-10T16:00:00.000Z,sampled x1,2,
gmgn_0x42879158,,bsc,56,1,1,1,2026-09-10T16:00:00.000Z,0.06,2026-09-10T16:00:00.000Z,0.06,0,0.06,1.0000,1,,warming,false,1,warming,,,2026-09-10T16:00:00.000Z,sampled x1,2,
gmgn_0x42879158,,robinhood,4663,28,28,28,2026-08-14T00:00:00.000Z,3.89,2026-09-10T16:00:00.000Z,0.00,28,0.00,0.0000,0.5,,warming,false,28,short_coverage,,,2026-09-10T16:00:00.000Z,rebuilt x27; sampled x1,2,
gmgn_0x5fe2583f,,(all chains),,1,28,28,2026-09-10T16:00:00.000Z,0.06,2026-09-10T16:00:00.000Z,0.06,0,0.06,,,,ready,false,1,too_few_points,,chains_unrebuildable x27,2026-09-10T16:00:00.000Z,sampled x1,1,
gmgn_0x5fe2583f,,bsc,56,5,28,28,2026-08-27T00:00:00.000Z,0.05,2026-09-10T16:00:00.000Z,0.06,15,0.06,1.0000,1,,warming,false,5,short_coverage,,(no reason given) x23,2026-09-10T16:00:00.000Z,rebuilt x4; sampled x1,1,
gmgn_0x347c21c4,,(all chains),,1,28,28,2026-09-10T16:00:00.000Z,0.05,2026-09-10T16:00:00.000Z,0.05,0,0.05,,,,ready,false,1,too_few_points,,chains_unrebuildable x27,2026-09-10T16:00:00.000Z,sampled x1,3,
gmgn_0x347c21c4,,bsc,56,1,1,1,2026-09-10T16:00:00.000Z,0.05,2026-09-10T16:00:00.000Z,0.05,0,0.05,1.0000,1,,warming,false,1,warming,,,2026-09-10T16:00:00.000Z,sampled x1,3,
gmgn_0x347c21c4,,ethereum,1,0,28,28,,,,,0,,,0,no_prices,ready,false,0,no_prices,no_prices,(no reason given) x26; no_prices x2,2026-09-10T16:00:00.000Z,,3,
gmgn_0x347c21c4,,robinhood,4663,17,28,28,2026-08-14T00:00:00.000Z,0.99,2026-09-09T00:00:00.000Z,40.47,26,,,0,no_prices,warming,false,17,short_coverage,no_prices,no_prices x11,2026-09-10T16:00:00.000Z,rebuilt x17,3,
ggggjjj7314631,赌怪gou,(all chains),,1,28,28,2026-09-10T16:00:00.000Z,0.04,2026-09-10T16:00:00.000Z,0.04,0,0.04,,,,ready,false,1,too_few_points,,chains_unrebuildable x27,2026-09-10T16:00:00.000Z,sampled x1,2,
ggggjjj7314631,赌怪gou,robinhood,4663,10,28,28,2026-09-01T00:00:00.000Z,0.18,2026-09-10T16:00:00.000Z,0.04,10,0.04,1.0000,1,,warming,false,10,short_coverage,,no_prices x18,2026-09-10T16:00:00.000Z,rebuilt x9; sampled x1,2,
ggggjjj7314631,赌怪gou,ethereum,1,0,28,28,,,,,0,,,0,no_prices,ready,false,0,no_prices,no_prices,(no reason given) x23; no_prices x5,2026-09-10T16:00:00.000Z,,2,
gmgn_0xac26a7c4,,(all chains),,1,28,28,2026-09-10T16:00:00.000Z,0.04,2026-09-10T16:00:00.000Z,0.04,0,0.04,,,,ready,false,1,too_few_points,,chains_unrebuildable x27,2026-09-10T16:00:00.000Z,sampled x1,1,
gmgn_0xac26a7c4,,bsc,56,8,28,28,2026-08-17T00:00:00.000Z,2422.34,2026-09-10T16:00:00.000Z,0.04,25,0.04,1.0000,0.5,,warming,false,8,short_coverage,,no_prices x3; (no reason given) x17,2026-09-10T16:00:00.000Z,rebuilt x7; sampled x1,1,
thekryptoking_,__The Krypto King,(all chains),,2,28,28,2026-09-07T00:00:00.000Z,11103.36,2026-09-10T16:00:00.000Z,0.03,4,0.03,,,,ready,false,2,too_few_points,,chains_unrebuildable x26,2026-09-10T16:00:00.000Z,rebuilt x1; sampled x1,1,
thekryptoking_,__The Krypto King,ethereum,1,2,28,28,2026-09-07T00:00:00.000Z,0.00,2026-09-10T16:00:00.000Z,0.03,4,0.03,1.0000,0.2,,ready,false,2,too_few_points,,(no reason given) x4; no_prices x22,2026-09-10T16:00:00.000Z,rebuilt x1; sampled x1,1,
gmgn_0xf1d07077,,(all chains),,1,1,1,2026-09-10T16:00:00.000Z,0.02,2026-09-10T16:00:00.000Z,0.02,0,0.02,,,,warming,false,1,warming,,,2026-09-10T16:00:00.000Z,sampled x1,1,
gmgn_0xf1d07077,,bsc,56,1,1,1,2026-09-10T16:00:00.000Z,0.02,2026-09-10T16:00:00.000Z,0.02,0,0.02,1.0000,1,,warming,false,1,warming,,,2026-09-10T16:00:00.000Z,sampled x1,1,
0xrap9,不知名打狗大师🧢,(all chains),,1,28,28,2026-09-10T16:00:00.000Z,0.00,2026-09-10T16:00:00.000Z,0.00,0,0.00,,,,ready,false,1,too_few_points,,chains_unrebuildable x27,2026-09-10T16:00:00.000Z,sampled x1,3,
0xrap9,不知名打狗大师🧢,bsc,56,4,28,28,2026-08-27T00:00:00.000Z,16.03,2026-09-10T16:00:00.000Z,0.00,15,0.00,,1,,warming,false,4,short_coverage,,(no reason given) x24,2026-09-10T16:00:00.000Z,rebuilt x3; sampled x1,3,
0xrap9,不知名打狗大师🧢,ethereum,1,3,28,28,2026-09-03T00:00:00.000Z,0.00,2026-09-10T16:00:00.000Z,0.00,8,0.00,,0.1579,,warming,false,3,short_coverage,,no_prices x24; (no reason given) x1,2026-09-10T16:00:00.000Z,rebuilt x2; sampled x1,3,
0xrap9,不知名打狗大师🧢,robinhood,4663,3,28,28,2026-09-01T00:00:00.000Z,928.33,2026-09-10T16:00:00.000Z,0.00,10,0.00,,1,,warming,false,3,short_coverage,,no_prices x25,2026-09-10T16:00:00.000Z,rebuilt x2; sampled x1,3,
Able777C,Able777,(all chains),,2,28,28,2026-08-27T00:00:00.000Z,1116.86,2026-09-10T16:00:00.000Z,0.00,15,0.00,,,,ready,false,2,too_few_points,,chains_unrebuildable x26,2026-09-10T16:00:00.000Z,rebuilt x1; sampled x1,1,
Able777C,Able777,robinhood,4663,9,28,28,2026-08-27T00:00:00.000Z,8.68,2026-09-10T16:00:00.000Z,0.00,15,0.00,,1,,warming,false,9,short_coverage,,no_prices x19,2026-09-10T16:00:00.000Z,rebuilt x8; sampled x1,1,
Ash_RS9,A,(all chains),,1,28,28,2026-09-10T16:00:00.000Z,0.00,2026-09-10T16:00:00.000Z,0.00,0,0.00,,,,ready,false,1,too_few_points,,chains_unrebuildable x27,2026-09-10T16:00:00.000Z,sampled x1,0,
EdisonZz798,0xStar.Z（蜕变打狗天才版）,(all chains),,1,28,28,2026-09-10T16:00:00.000Z,0.00,2026-09-10T16:00:00.000Z,0.00,0,0.00,,,,ready,false,1,too_few_points,,chains_unrebuildable x27,2026-09-10T16:00:00.000Z,sampled x1,0,
fnmilito,milito,(all chains),,3,28,28,2026-08-27T00:00:00.000Z,32958.08,2026-09-10T16:00:00.000Z,0.00,15,0.00,,,,warming,false,3,short_coverage,,chains_unrebuildable x25,2026-09-10T16:00:00.000Z,rebuilt x2; sampled x1,1,
fnmilito,milito,ethereum,1,10,28,28,2026-08-25T00:00:00.000Z,0.00,2026-09-10T16:00:00.000Z,0.00,17,0.00,,0.2222,,warming,false,10,short_coverage,,(no reason given) x10; no_prices x8,2026-09-10T16:00:00.000Z,rebuilt x9; sampled x1,1,
gmgn_0x02fe7e29,,(all chains),,6,28,28,2026-08-25T00:00:00.000Z,371.02,2026-09-10T16:00:00.000Z,0.00,17,0.00,,,,warming,false,6,short_coverage,,chains_unrebuildable x22,2026-09-10T16:00:00.000Z,rebuilt x5; sampled x1,0,
gmgn_0x036c43c6,,(all chains),,1,1,1,2026-09-10T16:00:00.000Z,0.00,2026-09-10T16:00:00.000Z,0.00,0,0.00,,,,warming,false,1,warming,,,2026-09-10T16:00:00.000Z,sampled x1,0,
gmgn_0x03703d46,,(all chains),,1,28,28,2026-09-10T16:00:00.000Z,0.00,2026-09-10T16:00:00.000Z,0.00,0,0.00,,,,ready,false,1,too_few_points,,chains_unrebuildable x27,2026-09-10T16:00:00.000Z,sampled x1,0,
gmgn_0x055854da,,(all chains),,1,1,1,2026-09-10T16:00:00.000Z,0.00,2026-09-10T16:00:00.000Z,0.00,0,0.00,,,,warming,false,1,warming,,,2026-09-10T16:00:00.000Z,sampled x1,0,
gmgn_0x08b2526b,,(all chains),,1,1,1,2026-09-10T16:00:00.000Z,0.00,2026-09-10T16:00:00.000Z,0.00,0,0.00,,,,warming,false,1,warming,,,2026-09-10T16:00:00.000Z,sampled x1,0,
gmgn_0x1069999a,,(all chains),,1,1,1,2026-09-10T16:00:00.000Z,0.00,2026-09-10T16:00:00.000Z,0.00,0,0.00,,,,warming,false,1,warming,,,2026-09-10T16:00:00.000Z,sampled x1,0,
gmgn_0x17fb4a31,,(all chains),,1,1,1,2026-09-10T16:00:00.000Z,0.00,2026-09-10T16:00:00.000Z,0.00,0,0.00,,,,warming,false,1,warming,,,2026-09-10T16:00:00.000Z,sampled x1,0,
gmgn_0x1ad2cdd2,,(all chains),,25,28,28,2026-08-14T00:00:00.000Z,4.18,2026-09-10T16:00:00.000Z,0.00,28,0.00,,,,warming,false,25,short_coverage,,chains_unrebuildable x3,2026-09-10T16:00:00.000Z,rebuilt x24; sampled x1,0,
gmgn_0x26f0670c,,(all chains),,1,1,1,2026-09-10T16:00:00.000Z,0.00,2026-09-10T16:00:00.000Z,0.00,0,0.00,,,,warming,false,1,warming,,,2026-09-10T16:00:00.000Z,sampled x1,0,
gmgn_0x2fe65206,,(all chains),,1,1,1,2026-09-10T16:00:00.000Z,0.00,2026-09-10T16:00:00.000Z,0.00,0,0.00,,,,warming,false,1,warming,,,2026-09-10T16:00:00.000Z,sampled x1,0,
gmgn_0x38d01d4e,,(all chains),,22,28,28,2026-08-14T00:00:00.000Z,1186.17,2026-09-10T16:00:00.000Z,0.00,28,0.00,,,,warming,false,22,short_coverage,,chains_unrebuildable x6,2026-09-10T16:00:00.000Z,rebuilt x21; sampled x1,0,
gmgn_0x39a50a0f,,(all chains),,1,1,1,2026-09-10T16:00:00.000Z,0.00,2026-09-10T16:00:00.000Z,0.00,0,0.00,,,,warming,false,1,warming,,,2026-09-10T16:00:00.000Z,sampled x1,0,
gmgn_0x43605d68,,(all chains),,1,1,1,2026-09-10T16:00:00.000Z,0.00,2026-09-10T16:00:00.000Z,0.00,0,0.00,,,,warming,false,1,warming,,,2026-09-10T16:00:00.000Z,sampled x1,0,
gmgn_0x456e4590,,(all chains),,1,28,28,2026-09-10T16:00:00.000Z,0.00,2026-09-10T16:00:00.000Z,0.00,0,0.00,,,,ready,false,1,too_few_points,,chains_unrebuildable x27,2026-09-10T16:00:00.000Z,sampled x1,1,
gmgn_0x456e4590,,ethereum,1,1,28,28,2026-09-10T16:00:00.000Z,0.00,2026-09-10T16:00:00.000Z,0.00,0,0.00,,0.5,,ready,false,1,too_few_points,,(no reason given) x16; no_prices x11,2026-09-10T16:00:00.000Z,sampled x1,1,
gmgn_0x45923a43,,(all chains),,1,1,1,2026-09-10T16:00:00.000Z,0.00,2026-09-10T16:00:00.000Z,0.00,0,0.00,,,,warming,false,1,warming,,,2026-09-10T16:00:00.000Z,sampled x1,0,
gmgn_0x45e6345d,,(all chains),,1,1,1,2026-09-10T16:00:00.000Z,0.00,2026-09-10T16:00:00.000Z,0.00,0,0.00,,,,warming,false,1,warming,,,2026-09-10T16:00:00.000Z,sampled x1,0,
gmgn_0x4ac9d866,,(all chains),,1,1,1,2026-09-10T16:00:00.000Z,0.00,2026-09-10T16:00:00.000Z,0.00,0,0.00,,,,warming,false,1,warming,,,2026-09-10T16:00:00.000Z,sampled x1,0,
gmgn_0x4b9fcc41,,(all chains),,1,1,1,2026-09-10T16:00:00.000Z,0.00,2026-09-10T16:00:00.000Z,0.00,0,0.00,,,,warming,false,1,warming,,,2026-09-10T16:00:00.000Z,sampled x1,0,
gmgn_0x4dc959c7,,(all chains),,8,28,28,2026-08-14T00:00:00.000Z,213.64,2026-09-10T16:00:00.000Z,0.00,28,0.00,,,,warming,false,8,short_coverage,,chains_unrebuildable x20,2026-09-10T16:00:00.000Z,rebuilt x7; sampled x1,0,
gmgn_0x4e020c0d,,(all chains),,1,28,28,2026-09-10T16:00:00.000Z,0.00,2026-09-10T16:00:00.000Z,0.00,0,0.00,,,,ready,false,1,too_few_points,,chains_unrebuildable x27,2026-09-10T16:00:00.000Z,sampled x1,2,
gmgn_0x4e020c0d,,bsc,56,2,28,28,2026-08-18T00:00:00.000Z,13.11,2026-09-10T16:00:00.000Z,0.00,24,0.00,,1,,ready,false,2,too_few_points,,(no reason given) x26,2026-09-10T16:00:00.000Z,rebuilt x1; sampled x1,2,
gmgn_0x4e020c0d,,ethereum,1,3,28,28,2026-08-28T00:00:00.000Z,0.00,2026-09-10T16:00:00.000Z,0.00,14,0.00,,0.6667,,warming,false,3,short_coverage,,no_prices x4; (no reason given) x21,2026-09-10T16:00:00.000Z,rebuilt x2; sampled x1,2,
gmgn_0x51f9d44c,,(all chains),,1,1,1,2026-09-10T16:00:00.000Z,0.00,2026-09-10T16:00:00.000Z,0.00,0,0.00,,,,warming,false,1,warming,,,2026-09-10T16:00:00.000Z,sampled x1,0,
gmgn_0x65c13772,,(all chains),,2,28,28,2026-09-09T00:00:00.000Z,7.61,2026-09-10T16:00:00.000Z,0.00,2,0.00,,,,ready,false,2,too_few_points,,chains_unrebuildable x26,2026-09-10T16:00:00.000Z,rebuilt x1; sampled x1,1,
gmgn_0x65c13772,,bsc,56,4,28,28,2026-08-22T00:00:00.000Z,0.00,2026-09-10T16:00:00.000Z,0.00,20,0.00,,1,,warming,false,4,short_coverage,,(no reason given) x24,2026-09-10T16:00:00.000Z,rebuilt x3; sampled x1,1,
gmgn_0x67bdbd57,,(all chains),,1,1,1,2026-09-10T16:00:00.000Z,0.00,2026-09-10T16:00:00.000Z,0.00,0,0.00,,,,warming,false,1,warming,,,2026-09-10T16:00:00.000Z,sampled x1,0,
gmgn_0x6a189f61,,(all chains),,1,1,1,2026-09-10T16:00:00.000Z,0.00,2026-09-10T16:00:00.000Z,0.00,0,0.00,,,,warming,false,1,warming,,,2026-09-10T16:00:00.000Z,sampled x1,0,
gmgn_0x6a2c23a0,,(all chains),,2,28,28,2026-08-17T00:00:00.000Z,67.22,2026-09-10T16:00:00.000Z,0.00,25,0.00,,,,ready,false,2,too_few_points,,chains_unrebuildable x26,2026-09-10T16:00:00.000Z,rebuilt x1; sampled x1,1,
gmgn_0x6a2c23a0,,bsc,56,6,28,28,2026-08-17T00:00:00.000Z,0.00,2026-09-10T16:00:00.000Z,0.00,25,0.00,,1,,warming,false,6,short_coverage,,(no reason given) x22,2026-09-10T16:00:00.000Z,rebuilt x5; sampled x1,1,
gmgn_0x7881b699,,(all chains),,1,1,1,2026-09-10T16:00:00.000Z,0.00,2026-09-10T16:00:00.000Z,0.00,0,0.00,,,,warming,false,1,warming,,,2026-09-10T16:00:00.000Z,sampled x1,0,
gmgn_0x7bf30399,,(all chains),,1,1,1,2026-09-10T16:00:00.000Z,0.00,2026-09-10T16:00:00.000Z,0.00,0,0.00,,,,warming,false,1,warming,,,2026-09-10T16:00:00.000Z,sampled x1,0,
gmgn_0x809159cb,,(all chains),,1,28,28,2026-09-10T16:00:00.000Z,0.00,2026-09-10T16:00:00.000Z,0.00,0,0.00,,,,ready,false,1,too_few_points,,chains_unrebuildable x27,2026-09-10T16:00:00.000Z,sampled x1,0,
gmgn_0x81eb6f2b,,(all chains),,1,1,1,2026-09-10T16:00:00.000Z,0.00,2026-09-10T16:00:00.000Z,0.00,0,0.00,,,,warming,false,1,warming,,,2026-09-10T16:00:00.000Z,sampled x1,0,
gmgn_0x825c4ccb,,(all chains),,1,1,1,2026-09-10T16:00:00.000Z,0.00,2026-09-10T16:00:00.000Z,0.00,0,0.00,,,,warming,false,1,warming,,,2026-09-10T16:00:00.000Z,sampled x1,0,
gmgn_0x82f217fb,,(all chains),,2,28,28,2026-08-31T00:00:00.000Z,143.02,2026-09-10T16:00:00.000Z,0.00,11,0.00,,,,ready,false,2,too_few_points,,chains_unrebuildable x26,2026-09-10T16:00:00.000Z,rebuilt x1; sampled x1,0,
gmgn_0x88669768,,(all chains),,1,28,28,2026-09-10T16:00:00.000Z,0.00,2026-09-10T16:00:00.000Z,0.00,0,0.00,,,,ready,false,1,too_few_points,,chains_unrebuildable x27,2026-09-10T16:00:00.000Z,sampled x1,0,
gmgn_0x8a8c09c8,,(all chains),,2,28,28,2026-09-04T00:00:00.000Z,25.37,2026-09-10T16:00:00.000Z,0.00,7,0.00,,,,ready,false,2,too_few_points,,chains_unrebuildable x26,2026-09-10T16:00:00.000Z,rebuilt x1; sampled x1,0,
gmgn_0x8e631207,,(all chains),,1,28,28,2026-09-10T16:00:00.000Z,0.00,2026-09-10T16:00:00.000Z,0.00,0,0.00,,,,ready,false,1,too_few_points,,chains_unrebuildable x27,2026-09-10T16:00:00.000Z,sampled x1,2,
gmgn_0x8e631207,,bsc,56,6,28,28,2026-08-20T00:00:00.000Z,4.00,2026-09-10T16:00:00.000Z,0.00,22,0.00,,1,,warming,false,6,short_coverage,,(no reason given) x22,2026-09-10T16:00:00.000Z,rebuilt x5; sampled x1,2,
gmgn_0x8e631207,,robinhood,4663,1,28,28,2026-09-10T16:00:00.000Z,0.00,2026-09-10T16:00:00.000Z,0.00,0,0.00,,1,,ready,false,1,too_few_points,,no_prices x27,2026-09-10T16:00:00.000Z,sampled x1,2,
gmgn_0x8f8b72da,,(all chains),,1,1,1,2026-09-10T16:00:00.000Z,0.00,2026-09-10T16:00:00.000Z,0.00,0,0.00,,,,warming,false,1,warming,,,2026-09-10T16:00:00.000Z,sampled x1,0,
gmgn_0x90637f23,,(all chains),,1,1,1,2026-09-10T16:00:00.000Z,0.00,2026-09-10T16:00:00.000Z,0.00,0,0.00,,,,warming,false,1,warming,,,2026-09-10T16:00:00.000Z,sampled x1,0,
gmgn_0x90b082dd,,(all chains),,1,1,1,2026-09-10T16:00:00.000Z,0.00,2026-09-10T16:00:00.000Z,0.00,0,0.00,,,,warming,false,1,warming,,,2026-09-10T16:00:00.000Z,sampled x1,0,
gmgn_0x9a374325,,(all chains),,1,1,1,2026-09-10T16:00:00.000Z,0.00,2026-09-10T16:00:00.000Z,0.00,0,0.00,,,,warming,false,1,warming,,,2026-09-10T16:00:00.000Z,sampled x1,0,
gmgn_0x9bd3a92c,,(all chains),,9,28,28,2026-08-30T00:00:00.000Z,501.33,2026-09-10T16:00:00.000Z,0.00,12,0.00,,,,warming,false,9,short_coverage,,chains_unrebuildable x19,2026-09-10T16:00:00.000Z,rebuilt x8; sampled x1,0,
gmgn_0xa1725770,,(all chains),,1,1,1,2026-09-10T16:00:00.000Z,0.00,2026-09-10T16:00:00.000Z,0.00,0,0.00,,,,warming,false,1,warming,,,2026-09-10T16:00:00.000Z,sampled x1,0,
gmgn_0xa308a254,,(all chains),,1,28,28,2026-09-10T16:00:00.000Z,0.00,2026-09-10T16:00:00.000Z,0.00,0,0.00,,,,ready,false,1,too_few_points,,chains_unrebuildable x27,2026-09-10T16:00:00.000Z,sampled x1,1,
gmgn_0xa308a254,,robinhood,4663,19,28,28,2026-08-14T00:00:00.000Z,197.67,2026-09-10T16:00:00.000Z,0.00,28,0.00,,1,,warming,false,19,short_coverage,,no_prices x9,2026-09-10T16:00:00.000Z,rebuilt x18; sampled x1,1,
gmgn_0xa70d360a,,(all chains),,1,1,1,2026-09-10T16:00:00.000Z,0.00,2026-09-10T16:00:00.000Z,0.00,0,0.00,,,,warming,false,1,warming,,,2026-09-10T16:00:00.000Z,sampled x1,0,
gmgn_0xa7944019,,(all chains),,1,1,1,2026-09-10T16:00:00.000Z,0.00,2026-09-10T16:00:00.000Z,0.00,0,0.00,,,,warming,false,1,warming,,,2026-09-10T16:00:00.000Z,sampled x1,0,
gmgn_0xa7c0dad5,,(all chains),,13,28,28,2026-08-28T00:00:00.000Z,0.19,2026-09-10T16:00:00.000Z,0.00,14,0.00,,,,warming,false,13,short_coverage,,chains_unrebuildable x15,2026-09-10T16:00:00.000Z,rebuilt x12; sampled x1,0,
gmgn_0xab2f731f,,(all chains),,1,1,1,2026-09-10T16:00:00.000Z,0.00,2026-09-10T16:00:00.000Z,0.00,0,0.00,,,,warming,false,1,warming,,,2026-09-10T16:00:00.000Z,sampled x1,0,
gmgn_0xac371986,,(all chains),,1,28,28,2026-09-10T16:00:00.000Z,0.00,2026-09-10T16:00:00.000Z,0.00,0,0.00,,,,ready,false,1,too_few_points,,chains_unrebuildable x27,2026-09-10T16:00:00.000Z,sampled x1,0,
gmgn_0xae22b8a0,,(all chains),,1,1,1,2026-09-10T16:00:00.000Z,0.00,2026-09-10T16:00:00.000Z,0.00,0,0.00,,,,warming,false,1,warming,,,2026-09-10T16:00:00.000Z,sampled x1,0,
gmgn_0xaea47bc9,,(all chains),,1,28,28,2026-09-10T16:00:00.000Z,0.00,2026-09-10T16:00:00.000Z,0.00,0,0.00,,,,ready,false,1,too_few_points,,chains_unrebuildable x27,2026-09-10T16:00:00.000Z,sampled x1,2,
gmgn_0xaea47bc9,,bsc,56,2,28,28,2026-08-31T00:00:00.000Z,3.45,2026-09-10T16:00:00.000Z,0.00,11,0.00,,1,,ready,false,2,too_few_points,,(no reason given) x26,2026-09-10T16:00:00.000Z,rebuilt x1; sampled x1,2,
gmgn_0xaea47bc9,,robinhood,4663,16,28,28,2026-08-14T00:00:00.000Z,322.07,2026-09-09T00:00:00.000Z,222.61,26,,,0,no_prices,warming,false,16,short_coverage,no_prices,no_prices x12,2026-09-10T16:00:00.000Z,rebuilt x16,2,
gmgn_0xaf662864,,(all chains),,1,28,28,2026-09-10T16:00:00.000Z,0.00,2026-09-10T16:00:00.000Z,0.00,0,0.00,,,,ready,false,1,too_few_points,,chains_unrebuildable x27,2026-09-10T16:00:00.000Z,sampled x1,0,
gmgn_0xb5359761,,(all chains),,1,1,1,2026-09-10T16:00:00.000Z,0.00,2026-09-10T16:00:00.000Z,0.00,0,0.00,,,,warming,false,1,warming,,,2026-09-10T16:00:00.000Z,sampled x1,0,
gmgn_0xb5e22de9,,(all chains),,1,1,1,2026-09-10T16:00:00.000Z,0.00,2026-09-10T16:00:00.000Z,0.00,0,0.00,,,,warming,false,1,warming,,,2026-09-10T16:00:00.000Z,sampled x1,0,
gmgn_0xbc60577b,,(all chains),,1,1,1,2026-09-10T16:00:00.000Z,0.00,2026-09-10T16:00:00.000Z,0.00,0,0.00,,,,warming,false,1,warming,,,2026-09-10T16:00:00.000Z,sampled x1,0,
gmgn_0xc91063fd,,(all chains),,13,28,28,2026-08-19T00:00:00.000Z,12.21,2026-09-10T16:00:00.000Z,0.00,23,0.00,,,,warming,false,13,short_coverage,,chains_unrebuildable x15,2026-09-10T16:00:00.000Z,rebuilt x12; sampled x1,0,
gmgn_0xcb4d28c2,,(all chains),,27,28,28,2026-08-15T00:00:00.000Z,0.30,2026-09-10T16:00:00.000Z,0.00,27,0.00,,,,warming,false,27,short_coverage,,chains_unrebuildable x1,2026-09-10T16:00:00.000Z,rebuilt x26; sampled x1,0,
gmgn_0xcdcae7d2,,(all chains),,12,28,28,2026-08-27T00:00:00.000Z,1.88,2026-09-10T16:00:00.000Z,0.00,15,0.00,,,,warming,false,12,short_coverage,,chains_unrebuildable x16,2026-09-10T16:00:00.000Z,rebuilt x11; sampled x1,0,
gmgn_0xd12f62f4,,(all chains),,1,1,1,2026-09-10T16:00:00.000Z,0.00,2026-09-10T16:00:00.000Z,0.00,0,0.00,,,,warming,false,1,warming,,,2026-09-10T16:00:00.000Z,sampled x1,0,
gmgn_0xd5ac55f2,,(all chains),,2,28,28,2026-09-04T00:00:00.000Z,0.37,2026-09-10T16:00:00.000Z,0.00,7,0.00,,,,ready,false,2,too_few_points,,chains_unrebuildable x26,2026-09-10T16:00:00.000Z,rebuilt x1; sampled x1,2,
gmgn_0xd5ac55f2,,bsc,56,3,28,28,2026-09-04T00:00:00.000Z,0.14,2026-09-10T16:00:00.000Z,0.00,7,0.00,,1,,warming,false,3,short_coverage,,(no reason given) x25,2026-09-10T16:00:00.000Z,rebuilt x2; sampled x1,2,
gmgn_0xd5ac55f2,,ethereum,1,4,28,28,2026-08-28T00:00:00.000Z,0.00,2026-09-10T16:00:00.000Z,0.00,14,0.00,,1,,warming,false,4,short_coverage,,(no reason given) x24,2026-09-10T16:00:00.000Z,rebuilt x3; sampled x1,2,
gmgn_0xd90acdda,,(all chains),,1,1,1,2026-09-10T16:00:00.000Z,0.00,2026-09-10T16:00:00.000Z,0.00,0,0.00,,,,warming,false,1,warming,,,2026-09-10T16:00:00.000Z,sampled x1,0,
gmgn_0xdc0d3715,,(all chains),,1,1,1,2026-09-10T16:00:00.000Z,0.00,2026-09-10T16:00:00.000Z,0.00,0,0.00,,,,warming,false,1,warming,,,2026-09-10T16:00:00.000Z,sampled x1,0,
gmgn_0xe156ba39,,(all chains),,1,1,1,2026-09-10T16:00:00.000Z,0.00,2026-09-10T16:00:00.000Z,0.00,0,0.00,,,,warming,false,1,warming,,,2026-09-10T16:00:00.000Z,sampled x1,0,
gmgn_0xe4613af9,,(all chains),,1,1,1,2026-09-10T16:00:00.000Z,0.00,2026-09-10T16:00:00.000Z,0.00,0,0.00,,,,warming,false,1,warming,,,2026-09-10T16:00:00.000Z,sampled x1,0,
gmgn_0xec81b38c,,(all chains),,1,28,28,2026-09-10T16:00:00.000Z,0.00,2026-09-10T16:00:00.000Z,0.00,0,0.00,,,,ready,false,1,too_few_points,,chains_unrebuildable x27,2026-09-10T16:00:00.000Z,sampled x1,0,
gmgn_0xef1639a6,,(all chains),,1,28,28,2026-09-10T16:00:00.000Z,0.00,2026-09-10T16:00:00.000Z,0.00,0,0.00,,,,ready,false,1,too_few_points,,chains_unrebuildable x27,2026-09-10T16:00:00.000Z,sampled x1,2,
gmgn_0xef1639a6,,bsc,56,4,28,28,2026-09-02T00:00:00.000Z,0.76,2026-09-10T16:00:00.000Z,0.00,9,0.00,,1,,warming,false,4,short_coverage,,(no reason given) x24,2026-09-10T16:00:00.000Z,rebuilt x3; sampled x1,2,
gmgn_0xef1639a6,,ethereum,1,0,28,28,,,,,0,,,0,no_prices,ready,false,0,no_prices,no_prices,(no reason given) x20; no_prices x8,2026-09-10T16:00:00.000Z,,2,
gmgn_0xefda500e,,(all chains),,1,1,1,2026-09-10T16:00:00.000Z,0.00,2026-09-10T16:00:00.000Z,0.00,0,0.00,,,,warming,false,1,warming,,,2026-09-10T16:00:00.000Z,sampled x1,0,
gmgn_0xf2096ac6,,(all chains),,4,28,28,2026-09-07T00:00:00.000Z,60.35,2026-09-10T16:00:00.000Z,0.00,4,0.00,,,,warming,false,4,short_coverage,,chains_unrebuildable x24,2026-09-10T16:00:00.000Z,rebuilt x3; sampled x1,1,
gmgn_0xf2096ac6,,robinhood,4663,4,28,28,2026-09-07T00:00:00.000Z,60.35,2026-09-10T16:00:00.000Z,0.00,4,0.00,,0.5,,warming,false,4,short_coverage,,no_prices x24,2026-09-10T16:00:00.000Z,rebuilt x3; sampled x1,1,
gmgn_0xf20db64d,,(all chains),,2,28,28,2026-09-09T00:00:00.000Z,781.71,2026-09-10T16:00:00.000Z,0.00,2,0.00,,,,ready,false,2,too_few_points,,chains_unrebuildable x26,2026-09-10T16:00:00.000Z,rebuilt x1; sampled x1,0,
gmgn_0xf80d7961,,(all chains),,1,1,1,2026-09-10T16:00:00.000Z,0.00,2026-09-10T16:00:00.000Z,0.00,0,0.00,,,,warming,false,1,warming,,,2026-09-10T16:00:00.000Z,sampled x1,0,
gmgn_0xff7f4768,,(all chains),,1,1,1,2026-09-10T16:00:00.000Z,0.00,2026-09-10T16:00:00.000Z,0.00,0,0.00,,,,warming,false,1,warming,,,2026-09-10T16:00:00.000Z,sampled x1,0,
gmgn_0xff83d6e3,,(all chains),,1,1,1,2026-09-10T16:00:00.000Z,0.00,2026-09-10T16:00:00.000Z,0.00,0,0.00,,,,warming,false,1,warming,,,2026-09-10T16:00:00.000Z,sampled x1,0,
hwxBTC,幸运的马骝,(all chains),,1,28,28,2026-09-10T16:00:00.000Z,0.00,2026-09-10T16:00:00.000Z,0.00,0,0.00,,,,ready,false,1,too_few_points,,chains_unrebuildable x27,2026-09-10T16:00:00.000Z,sampled x1,0,
izukki,izu,(all chains),,1,28,28,2026-09-10T16:00:00.000Z,0.00,2026-09-10T16:00:00.000Z,0.00,0,0.00,,,,ready,false,1,too_few_points,,chains_unrebuildable x27,2026-09-10T16:00:00.000Z,sampled x1,0,
jinmu9,JinMu,(all chains),,3,28,28,2026-08-26T00:00:00.000Z,951.19,2026-09-10T16:00:00.000Z,0.00,16,0.00,,,,warming,false,3,short_coverage,,chains_unrebuildable x25,2026-09-10T16:00:00.000Z,rebuilt x2; sampled x1,1,
jinmu9,JinMu,ethereum,1,19,28,28,2026-08-16T00:00:00.000Z,0.00,2026-09-10T16:00:00.000Z,0.00,26,0.00,,0.55,,warming,false,19,short_coverage,,no_prices x9,2026-09-10T16:00:00.000Z,rebuilt x18; sampled x1,1,
JinneyQi,芮芮,(all chains),,1,28,28,2026-09-10T16:00:00.000Z,0.00,2026-09-10T16:00:00.000Z,0.00,0,0.00,,,,ready,false,1,too_few_points,,chains_unrebuildable x27,2026-09-10T16:00:00.000Z,sampled x1,1,
JinneyQi,芮芮,bsc,56,2,28,28,2026-09-09T00:00:00.000Z,8.24,2026-09-10T16:00:00.000Z,0.00,2,0.00,,1,,ready,false,2,too_few_points,,(no reason given) x23; no_prices x3,2026-09-10T16:00:00.000Z,rebuilt x1; sampled x1,1,
Kevin85083031,猛虎王,(all chains),,12,28,28,2026-08-25T00:00:00.000Z,234.95,2026-09-10T16:00:00.000Z,0.00,17,0.00,,,,warming,false,12,short_coverage,,chains_unrebuildable x16,2026-09-10T16:00:00.000Z,rebuilt x11; sampled x1,0,
MariusCOW,M8 MariusCOW,(all chains),,1,28,28,2026-09-10T16:00:00.000Z,0.00,2026-09-10T16:00:00.000Z,0.00,0,0.00,,,,ready,false,1,too_few_points,,chains_unrebuildable x27,2026-09-10T16:00:00.000Z,sampled x1,0,
mung0x,Mungo,(all chains),,1,28,28,2026-09-10T16:00:00.000Z,0.00,2026-09-10T16:00:00.000Z,0.00,0,0.00,,,,ready,false,1,too_few_points,,chains_unrebuildable x27,2026-09-10T16:00:00.000Z,sampled x1,0,
nyhrox,nyhrox,(all chains),,1,28,28,2026-09-10T16:00:00.000Z,0.00,2026-09-10T16:00:00.000Z,0.00,0,0.00,,,,ready,false,1,too_few_points,,chains_unrebuildable x27,2026-09-10T16:00:00.000Z,sampled x1,0,
poopinyourhands,HONGBING7777777,(all chains),,1,28,28,2026-09-10T16:00:00.000Z,0.00,2026-09-10T16:00:00.000Z,0.00,0,0.00,,,,ready,false,1,too_few_points,,chains_unrebuildable x27,2026-09-10T16:00:00.000Z,sampled x1,1,
poopinyourhands,HONGBING7777777,ethereum,1,2,28,28,2026-09-04T00:00:00.000Z,499.72,2026-09-10T16:00:00.000Z,0.00,7,0.00,,0.125,,ready,false,2,too_few_points,,no_prices x20; (no reason given) x6,2026-09-10T16:00:00.000Z,rebuilt x1; sampled x1,1,
rizzn,Mark Rizzn Hopkins,(all chains),,1,28,28,2026-09-10T16:00:00.000Z,0.00,2026-09-10T16:00:00.000Z,0.00,0,0.00,,,,ready,false,1,too_few_points,,chains_unrebuildable x27,2026-09-10T16:00:00.000Z,sampled x1,2,
rizzn,Mark Rizzn Hopkins,ethereum,1,1,28,28,2026-09-10T16:00:00.000Z,0.00,2026-09-10T16:00:00.000Z,0.00,0,0.00,,1,,ready,false,1,too_few_points,,(no reason given) x20; no_prices x7,2026-09-10T16:00:00.000Z,sampled x1,2,
rizzn,Mark Rizzn Hopkins,bsc,56,0,28,28,,,,,0,,,0,no_prices,ready,false,0,no_prices,no_prices,(no reason given) x23; no_prices x5,2026-09-10T16:00:00.000Z,,2,
rynm1x,rynm,(all chains),,1,28,28,2026-09-10T16:00:00.000Z,0.00,2026-09-10T16:00:00.000Z,0.00,0,0.00,,,,ready,false,1,too_few_points,,chains_unrebuildable x27,2026-09-10T16:00:00.000Z,sampled x1,0,
stormtradez,storm,(all chains),,1,28,28,2026-09-10T16:00:00.000Z,0.00,2026-09-10T16:00:00.000Z,0.00,0,0.00,,,,ready,false,1,too_few_points,,chains_unrebuildable x27,2026-09-10T16:00:00.000Z,sampled x1,0,
TheOldNite,TheOldNite,(all chains),,1,28,28,2026-09-10T16:00:00.000Z,0.00,2026-09-10T16:00:00.000Z,0.00,0,0.00,,,,ready,false,1,too_few_points,,chains_unrebuildable x27,2026-09-10T16:00:00.000Z,sampled x1,0,
ThePumponomics,Pumponomics,(all chains),,1,1,1,2026-09-10T16:00:00.000Z,0.00,2026-09-10T16:00:00.000Z,0.00,0,0.00,,,,warming,false,1,warming,,,2026-09-10T16:00:00.000Z,sampled x1,0,
TurtleTavernTV,Tavern,(all chains),,1,28,28,2026-09-10T16:00:00.000Z,0.00,2026-09-10T16:00:00.000Z,0.00,0,0.00,,,,ready,false,1,too_few_points,,chains_unrebuildable x27,2026-09-10T16:00:00.000Z,sampled x1,2,
TurtleTavernTV,Tavern,bsc,56,4,28,28,2026-08-24T00:00:00.000Z,23.27,2026-09-10T16:00:00.000Z,0.00,18,0.00,,1,,warming,false,4,short_coverage,,(no reason given) x24,2026-09-10T16:00:00.000Z,rebuilt x3; sampled x1,2,
TurtleTavernTV,Tavern,ethereum,1,1,28,28,2026-09-10T16:00:00.000Z,0.00,2026-09-10T16:00:00.000Z,0.00,0,0.00,,0.5,,ready,false,1,too_few_points,,(no reason given) x18; no_prices x9,2026-09-10T16:00:00.000Z,sampled x1,2,
xingxingxing88,吉星,(all chains),,1,28,28,2026-09-10T16:00:00.000Z,0.00,2026-09-10T16:00:00.000Z,0.00,0,0.00,,,,ready,false,1,too_few_points,,chains_unrebuildable x27,2026-09-10T16:00:00.000Z,sampled x1,2,
xingxingxing88,吉星,ethereum,1,8,28,28,2026-08-15T00:00:00.000Z,84.86,2026-09-10T16:00:00.000Z,0.00,27,0.00,,0.75,,warming,false,8,short_coverage,,no_prices x10; (no reason given) x10,2026-09-10T16:00:00.000Z,rebuilt x7; sampled x1,2,
xingxingxing88,吉星,robinhood,4663,16,28,28,2026-08-14T00:00:00.000Z,197.61,2026-09-09T00:00:00.000Z,937.67,26,,,0,no_prices,warming,false,16,short_coverage,no_prices,no_prices x12,2026-09-10T16:00:00.000Z,rebuilt x16,2,
zppeth,zpp.eth,(all chains),,2,28,28,2026-09-02T00:00:00.000Z,724.51,2026-09-10T16:00:00.000Z,0.00,9,0.00,,,,ready,false,2,too_few_points,,chains_unrebuildable x26,2026-09-10T16:00:00.000Z,rebuilt x1; sampled x1,0,
277422149x,荒大宝,(all chains),,0,28,28,,,,,0,,,,,ready,false,0,no_prices,no_prices,chains_unrebuildable x27; no_prices x1,2026-09-10T16:00:00.000Z,,1,
277422149x,荒大宝,ethereum,1,0,28,28,,,,,0,,,0,no_prices,ready,false,0,no_prices,no_prices,(no reason given) x22; no_prices x6,2026-09-10T16:00:00.000Z,,1,
BumpyFancyCoral,BumpyFancyCoral,(all chains),,0,0,0,,,,,0,,,,,warming,false,0,warming,,,,,0,
DriftyBearSkis,DriftyBearSkis,(all chains),,0,0,0,,,,,0,,,,,warming,false,0,warming,,,,,0,
gmgn_0x1ff54f07,,(all chains),,0,28,28,,,,,0,,,,,ready,false,0,no_prices,no_prices,chains_unrebuildable x27; no_prices x1,2026-09-10T16:00:00.000Z,,1,
gmgn_0x1ff54f07,,base,8453,0,28,28,,,,,0,,,0,no_prices,ready,false,0,no_prices,no_prices,(no reason given) x25; no_prices x3,2026-09-10T16:00:00.000Z,,1,
gmgn_0x5a72b7e6,,(all chains),,1,28,28,2026-08-27T00:00:00.000Z,485.57,2026-08-27T00:00:00.000Z,485.57,0,,,,,ready,false,1,no_prices,no_prices,chains_unrebuildable x26; no_prices x1,2026-09-10T16:00:00.000Z,rebuilt x1,1,
gmgn_0x5a72b7e6,,ethereum,1,1,28,28,2026-08-27T00:00:00.000Z,485.57,2026-08-27T00:00:00.000Z,485.57,0,,,0,no_prices,ready,false,1,no_prices,no_prices,(no reason given) x26; no_prices x1,2026-09-10T16:00:00.000Z,rebuilt x1,1,
gmgn_0x67257593,,(all chains),,0,28,28,,,,,0,,,,,ready,false,0,no_prices,no_prices,chains_unrebuildable x27; no_prices x1,2026-09-10T16:00:00.000Z,,1,
gmgn_0x67257593,,ethereum,1,0,28,28,,,,,0,,,0,no_prices,ready,false,0,no_prices,no_prices,(no reason given) x24; no_prices x4,2026-09-10T16:00:00.000Z,,1,
gmgn_0xbd6c91ec,,(all chains),,27,28,28,2026-08-14T00:00:00.000Z,402.79,2026-09-09T00:00:00.000Z,214.37,26,,,,,warming,false,27,short_coverage,no_prices,no_prices x1,2026-09-10T16:00:00.000Z,rebuilt x27,1,
gmgn_0xbd6c91ec,,robinhood,4663,27,28,28,2026-08-14T00:00:00.000Z,402.79,2026-09-09T00:00:00.000Z,214.37,26,,,0,no_prices,warming,false,27,short_coverage,no_prices,no_prices x1,2026-09-10T16:00:00.000Z,rebuilt x27,1,
gmgn_0xef90471f,,(all chains),,1,28,28,2026-09-07T00:00:00.000Z,418.80,2026-09-07T00:00:00.000Z,418.80,0,,,,,ready,false,1,no_prices,no_prices,chains_unrebuildable x26; no_prices x1,2026-09-10T16:00:00.000Z,rebuilt x1,1,
gmgn_0xef90471f,,robinhood,4663,19,28,28,2026-08-14T00:00:00.000Z,176.44,2026-09-09T00:00:00.000Z,1238.38,26,,,0,no_prices,warming,false,19,short_coverage,no_prices,no_prices x9,2026-09-10T16:00:00.000Z,rebuilt x19,1,
lzGB14blWdWV03A,Pirat91,(all chains),,0,28,28,,,,,0,,,,,ready,false,0,no_prices,no_prices,chains_unrebuildable x27; no_prices x1,2026-09-10T16:00:00.000Z,,1,
lzGB14blWdWV03A,Pirat91,ethereum,1,1,28,28,2026-09-08T00:00:00.000Z,1181.76,2026-09-08T00:00:00.000Z,1181.76,0,,,0,no_prices,ready,false,1,no_prices,no_prices,(no reason given) x26; no_prices x1,2026-09-10T16:00:00.000Z,rebuilt x1,1,
matt_willemsen,Matt Willemsen,(all chains),,4,28,28,2026-08-20T00:00:00.000Z,16665.10,2026-09-09T00:00:00.000Z,29184.44,20,,,,,warming,false,4,short_coverage,wallet_unreadable,chains_unrebuildable x23; wallet_unreadable x1,2026-09-10T16:00:00.000Z,rebuilt x4,0,
ohzarke,ozark,(all chains),,2,28,28,2026-09-08T00:00:00.000Z,2839.96,2026-09-09T00:00:00.000Z,3731.38,1,,,,,ready,false,2,no_prices,no_prices,chains_unrebuildable x25; no_prices x1,2026-09-10T16:00:00.000Z,rebuilt x2,2,
ohzarke,ozark,ethereum,1,2,28,28,2026-09-08T00:00:00.000Z,1002.66,2026-09-09T00:00:00.000Z,1002.66,1,,,0,no_prices,ready,false,2,no_prices,no_prices,(no reason given) x25; no_prices x1,2026-09-10T16:00:00.000Z,rebuilt x2,2,
ohzarke,ozark,robinhood,4663,26,28,28,2026-08-14T00:00:00.000Z,6.36,2026-09-09T00:00:00.000Z,2728.72,26,,,0,no_prices,warming,false,26,short_coverage,no_prices,no_prices x2,2026-09-10T16:00:00.000Z,rebuilt x26,2,
Shad0wDev_,Shadowww,(all chains),,1,28,28,2026-09-06T00:00:00.000Z,841.94,2026-09-06T00:00:00.000Z,841.94,0,,,,,ready,false,1,no_prices,no_prices,chains_unrebuildable x26; no_prices x1,2026-09-10T16:00:00.000Z,rebuilt x1,1,
Shad0wDev_,Shadowww,robinhood,4663,14,28,28,2026-08-27T00:00:00.000Z,0.74,2026-09-09T00:00:00.000Z,328.21,13,,,0,no_prices,warming,false,14,short_coverage,no_prices,no_prices x14,2026-09-10T16:00:00.000Z,rebuilt x14,1,
stigstigstig_,Still in the Game,(all chains),,0,0,0,,,,,0,,,,,warming,false,0,warming,,,,,0,
ZephyrTrading,Zephyr,(all chains),,1,28,28,2026-09-04T00:00:00.000Z,6361.51,2026-09-04T00:00:00.000Z,6361.51,0,,,,,ready,false,1,wallet_unreadable,wallet_unreadable,chains_unrebuildable x26; wallet_unreadable x1,2026-09-10T16:00:00.000Z,rebuilt x1,0,
yeon__ (gmgn),Yeon,(all chains),,,,,,,,,,,,,,,,,,,,,,,not_found
